top - 23:43:06 up 93 days, 11:34,  6 users,  load average: 0.51, 0.27, 0.38
Tasks:   1 total,   0 running,   1 sleeping,   0 stopped,   0 zombie
%Cpu(s):  0.2 us,  0.7 sy,  0.0 ni, 99.1 id,  0.0 wa,  0.0 hi,  0.0 si,  0.0 st
MiB Mem : 128490.0 total,  40296.5 free,   6741.9 used,  81451.6 buff/cache
MiB Swap:   2048.0 total,   1980.0 free,     68.0 used. 119920.7 avail Mem 

    PID USER      PR  NI    VIRT    RES    SHR S  %CPU  %MEM     TIME+ COMMAND
1363575 23mUeno   20   0    5768   3964   2372 S  20.0   0.0   0:14.57 afl-fuzz

top - 23:43:11 up 93 days, 11:34,  6 users,  load average: 0.55, 0.28, 0.39
Tasks:   1 total,   0 running,   1 sleeping,   0 stopped,   0 zombie
%Cpu(s):  0.3 us,  0.5 sy,  0.0 ni, 99.2 id,  0.0 wa,  0.0 hi,  0.0 si,  0.0 st
MiB Mem : 128490.0 total,  40296.3 free,   6742.1 used,  81451.6 buff/cache
MiB Swap:   2048.0 total,   1980.0 free,     68.0 used. 119920.5 avail Mem 

    PID USER      PR  NI    VIRT    RES    SHR S  %CPU  %MEM     TIME+ COMMAND
1363575 23mUeno   20   0    5768   3964   2372 S  18.4   0.0   0:15.49 afl-fuzz

top - 23:43:16 up 93 days, 11:34,  6 users,  load average: 0.59, 0.29, 0.39
Tasks:   1 total,   0 running,   1 sleeping,   0 stopped,   0 zombie
%Cpu(s):  0.2 us,  0.6 sy,  0.0 ni, 99.2 id,  0.0 wa,  0.0 hi,  0.0 si,  0.0 st
MiB Mem : 128490.0 total,  40296.1 free,   6742.3 used,  81451.6 buff/cache
MiB Swap:   2048.0 total,   1980.0 free,     68.0 used. 119920.3 avail Mem 

    PID USER      PR  NI    VIRT    RES    SHR S  %CPU  %MEM     TIME+ COMMAND
1363575 23mUeno   20   0    5804   3976   2372 D  19.0   0.0   0:16.44 afl-fuzz

top - 23:43:21 up 93 days, 11:34,  6 users,  load average: 0.70, 0.32, 0.40
Tasks:   1 total,   0 running,   1 sleeping,   0 stopped,   0 zombie
%Cpu(s):  0.3 us,  0.6 sy,  0.0 ni, 99.1 id,  0.0 wa,  0.0 hi,  0.0 si,  0.0 st
MiB Mem : 128490.0 total,  40295.8 free,   6742.5 used,  81451.7 buff/cache
MiB Swap:   2048.0 total,   1980.0 free,     68.0 used. 119920.1 avail Mem 

    PID USER      PR  NI    VIRT    RES    SHR S  %CPU  %MEM     TIME+ COMMAND
1363575 23mUeno   20   0    5768   3992   2372 S  21.0   0.0   0:17.49 afl-fuzz

top - 23:43:26 up 93 days, 11:34,  6 users,  load average: 0.64, 0.31, 0.40
Tasks:   1 total,   0 running,   1 sleeping,   0 stopped,   0 zombie
%Cpu(s):  0.2 us,  0.6 sy,  0.0 ni, 99.2 id,  0.0 wa,  0.0 hi,  0.0 si,  0.0 st
MiB Mem : 128490.0 total,  40295.8 free,   6742.5 used,  81451.7 buff/cache
MiB Swap:   2048.0 total,   1980.0 free,     68.0 used. 119920.1 avail Mem 

    PID USER      PR  NI    VIRT    RES    SHR S  %CPU  %MEM     TIME+ COMMAND
1363575 23mUeno   20   0    5768   4004   2372 S  19.0   0.0   0:18.44 afl-fuzz

top - 23:43:31 up 93 days, 11:34,  6 users,  load average: 0.83, 0.36, 0.41
Tasks:   1 total,   0 running,   1 sleeping,   0 stopped,   0 zombie
%Cpu(s):  0.2 us,  0.6 sy,  0.0 ni, 99.2 id,  0.0 wa,  0.0 hi,  0.0 si,  0.0 st
MiB Mem : 128490.0 total,  40295.8 free,   6742.5 used,  81451.7 buff/cache
MiB Swap:   2048.0 total,   1980.0 free,     68.0 used. 119920.1 avail Mem 

    PID USER      PR  NI    VIRT    RES    SHR S  %CPU  %MEM     TIME+ COMMAND
1363575 23mUeno   20   0    5768   4012   2372 S  19.8   0.0   0:19.43 afl-fuzz

top - 23:43:36 up 93 days, 11:34,  6 users,  load average: 0.93, 0.39, 0.42
Tasks:   1 total,   0 running,   1 sleeping,   0 stopped,   0 zombie
%Cpu(s):  0.2 us,  0.5 sy,  0.0 ni, 99.3 id,  0.0 wa,  0.0 hi,  0.0 si,  0.0 st
MiB Mem : 128490.0 total,  40295.8 free,   6742.5 used,  81451.7 buff/cache
MiB Swap:   2048.0 total,   1980.0 free,     68.0 used. 119920.1 avail Mem 

    PID USER      PR  NI    VIRT    RES    SHR S  %CPU  %MEM     TIME+ COMMAND
1363575 23mUeno   20   0    5768   4016   2372 S  16.6   0.0   0:20.26 afl-fuzz

top - 23:43:41 up 93 days, 11:34,  6 users,  load average: 0.85, 0.38, 0.42
Tasks:   1 total,   0 running,   1 sleeping,   0 stopped,   0 zombie
%Cpu(s):  0.2 us,  0.5 sy,  0.0 ni, 99.2 id,  0.0 wa,  0.0 hi,  0.0 si,  0.0 st
MiB Mem : 128490.0 total,  40295.8 free,   6742.4 used,  81451.7 buff/cache
MiB Swap:   2048.0 total,   1980.0 free,     68.0 used. 119920.1 avail Mem 

    PID USER      PR  NI    VIRT    RES    SHR S  %CPU  %MEM     TIME+ COMMAND
1363575 23mUeno   20   0    5768   4028   2372 S  18.0   0.0   0:21.16 afl-fuzz

top - 23:43:46 up 93 days, 11:34,  6 users,  load average: 0.78, 0.37, 0.41
Tasks:   1 total,   0 running,   1 sleeping,   0 stopped,   0 zombie
%Cpu(s):  0.2 us,  0.5 sy,  0.0 ni, 99.3 id,  0.0 wa,  0.0 hi,  0.0 si,  0.0 st
MiB Mem : 128490.0 total,  40295.6 free,   6742.7 used,  81451.8 buff/cache
MiB Swap:   2048.0 total,   1980.0 free,     68.0 used. 119919.9 avail Mem 

    PID USER      PR  NI    VIRT    RES    SHR S  %CPU  %MEM     TIME+ COMMAND
1363575 23mUeno   20   0    5768   4028   2372 S  16.8   0.0   0:22.00 afl-fuzz

top - 23:43:51 up 93 days, 11:34,  6 users,  load average: 0.80, 0.38, 0.42
Tasks:   1 total,   0 running,   1 sleeping,   0 stopped,   0 zombie
%Cpu(s):  0.2 us,  0.5 sy,  0.0 ni, 99.3 id,  0.0 wa,  0.0 hi,  0.0 si,  0.0 st
MiB Mem : 128490.0 total,  40295.6 free,   6742.6 used,  81451.8 buff/cache
MiB Swap:   2048.0 total,   1980.0 free,     68.0 used. 119919.9 avail Mem 

    PID USER      PR  NI    VIRT    RES    SHR S  %CPU  %MEM     TIME+ COMMAND
1363575 23mUeno   20   0    5768   4040   2372 S  15.8   0.0   0:22.79 afl-fuzz

top - 23:43:56 up 93 days, 11:35,  6 users,  load average: 0.82, 0.39, 0.42
Tasks:   1 total,   0 running,   1 sleeping,   0 stopped,   0 zombie
%Cpu(s):  0.2 us,  0.5 sy,  0.0 ni, 99.3 id,  0.0 wa,  0.0 hi,  0.0 si,  0.0 st
MiB Mem : 128490.0 total,  40295.6 free,   6742.6 used,  81451.9 buff/cache
MiB Swap:   2048.0 total,   1980.0 free,     68.0 used. 119920.0 avail Mem 

    PID USER      PR  NI    VIRT    RES    SHR S  %CPU  %MEM     TIME+ COMMAND
1363575 23mUeno   20   0    5768   4044   2372 S  16.8   0.0   0:23.63 afl-fuzz

top - 23:44:01 up 93 days, 11:35,  6 users,  load average: 0.99, 0.44, 0.43
Tasks:   1 total,   0 running,   1 sleeping,   0 stopped,   0 zombie
%Cpu(s):  0.2 us,  0.5 sy,  0.0 ni, 99.2 id,  0.0 wa,  0.0 hi,  0.0 si,  0.0 st
MiB Mem : 128490.0 total,  40295.6 free,   6742.6 used,  81451.9 buff/cache
MiB Swap:   2048.0 total,   1980.0 free,     68.0 used. 119920.0 avail Mem 

    PID USER      PR  NI    VIRT    RES    SHR S  %CPU  %MEM     TIME+ COMMAND
1363575 23mUeno   20   0    5892   4052   2372 S  18.0   0.0   0:24.53 afl-fuzz

top - 23:44:06 up 93 days, 11:35,  6 users,  load average: 0.91, 0.43, 0.43
Tasks:   1 total,   1 running,   0 sleeping,   0 stopped,   0 zombie
%Cpu(s):  0.2 us,  0.5 sy,  0.0 ni, 99.3 id,  0.0 wa,  0.0 hi,  0.0 si,  0.0 st
MiB Mem : 128490.0 total,  40295.4 free,   6742.8 used,  81451.9 buff/cache
MiB Swap:   2048.0 total,   1980.0 free,     68.0 used. 119919.8 avail Mem 

    PID USER      PR  NI    VIRT    RES    SHR S  %CPU  %MEM     TIME+ COMMAND
1363575 23mUeno   20   0    5892   4068   2372 R  16.2   0.0   0:25.34 afl-fuzz

top - 23:44:11 up 93 days, 11:35,  6 users,  load average: 0.84, 0.42, 0.43
Tasks:   1 total,   0 running,   1 sleeping,   0 stopped,   0 zombie
%Cpu(s):  0.2 us,  0.5 sy,  0.0 ni, 99.2 id,  0.0 wa,  0.0 hi,  0.0 si,  0.0 st
MiB Mem : 128490.0 total,  40295.4 free,   6742.8 used,  81451.9 buff/cache
MiB Swap:   2048.0 total,   1980.0 free,     68.0 used. 119919.8 avail Mem 

    PID USER      PR  NI    VIRT    RES    SHR S  %CPU  %MEM     TIME+ COMMAND
1363575 23mUeno   20   0    5892   4068   2372 S  17.8   0.0   0:26.23 afl-fuzz

top - 23:44:16 up 93 days, 11:35,  6 users,  load average: 0.77, 0.42, 0.43
Tasks:   1 total,   0 running,   1 sleeping,   0 stopped,   0 zombie
%Cpu(s):  0.2 us,  0.5 sy,  0.0 ni, 99.3 id,  0.0 wa,  0.0 hi,  0.0 si,  0.0 st
MiB Mem : 128490.0 total,  40295.4 free,   6742.8 used,  81451.9 buff/cache
MiB Swap:   2048.0 total,   1980.0 free,     68.0 used. 119919.8 avail Mem 

    PID USER      PR  NI    VIRT    RES    SHR S  %CPU  %MEM     TIME+ COMMAND
1363575 23mUeno   20   0    5892   4068   2372 S  17.4   0.0   0:27.10 afl-fuzz

top - 23:44:21 up 93 days, 11:35,  6 users,  load average: 0.95, 0.46, 0.44
Tasks:   1 total,   0 running,   1 sleeping,   0 stopped,   0 zombie
%Cpu(s):  0.3 us,  0.5 sy,  0.0 ni, 99.2 id,  0.0 wa,  0.0 hi,  0.0 si,  0.0 st
MiB Mem : 128490.0 total,  40294.9 free,   6743.2 used,  81451.9 buff/cache
MiB Swap:   2048.0 total,   1980.0 free,     68.0 used. 119919.4 avail Mem 

    PID USER      PR  NI    VIRT    RES    SHR S  %CPU  %MEM     TIME+ COMMAND
1363575 23mUeno   20   0    5928   4080   2372 D  17.4   0.0   0:27.97 afl-fuzz

top - 23:44:26 up 93 days, 11:35,  6 users,  load average: 0.87, 0.45, 0.44
Tasks:   1 total,   0 running,   1 sleeping,   0 stopped,   0 zombie
%Cpu(s):  0.3 us,  0.6 sy,  0.0 ni, 99.1 id,  0.0 wa,  0.0 hi,  0.0 si,  0.0 st
MiB Mem : 128490.0 total,  40295.2 free,   6742.8 used,  81452.0 buff/cache
MiB Swap:   2048.0 total,   1980.0 free,     68.0 used. 119919.7 avail Mem 

    PID USER      PR  NI    VIRT    RES    SHR S  %CPU  %MEM     TIME+ COMMAND
1363575 23mUeno   20   0    5892   4080   2372 S  20.4   0.0   0:28.99 afl-fuzz

top - 23:44:31 up 93 days, 11:35,  6 users,  load average: 1.05, 0.49, 0.45
Tasks:   1 total,   0 running,   1 sleeping,   0 stopped,   0 zombie
%Cpu(s):  0.3 us,  0.5 sy,  0.0 ni, 99.3 id,  0.0 wa,  0.0 hi,  0.0 si,  0.0 st
MiB Mem : 128490.0 total,  40295.2 free,   6742.8 used,  81452.0 buff/cache
MiB Swap:   2048.0 total,   1980.0 free,     68.0 used. 119919.7 avail Mem 

    PID USER      PR  NI    VIRT    RES    SHR S  %CPU  %MEM     TIME+ COMMAND
1363575 23mUeno   20   0    5892   4080   2372 S  17.2   0.0   0:29.85 afl-fuzz

top - 23:44:36 up 93 days, 11:35,  6 users,  load average: 0.96, 0.49, 0.45
Tasks:   1 total,   1 running,   0 sleeping,   0 stopped,   0 zombie
%Cpu(s):  0.3 us,  0.6 sy,  0.0 ni, 99.1 id,  0.0 wa,  0.0 hi,  0.0 si,  0.0 st
MiB Mem : 128490.0 total,  40295.2 free,   6742.8 used,  81452.0 buff/cache
MiB Swap:   2048.0 total,   1980.0 free,     68.0 used. 119919.8 avail Mem 

    PID USER      PR  NI    VIRT    RES    SHR S  %CPU  %MEM     TIME+ COMMAND
1363575 23mUeno   20   0    5892   4092   2372 R  19.8   0.0   0:30.84 afl-fuzz

top - 23:44:41 up 93 days, 11:35,  6 users,  load average: 0.88, 0.48, 0.45
Tasks:   1 total,   0 running,   1 sleeping,   0 stopped,   0 zombie
%Cpu(s):  0.2 us,  0.5 sy,  0.0 ni, 99.2 id,  0.0 wa,  0.0 hi,  0.0 si,  0.0 st
MiB Mem : 128490.0 total,  40295.2 free,   6742.8 used,  81452.0 buff/cache
MiB Swap:   2048.0 total,   1980.0 free,     68.0 used. 119919.8 avail Mem 

    PID USER      PR  NI    VIRT    RES    SHR S  %CPU  %MEM     TIME+ COMMAND
1363575 23mUeno   20   0    5892   4148   2372 S  18.0   0.0   0:31.74 afl-fuzz

top - 23:44:46 up 93 days, 11:35,  6 users,  load average: 0.81, 0.47, 0.45
Tasks:   1 total,   0 running,   1 sleeping,   0 stopped,   0 zombie
%Cpu(s):  0.3 us,  0.6 sy,  0.0 ni, 99.1 id,  0.0 wa,  0.0 hi,  0.0 si,  0.0 st
MiB Mem : 128490.0 total,  40295.2 free,   6742.8 used,  81452.0 buff/cache
MiB Swap:   2048.0 total,   1980.0 free,     68.0 used. 119919.8 avail Mem 

    PID USER      PR  NI    VIRT    RES    SHR S  %CPU  %MEM     TIME+ COMMAND
1363575 23mUeno   20   0    5892   4148   2372 S  22.2   0.0   0:32.85 afl-fuzz

top - 23:44:51 up 93 days, 11:35,  6 users,  load average: 0.75, 0.46, 0.44
Tasks:   1 total,   0 running,   1 sleeping,   0 stopped,   0 zombie
%Cpu(s):  0.3 us,  0.6 sy,  0.0 ni, 99.1 id,  0.0 wa,  0.0 hi,  0.0 si,  0.0 st
MiB Mem : 128490.0 total,  40295.2 free,   6742.8 used,  81452.1 buff/cache
MiB Swap:   2048.0 total,   1980.0 free,     68.0 used. 119919.8 avail Mem 

    PID USER      PR  NI    VIRT    RES    SHR S  %CPU  %MEM     TIME+ COMMAND
1363575 23mUeno   20   0    5892   4148   2372 S  20.6   0.0   0:33.88 afl-fuzz

top - 23:44:56 up 93 days, 11:36,  6 users,  load average: 0.85, 0.49, 0.45
Tasks:   1 total,   1 running,   0 sleeping,   0 stopped,   0 zombie
%Cpu(s):  0.2 us,  0.6 sy,  0.0 ni, 99.2 id,  0.0 wa,  0.0 hi,  0.0 si,  0.0 st
MiB Mem : 128490.0 total,  40295.2 free,   6742.7 used,  81452.1 buff/cache
MiB Swap:   2048.0 total,   1980.0 free,     68.0 used. 119919.9 avail Mem 

    PID USER      PR  NI    VIRT    RES    SHR S  %CPU  %MEM     TIME+ COMMAND
1363575 23mUeno   20   0    5892   4148   2372 R  18.4   0.0   0:34.80 afl-fuzz

top - 23:45:01 up 93 days, 11:36,  6 users,  load average: 0.86, 0.50, 0.46
Tasks:   1 total,   0 running,   1 sleeping,   0 stopped,   0 zombie
%Cpu(s):  0.2 us,  0.6 sy,  0.0 ni, 99.2 id,  0.0 wa,  0.0 hi,  0.0 si,  0.0 st
MiB Mem : 128490.0 total,  40295.2 free,   6742.7 used,  81452.2 buff/cache
MiB Swap:   2048.0 total,   1980.0 free,     68.0 used. 119919.9 avail Mem 

    PID USER      PR  NI    VIRT    RES    SHR S  %CPU  %MEM     TIME+ COMMAND
1363575 23mUeno   20   0    5892   4160   2372 S  19.0   0.0   0:35.75 afl-fuzz

top - 23:45:06 up 93 days, 11:36,  6 users,  load average: 0.95, 0.52, 0.46
Tasks:   1 total,   1 running,   0 sleeping,   0 stopped,   0 zombie
%Cpu(s):  0.3 us,  0.5 sy,  0.0 ni, 99.2 id,  0.0 wa,  0.0 hi,  0.0 si,  0.0 st
MiB Mem : 128490.0 total,  40295.2 free,   6742.6 used,  81452.2 buff/cache
MiB Swap:   2048.0 total,   1980.0 free,     68.0 used. 119919.9 avail Mem 

    PID USER      PR  NI    VIRT    RES    SHR S  %CPU  %MEM     TIME+ COMMAND
1363575 23mUeno   20   0    5892   4172   2372 R  18.2   0.0   0:36.66 afl-fuzz

top - 23:45:11 up 93 days, 11:36,  6 users,  load average: 0.87, 0.51, 0.46
Tasks:   1 total,   0 running,   1 sleeping,   0 stopped,   0 zombie
%Cpu(s):  0.2 us,  0.4 sy,  0.0 ni, 99.3 id,  0.0 wa,  0.0 hi,  0.0 si,  0.0 st
MiB Mem : 128490.0 total,  40294.7 free,   6743.1 used,  81452.2 buff/cache
MiB Swap:   2048.0 total,   1980.0 free,     68.0 used. 119919.5 avail Mem 

    PID USER      PR  NI    VIRT    RES    SHR S  %CPU  %MEM     TIME+ COMMAND
1363575 23mUeno   20   0    6020   4200   2372 S  15.0   0.0   0:37.41 afl-fuzz

top - 23:45:16 up 93 days, 11:36,  6 users,  load average: 0.80, 0.50, 0.46
Tasks:   1 total,   1 running,   0 sleeping,   0 stopped,   0 zombie
%Cpu(s):  0.2 us,  0.4 sy,  0.0 ni, 99.3 id,  0.0 wa,  0.0 hi,  0.0 si,  0.0 st
MiB Mem : 128490.0 total,  40294.7 free,   6743.0 used,  81452.2 buff/cache
MiB Swap:   2048.0 total,   1980.0 free,     68.0 used. 119919.5 avail Mem 

    PID USER      PR  NI    VIRT    RES    SHR S  %CPU  %MEM     TIME+ COMMAND
1363575 23mUeno   20   0    6020   4204   2372 R  14.8   0.0   0:38.15 afl-fuzz

top - 23:45:21 up 93 days, 11:36,  6 users,  load average: 0.74, 0.50, 0.46
Tasks:   1 total,   0 running,   1 sleeping,   0 stopped,   0 zombie
%Cpu(s):  0.3 us,  0.4 sy,  0.0 ni, 99.3 id,  0.0 wa,  0.0 hi,  0.0 si,  0.0 st
MiB Mem : 128490.0 total,  40294.7 free,   6743.0 used,  81452.3 buff/cache
MiB Swap:   2048.0 total,   1980.0 free,     68.0 used. 119919.6 avail Mem 

    PID USER      PR  NI    VIRT    RES    SHR S  %CPU  %MEM     TIME+ COMMAND
1363575 23mUeno   20   0    6020   4212   2372 S  16.6   0.0   0:38.98 afl-fuzz

top - 23:45:26 up 93 days, 11:36,  6 users,  load average: 0.84, 0.52, 0.46
Tasks:   1 total,   0 running,   1 sleeping,   0 stopped,   0 zombie
%Cpu(s):  0.3 us,  0.6 sy,  0.0 ni, 99.1 id,  0.0 wa,  0.0 hi,  0.0 si,  0.0 st
MiB Mem : 128490.0 total,  40294.7 free,   6742.9 used,  81452.4 buff/cache
MiB Swap:   2048.0 total,   1980.0 free,     68.0 used. 119919.6 avail Mem 

    PID USER      PR  NI    VIRT    RES    SHR S  %CPU  %MEM     TIME+ COMMAND
1363575 23mUeno   20   0    6020   4232   2372 S  20.0   0.0   0:39.98 afl-fuzz

top - 23:45:31 up 93 days, 11:36,  6 users,  load average: 0.77, 0.51, 0.46
Tasks:   1 total,   0 running,   1 sleeping,   0 stopped,   0 zombie
%Cpu(s):  0.2 us,  0.5 sy,  0.0 ni, 99.2 id,  0.0 wa,  0.0 hi,  0.0 si,  0.0 st
MiB Mem : 128490.0 total,  40294.7 free,   6742.9 used,  81452.4 buff/cache
MiB Swap:   2048.0 total,   1980.0 free,     68.0 used. 119919.6 avail Mem 

    PID USER      PR  NI    VIRT    RES    SHR S  %CPU  %MEM     TIME+ COMMAND
1363575 23mUeno   20   0    6020   4232   2372 S  17.2   0.0   0:40.84 afl-fuzz

top - 23:45:36 up 93 days, 11:36,  6 users,  load average: 0.79, 0.52, 0.46
Tasks:   1 total,   0 running,   1 sleeping,   0 stopped,   0 zombie
%Cpu(s):  0.3 us,  0.6 sy,  0.0 ni, 99.1 id,  0.0 wa,  0.0 hi,  0.0 si,  0.0 st
MiB Mem : 128490.0 total,  40294.7 free,   6742.9 used,  81452.4 buff/cache
MiB Swap:   2048.0 total,   1980.0 free,     68.0 used. 119919.7 avail Mem 

    PID USER      PR  NI    VIRT    RES    SHR S  %CPU  %MEM     TIME+ COMMAND
1363575 23mUeno   20   0    6020   4232   2372 S  20.0   0.0   0:41.84 afl-fuzz

top - 23:45:41 up 93 days, 11:36,  6 users,  load average: 0.81, 0.53, 0.47
Tasks:   1 total,   0 running,   1 sleeping,   0 stopped,   0 zombie
%Cpu(s):  0.3 us,  0.5 sy,  0.0 ni, 99.2 id,  0.0 wa,  0.0 hi,  0.0 si,  0.0 st
MiB Mem : 128490.0 total,  40294.5 free,   6743.1 used,  81452.4 buff/cache
MiB Swap:   2048.0 total,   1980.0 free,     68.0 used. 119919.5 avail Mem 

    PID USER      PR  NI    VIRT    RES    SHR S  %CPU  %MEM     TIME+ COMMAND
1363575 23mUeno   20   0    6020   4252   2372 S  19.8   0.0   0:42.83 afl-fuzz

top - 23:45:46 up 93 days, 11:36,  6 users,  load average: 0.74, 0.52, 0.46
Tasks:   1 total,   1 running,   0 sleeping,   0 stopped,   0 zombie
%Cpu(s):  0.3 us,  0.5 sy,  0.0 ni, 99.2 id,  0.0 wa,  0.0 hi,  0.0 si,  0.0 st
MiB Mem : 128490.0 total,  40294.5 free,   6743.1 used,  81452.4 buff/cache
MiB Swap:   2048.0 total,   1980.0 free,     68.0 used. 119919.5 avail Mem 

    PID USER      PR  NI    VIRT    RES    SHR S  %CPU  %MEM     TIME+ COMMAND
1363575 23mUeno   20   0    6020   4252   2372 R  18.6   0.0   0:43.76 afl-fuzz

top - 23:45:51 up 93 days, 11:36,  6 users,  load average: 0.68, 0.51, 0.46
Tasks:   1 total,   0 running,   1 sleeping,   0 stopped,   0 zombie
%Cpu(s):  0.3 us,  0.5 sy,  0.0 ni, 99.2 id,  0.0 wa,  0.0 hi,  0.0 si,  0.0 st
MiB Mem : 128490.0 total,  40294.5 free,   6743.1 used,  81452.4 buff/cache
MiB Swap:   2048.0 total,   1980.0 free,     68.0 used. 119919.5 avail Mem 

    PID USER      PR  NI    VIRT    RES    SHR S  %CPU  %MEM     TIME+ COMMAND
1363575 23mUeno   20   0    6020   4252   2372 S  18.6   0.0   0:44.69 afl-fuzz

top - 23:45:56 up 93 days, 11:37,  6 users,  load average: 0.71, 0.52, 0.46
Tasks:   1 total,   0 running,   1 sleeping,   0 stopped,   0 zombie
%Cpu(s):  0.3 us,  0.5 sy,  0.0 ni, 99.2 id,  0.0 wa,  0.0 hi,  0.0 si,  0.0 st
MiB Mem : 128490.0 total,  40294.2 free,   6743.3 used,  81452.4 buff/cache
MiB Swap:   2048.0 total,   1980.0 free,     68.0 used. 119919.2 avail Mem 

    PID USER      PR  NI    VIRT    RES    SHR S  %CPU  %MEM     TIME+ COMMAND
1363575 23mUeno   20   0    6100   4320   2372 S  17.8   0.0   0:45.58 afl-fuzz

top - 23:46:01 up 93 days, 11:37,  6 users,  load average: 0.65, 0.51, 0.46
Tasks:   1 total,   0 running,   1 sleeping,   0 stopped,   0 zombie
%Cpu(s):  0.2 us,  0.5 sy,  0.0 ni, 99.3 id,  0.0 wa,  0.0 hi,  0.0 si,  0.0 st
MiB Mem : 128490.0 total,  40294.2 free,   6743.3 used,  81452.5 buff/cache
MiB Swap:   2048.0 total,   1980.0 free,     68.0 used. 119919.3 avail Mem 

    PID USER      PR  NI    VIRT    RES    SHR S  %CPU  %MEM     TIME+ COMMAND
1363575 23mUeno   20   0    6100   4320   2372 S  17.6   0.0   0:46.46 afl-fuzz

top - 23:46:06 up 93 days, 11:37,  6 users,  load average: 0.60, 0.50, 0.46
Tasks:   1 total,   1 running,   0 sleeping,   0 stopped,   0 zombie
%Cpu(s):  0.2 us,  0.6 sy,  0.0 ni, 99.2 id,  0.0 wa,  0.0 hi,  0.0 si,  0.0 st
MiB Mem : 128490.0 total,  40294.0 free,   6743.5 used,  81452.5 buff/cache
MiB Swap:   2048.0 total,   1980.0 free,     68.0 used. 119919.1 avail Mem 

    PID USER      PR  NI    VIRT    RES    SHR S  %CPU  %MEM     TIME+ COMMAND
1363575 23mUeno   20   0    6100   4320   2372 R  18.6   0.0   0:47.39 afl-fuzz

top - 23:46:11 up 93 days, 11:37,  6 users,  load average: 0.63, 0.51, 0.46
Tasks:   1 total,   0 running,   1 sleeping,   0 stopped,   0 zombie
%Cpu(s):  0.2 us,  0.4 sy,  0.0 ni, 99.3 id,  0.0 wa,  0.0 hi,  0.0 si,  0.0 st
MiB Mem : 128490.0 total,  40294.0 free,   6743.5 used,  81452.5 buff/cache
MiB Swap:   2048.0 total,   1980.0 free,     68.0 used. 119919.1 avail Mem 

    PID USER      PR  NI    VIRT    RES    SHR S  %CPU  %MEM     TIME+ COMMAND
1363575 23mUeno   20   0    6136   4340   2372 D  14.2   0.0   0:48.10 afl-fuzz

top - 23:46:16 up 93 days, 11:37,  6 users,  load average: 0.58, 0.50, 0.46
Tasks:   1 total,   0 running,   1 sleeping,   0 stopped,   0 zombie
%Cpu(s):  0.2 us,  0.4 sy,  0.0 ni, 99.4 id,  0.0 wa,  0.0 hi,  0.0 si,  0.0 st
MiB Mem : 128490.0 total,  40294.0 free,   6743.4 used,  81452.5 buff/cache
MiB Swap:   2048.0 total,   1980.0 free,     68.0 used. 119919.1 avail Mem 

    PID USER      PR  NI    VIRT    RES    SHR S  %CPU  %MEM     TIME+ COMMAND
1363575 23mUeno   20   0    6100   4340   2372 S  13.2   0.0   0:48.76 afl-fuzz

top - 23:46:21 up 93 days, 11:37,  6 users,  load average: 0.53, 0.49, 0.45
Tasks:   1 total,   1 running,   0 sleeping,   0 stopped,   0 zombie
%Cpu(s):  0.2 us,  0.3 sy,  0.0 ni, 99.5 id,  0.0 wa,  0.0 hi,  0.0 si,  0.0 st
MiB Mem : 128490.0 total,  40293.6 free,   6743.8 used,  81452.7 buff/cache
MiB Swap:   2048.0 total,   1980.0 free,     68.0 used. 119918.8 avail Mem 

    PID USER      PR  NI    VIRT    RES    SHR S  %CPU  %MEM     TIME+ COMMAND
1363575 23mUeno   20   0    6100   4344   2372 R   9.4   0.0   0:49.23 afl-fuzz

top - 23:46:26 up 93 days, 11:37,  6 users,  load average: 0.57, 0.50, 0.46
Tasks:   1 total,   0 running,   1 sleeping,   0 stopped,   0 zombie
%Cpu(s):  0.2 us,  0.3 sy,  0.0 ni, 99.4 id,  0.0 wa,  0.0 hi,  0.0 si,  0.0 st
MiB Mem : 128490.0 total,  40293.3 free,   6744.0 used,  81452.7 buff/cache
MiB Swap:   2048.0 total,   1980.0 free,     68.0 used. 119918.6 avail Mem 

    PID USER      PR  NI    VIRT    RES    SHR S  %CPU  %MEM     TIME+ COMMAND
1363575 23mUeno   20   0    6100   4356   2372 S  11.6   0.0   0:49.81 afl-fuzz

top - 23:46:31 up 93 days, 11:37,  6 users,  load average: 0.53, 0.49, 0.45
Tasks:   1 total,   1 running,   0 sleeping,   0 stopped,   0 zombie
%Cpu(s):  0.2 us,  0.4 sy,  0.0 ni, 99.4 id,  0.0 wa,  0.0 hi,  0.0 si,  0.0 st
MiB Mem : 128490.0 total,  40293.3 free,   6744.0 used,  81452.7 buff/cache
MiB Swap:   2048.0 total,   1980.0 free,     68.0 used. 119918.6 avail Mem 

    PID USER      PR  NI    VIRT    RES    SHR S  %CPU  %MEM     TIME+ COMMAND
1363575 23mUeno   20   0    6100   4360   2372 R  13.8   0.0   0:50.50 afl-fuzz

top - 23:46:36 up 93 days, 11:37,  6 users,  load average: 0.80, 0.55, 0.47
Tasks:   1 total,   0 running,   1 sleeping,   0 stopped,   0 zombie
%Cpu(s):  0.3 us,  0.5 sy,  0.0 ni, 99.2 id,  0.0 wa,  0.0 hi,  0.0 si,  0.0 st
MiB Mem : 128490.0 total,  40293.3 free,   6744.0 used,  81452.7 buff/cache
MiB Swap:   2048.0 total,   1980.0 free,     68.0 used. 119918.6 avail Mem 

    PID USER      PR  NI    VIRT    RES    SHR S  %CPU  %MEM     TIME+ COMMAND
1363575 23mUeno   20   0    6204   4396   2372 S  17.6   0.0   0:51.38 afl-fuzz

top - 23:46:41 up 93 days, 11:37,  6 users,  load average: 0.74, 0.54, 0.47
Tasks:   1 total,   0 running,   1 sleeping,   0 stopped,   0 zombie
%Cpu(s):  0.3 us,  0.4 sy,  0.0 ni, 99.3 id,  0.0 wa,  0.0 hi,  0.0 si,  0.0 st
MiB Mem : 128490.0 total,  40293.3 free,   6744.0 used,  81452.7 buff/cache
MiB Swap:   2048.0 total,   1980.0 free,     68.0 used. 119918.6 avail Mem 

    PID USER      PR  NI    VIRT    RES    SHR S  %CPU  %MEM     TIME+ COMMAND
1363575 23mUeno   20   0    6240   4396   2372 D  14.6   0.0   0:52.11 afl-fuzz

top - 23:46:46 up 93 days, 11:37,  6 users,  load average: 0.76, 0.55, 0.47
Tasks:   1 total,   0 running,   1 sleeping,   0 stopped,   0 zombie
%Cpu(s):  0.3 us,  0.4 sy,  0.0 ni, 99.3 id,  0.0 wa,  0.0 hi,  0.0 si,  0.0 st
MiB Mem : 128490.0 total,  40293.3 free,   6744.0 used,  81452.7 buff/cache
MiB Swap:   2048.0 total,   1980.0 free,     68.0 used. 119918.6 avail Mem 

    PID USER      PR  NI    VIRT    RES    SHR S  %CPU  %MEM     TIME+ COMMAND
1363575 23mUeno   20   0    6224   4504   2372 S  15.6   0.0   0:52.89 afl-fuzz

top - 23:46:51 up 93 days, 11:37,  6 users,  load average: 0.70, 0.54, 0.47
Tasks:   1 total,   0 running,   1 sleeping,   0 stopped,   0 zombie
%Cpu(s):  0.2 us,  0.4 sy,  0.0 ni, 99.4 id,  0.0 wa,  0.0 hi,  0.0 si,  0.0 st
MiB Mem : 128490.0 total,  40293.1 free,   6744.1 used,  81452.8 buff/cache
MiB Swap:   2048.0 total,   1980.0 free,     68.0 used. 119918.4 avail Mem 

    PID USER      PR  NI    VIRT    RES    SHR S  %CPU  %MEM     TIME+ COMMAND
1363575 23mUeno   20   0    6224   4504   2372 S  11.6   0.0   0:53.47 afl-fuzz

top - 23:46:56 up 93 days, 11:38,  6 users,  load average: 0.80, 0.56, 0.48
Tasks:   1 total,   0 running,   1 sleeping,   0 stopped,   0 zombie
%Cpu(s):  0.3 us,  0.4 sy,  0.0 ni, 99.3 id,  0.0 wa,  0.0 hi,  0.0 si,  0.0 st
MiB Mem : 128490.0 total,  40292.8 free,   6744.3 used,  81452.8 buff/cache
MiB Swap:   2048.0 total,   1980.0 free,     68.0 used. 119918.2 avail Mem 

    PID USER      PR  NI    VIRT    RES    SHR S  %CPU  %MEM     TIME+ COMMAND
1363575 23mUeno   20   0    6224   4504   2372 S  11.2   0.0   0:54.03 afl-fuzz

top - 23:47:01 up 93 days, 11:38,  6 users,  load average: 0.74, 0.55, 0.48
Tasks:   1 total,   0 running,   1 sleeping,   0 stopped,   0 zombie
%Cpu(s):  0.2 us,  0.4 sy,  0.0 ni, 99.3 id,  0.0 wa,  0.0 hi,  0.0 si,  0.0 st
MiB Mem : 128490.0 total,  40292.8 free,   6744.3 used,  81452.9 buff/cache
MiB Swap:   2048.0 total,   1980.0 free,     68.0 used. 119918.3 avail Mem 

    PID USER      PR  NI    VIRT    RES    SHR S  %CPU  %MEM     TIME+ COMMAND
1363575 23mUeno   20   0    6224   4504   2372 S  10.8   0.0   0:54.57 afl-fuzz

top - 23:47:06 up 93 days, 11:38,  6 users,  load average: 0.68, 0.55, 0.47
Tasks:   1 total,   0 running,   1 sleeping,   0 stopped,   0 zombie
%Cpu(s):  0.2 us,  0.3 sy,  0.0 ni, 99.5 id,  0.0 wa,  0.0 hi,  0.0 si,  0.0 st
MiB Mem : 128490.0 total,  40292.8 free,   6744.2 used,  81452.9 buff/cache
MiB Swap:   2048.0 total,   1980.0 free,     68.0 used. 119918.4 avail Mem 

    PID USER      PR  NI    VIRT    RES    SHR S  %CPU  %MEM     TIME+ COMMAND
1363575 23mUeno   20   0    6224   4504   2372 S   7.4   0.0   0:54.94 afl-fuzz

top - 23:47:11 up 93 days, 11:38,  6 users,  load average: 0.71, 0.55, 0.48
Tasks:   1 total,   0 running,   1 sleeping,   0 stopped,   0 zombie
%Cpu(s):  0.2 us,  0.4 sy,  0.0 ni, 99.4 id,  0.0 wa,  0.0 hi,  0.0 si,  0.0 st
MiB Mem : 128490.0 total,  40292.6 free,   6744.4 used,  81453.0 buff/cache
MiB Swap:   2048.0 total,   1980.0 free,     68.0 used. 119918.2 avail Mem 

    PID USER      PR  NI    VIRT    RES    SHR S  %CPU  %MEM     TIME+ COMMAND
1363575 23mUeno   20   0    6224   4504   2372 S  10.0   0.0   0:55.44 afl-fuzz

top - 23:47:16 up 93 days, 11:38,  6 users,  load average: 0.81, 0.58, 0.48
Tasks:   1 total,   0 running,   1 sleeping,   0 stopped,   0 zombie
%Cpu(s):  0.2 us,  0.4 sy,  0.0 ni, 99.3 id,  0.0 wa,  0.0 hi,  0.0 si,  0.0 st
MiB Mem : 128490.0 total,  40292.6 free,   6744.4 used,  81453.0 buff/cache
MiB Swap:   2048.0 total,   1980.0 free,     68.0 used. 119918.2 avail Mem 

    PID USER      PR  NI    VIRT    RES    SHR S  %CPU  %MEM     TIME+ COMMAND
1363575 23mUeno   20   0    6224   4504   2372 S  11.2   0.0   0:56.00 afl-fuzz

top - 23:47:21 up 93 days, 11:38,  6 users,  load average: 0.75, 0.57, 0.48
Tasks:   1 total,   0 running,   1 sleeping,   0 stopped,   0 zombie
%Cpu(s):  0.2 us,  0.5 sy,  0.0 ni, 99.2 id,  0.0 wa,  0.0 hi,  0.0 si,  0.0 st
MiB Mem : 128490.0 total,  40292.4 free,   6744.6 used,  81453.0 buff/cache
MiB Swap:   2048.0 total,   1980.0 free,     68.0 used. 119918.0 avail Mem 

    PID USER      PR  NI    VIRT    RES    SHR S  %CPU  %MEM     TIME+ COMMAND
1363575 23mUeno   20   0    6224   4504   2372 S  13.6   0.0   0:56.68 afl-fuzz

top - 23:47:26 up 93 days, 11:38,  6 users,  load average: 0.69, 0.56, 0.48
Tasks:   1 total,   0 running,   1 sleeping,   0 stopped,   0 zombie
%Cpu(s):  0.2 us,  0.3 sy,  0.0 ni, 99.4 id,  0.0 wa,  0.0 hi,  0.0 si,  0.0 st
MiB Mem : 128490.0 total,  40292.4 free,   6744.5 used,  81453.1 buff/cache
MiB Swap:   2048.0 total,   1980.0 free,     68.0 used. 119918.1 avail Mem 

    PID USER      PR  NI    VIRT    RES    SHR S  %CPU  %MEM     TIME+ COMMAND
1363575 23mUeno   20   0    6360   4556   2372 S   8.8   0.0   0:57.12 afl-fuzz

top - 23:47:31 up 93 days, 11:38,  6 users,  load average: 0.71, 0.57, 0.48
Tasks:   1 total,   0 running,   1 sleeping,   0 stopped,   0 zombie
%Cpu(s):  0.2 us,  0.4 sy,  0.0 ni, 99.4 id,  0.0 wa,  0.0 hi,  0.0 si,  0.0 st
MiB Mem : 128490.0 total,  40292.2 free,   6744.7 used,  81453.1 buff/cache
MiB Swap:   2048.0 total,   1980.0 free,     68.0 used. 119917.9 avail Mem 

    PID USER      PR  NI    VIRT    RES    SHR S  %CPU  %MEM     TIME+ COMMAND
1363575 23mUeno   20   0    6360   4560   2372 S   9.4   0.0   0:57.59 afl-fuzz

top - 23:47:36 up 93 days, 11:38,  6 users,  load average: 0.73, 0.57, 0.48
Tasks:   1 total,   0 running,   1 sleeping,   0 stopped,   0 zombie
%Cpu(s):  0.3 us,  0.4 sy,  0.0 ni, 99.3 id,  0.0 wa,  0.0 hi,  0.0 si,  0.0 st
MiB Mem : 128490.0 total,  40292.2 free,   6744.7 used,  81453.1 buff/cache
MiB Swap:   2048.0 total,   1980.0 free,     68.0 used. 119917.9 avail Mem 

    PID USER      PR  NI    VIRT    RES    SHR S  %CPU  %MEM     TIME+ COMMAND
1363575 23mUeno   20   0    6360   4560   2372 S  11.2   0.0   0:58.15 afl-fuzz

top - 23:47:41 up 93 days, 11:38,  6 users,  load average: 0.68, 0.56, 0.48
Tasks:   1 total,   0 running,   1 sleeping,   0 stopped,   0 zombie
%Cpu(s):  0.3 us,  0.5 sy,  0.0 ni, 99.2 id,  0.0 wa,  0.0 hi,  0.0 si,  0.0 st
MiB Mem : 128490.0 total,  40292.2 free,   6744.7 used,  81453.1 buff/cache
MiB Swap:   2048.0 total,   1980.0 free,     68.0 used. 119917.9 avail Mem 

    PID USER      PR  NI    VIRT    RES    SHR S  %CPU  %MEM     TIME+ COMMAND
1363575 23mUeno   20   0    6360   4560   2372 S  13.0   0.0   0:58.80 afl-fuzz

top - 23:47:46 up 93 days, 11:38,  6 users,  load average: 0.62, 0.55, 0.48
Tasks:   1 total,   0 running,   1 sleeping,   0 stopped,   0 zombie
%Cpu(s):  0.2 us,  0.3 sy,  0.0 ni, 99.6 id,  0.0 wa,  0.0 hi,  0.0 si,  0.0 st
MiB Mem : 128490.0 total,  40292.2 free,   6744.6 used,  81453.2 buff/cache
MiB Swap:   2048.0 total,   1980.0 free,     68.0 used. 119918.0 avail Mem 

    PID USER      PR  NI    VIRT    RES    SHR S  %CPU  %MEM     TIME+ COMMAND
1363575 23mUeno   20   0    6360   4576   2372 S   5.4   0.0   0:59.07 afl-fuzz

top - 23:47:51 up 93 days, 11:38,  6 users,  load average: 0.57, 0.54, 0.48
Tasks:   1 total,   0 running,   1 sleeping,   0 stopped,   0 zombie
%Cpu(s):  0.3 us,  0.5 sy,  0.0 ni, 99.3 id,  0.0 wa,  0.0 hi,  0.0 si,  0.0 st
MiB Mem : 128490.0 total,  40292.3 free,   6744.5 used,  81453.2 buff/cache
MiB Swap:   2048.0 total,   1980.0 free,     68.0 used. 119918.0 avail Mem 

    PID USER      PR  NI    VIRT    RES    SHR S  %CPU  %MEM     TIME+ COMMAND
1363575 23mUeno   20   0    6360   4624   2372 S  13.0   0.0   0:59.72 afl-fuzz

top - 23:47:56 up 93 days, 11:39,  6 users,  load average: 0.53, 0.54, 0.47
Tasks:   1 total,   0 running,   1 sleeping,   0 stopped,   0 zombie
%Cpu(s):  0.3 us,  0.5 sy,  0.0 ni, 99.3 id,  0.0 wa,  0.0 hi,  0.0 si,  0.0 st
MiB Mem : 128490.0 total,  40292.3 free,   6744.5 used,  81453.2 buff/cache
MiB Swap:   2048.0 total,   1980.0 free,     68.0 used. 119918.1 avail Mem 

    PID USER      PR  NI    VIRT    RES    SHR S  %CPU  %MEM     TIME+ COMMAND
1363575 23mUeno   20   0    6360   4624   2372 S  12.2   0.0   1:00.33 afl-fuzz

top - 23:48:01 up 93 days, 11:39,  6 users,  load average: 0.56, 0.54, 0.48
Tasks:   1 total,   0 running,   1 sleeping,   0 stopped,   0 zombie
%Cpu(s):  0.3 us,  0.4 sy,  0.0 ni, 99.3 id,  0.0 wa,  0.0 hi,  0.0 si,  0.0 st
MiB Mem : 128490.0 total,  40292.3 free,   6744.5 used,  81453.2 buff/cache
MiB Swap:   2048.0 total,   1980.0 free,     68.0 used. 119918.1 avail Mem 

    PID USER      PR  NI    VIRT    RES    SHR S  %CPU  %MEM     TIME+ COMMAND
1363575 23mUeno   20   0    6360   4624   2372 S  10.8   0.0   1:00.87 afl-fuzz

top - 23:48:06 up 93 days, 11:39,  6 users,  load average: 0.52, 0.53, 0.47
Tasks:   1 total,   0 running,   1 sleeping,   0 stopped,   0 zombie
%Cpu(s):  0.2 us,  0.3 sy,  0.0 ni, 99.5 id,  0.0 wa,  0.0 hi,  0.0 si,  0.0 st
MiB Mem : 128490.0 total,  40292.3 free,   6744.5 used,  81453.3 buff/cache
MiB Swap:   2048.0 total,   1980.0 free,     68.0 used. 119918.1 avail Mem 

    PID USER      PR  NI    VIRT    RES    SHR S  %CPU  %MEM     TIME+ COMMAND
1363575 23mUeno   20   0    6360   4624   2372 S   8.0   0.0   1:01.27 afl-fuzz

top - 23:48:11 up 93 days, 11:39,  6 users,  load average: 0.48, 0.52, 0.47
Tasks:   1 total,   0 running,   1 sleeping,   0 stopped,   0 zombie
%Cpu(s):  0.2 us,  0.2 sy,  0.0 ni, 99.5 id,  0.0 wa,  0.0 hi,  0.0 si,  0.0 st
MiB Mem : 128490.0 total,  40292.0 free,   6744.7 used,  81453.3 buff/cache
MiB Swap:   2048.0 total,   1980.0 free,     68.0 used. 119917.9 avail Mem 

    PID USER      PR  NI    VIRT    RES    SHR S  %CPU  %MEM     TIME+ COMMAND
1363575 23mUeno   20   0    6360   4636   2372 S   5.8   0.0   1:01.56 afl-fuzz

top - 23:48:16 up 93 days, 11:39,  6 users,  load average: 0.44, 0.52, 0.47
Tasks:   1 total,   1 running,   0 sleeping,   0 stopped,   0 zombie
%Cpu(s):  0.2 us,  0.3 sy,  0.0 ni, 99.5 id,  0.0 wa,  0.0 hi,  0.0 si,  0.0 st
MiB Mem : 128490.0 total,  40292.0 free,   6744.6 used,  81453.4 buff/cache
MiB Swap:   2048.0 total,   1980.0 free,     68.0 used. 119917.9 avail Mem 

    PID USER      PR  NI    VIRT    RES    SHR S  %CPU  %MEM     TIME+ COMMAND
1363575 23mUeno   20   0    6492   4668   2372 R   7.6   0.0   1:01.94 afl-fuzz

top - 23:48:21 up 93 days, 11:39,  6 users,  load average: 0.40, 0.51, 0.46
Tasks:   1 total,   0 running,   1 sleeping,   0 stopped,   0 zombie
%Cpu(s):  0.2 us,  0.4 sy,  0.0 ni, 99.3 id,  0.0 wa,  0.0 hi,  0.0 si,  0.0 st
MiB Mem : 128490.0 total,  40292.0 free,   6744.6 used,  81453.4 buff/cache
MiB Swap:   2048.0 total,   1980.0 free,     68.0 used. 119918.0 avail Mem 

    PID USER      PR  NI    VIRT    RES    SHR S  %CPU  %MEM     TIME+ COMMAND
1363575 23mUeno   20   0    6492   4668   2372 S  12.0   0.0   1:02.54 afl-fuzz

top - 23:48:26 up 93 days, 11:39,  6 users,  load average: 0.37, 0.50, 0.46
Tasks:   1 total,   1 running,   0 sleeping,   0 stopped,   0 zombie
%Cpu(s):  0.2 us,  0.5 sy,  0.0 ni, 99.2 id,  0.0 wa,  0.0 hi,  0.0 si,  0.0 st
MiB Mem : 128490.0 total,  40292.0 free,   6744.5 used,  81453.5 buff/cache
MiB Swap:   2048.0 total,   1980.0 free,     68.0 used. 119918.0 avail Mem 

    PID USER      PR  NI    VIRT    RES    SHR S  %CPU  %MEM     TIME+ COMMAND
1363575 23mUeno   20   0    6492   4684   2372 R  18.4   0.0   1:03.46 afl-fuzz

top - 23:48:31 up 93 days, 11:39,  6 users,  load average: 0.34, 0.49, 0.46
Tasks:   1 total,   0 running,   1 sleeping,   0 stopped,   0 zombie
%Cpu(s):  0.2 us,  0.5 sy,  0.0 ni, 99.3 id,  0.0 wa,  0.0 hi,  0.0 si,  0.0 st
MiB Mem : 128490.0 total,  40291.6 free,   6744.9 used,  81453.5 buff/cache
MiB Swap:   2048.0 total,   1980.0 free,     68.0 used. 119917.7 avail Mem 

    PID USER      PR  NI    VIRT    RES    SHR S  %CPU  %MEM     TIME+ COMMAND
1363575 23mUeno   20   0    6492   4708   2372 S  16.2   0.0   1:04.27 afl-fuzz

top - 23:48:36 up 93 days, 11:39,  6 users,  load average: 0.31, 0.48, 0.46
Tasks:   1 total,   0 running,   1 sleeping,   0 stopped,   0 zombie
%Cpu(s):  0.2 us,  0.2 sy,  0.0 ni, 99.5 id,  0.0 wa,  0.0 hi,  0.0 si,  0.0 st
MiB Mem : 128490.0 total,  40291.6 free,   6744.9 used,  81453.5 buff/cache
MiB Swap:   2048.0 total,   1980.0 free,     68.0 used. 119917.7 avail Mem 

    PID USER      PR  NI    VIRT    RES    SHR S  %CPU  %MEM     TIME+ COMMAND
1363575 23mUeno   20   0    6492   4720   2372 S   6.6   0.0   1:04.60 afl-fuzz

top - 23:48:41 up 93 days, 11:39,  6 users,  load average: 0.29, 0.47, 0.45
Tasks:   1 total,   0 running,   1 sleeping,   0 stopped,   0 zombie
%Cpu(s):  0.2 us,  0.4 sy,  0.0 ni, 99.4 id,  0.0 wa,  0.0 hi,  0.0 si,  0.0 st
MiB Mem : 128490.0 total,  40291.6 free,   6744.9 used,  81453.6 buff/cache
MiB Swap:   2048.0 total,   1980.0 free,     68.0 used. 119917.7 avail Mem 

    PID USER      PR  NI    VIRT    RES    SHR S  %CPU  %MEM     TIME+ COMMAND
1363575 23mUeno   20   0    6492   4740   2372 S  11.8   0.0   1:05.19 afl-fuzz

top - 23:48:46 up 93 days, 11:39,  6 users,  load average: 0.26, 0.46, 0.45
Tasks:   1 total,   0 running,   1 sleeping,   0 stopped,   0 zombie
%Cpu(s):  0.3 us,  0.3 sy,  0.0 ni, 99.4 id,  0.0 wa,  0.0 hi,  0.0 si,  0.0 st
MiB Mem : 128490.0 total,  40291.6 free,   6744.8 used,  81453.6 buff/cache
MiB Swap:   2048.0 total,   1980.0 free,     68.0 used. 119917.8 avail Mem 

    PID USER      PR  NI    VIRT    RES    SHR S  %CPU  %MEM     TIME+ COMMAND
1363575 23mUeno   20   0    6492   4764   2372 S   8.2   0.0   1:05.60 afl-fuzz

top - 23:48:51 up 93 days, 11:39,  6 users,  load average: 0.32, 0.47, 0.45
Tasks:   1 total,   0 running,   1 sleeping,   0 stopped,   0 zombie
%Cpu(s):  0.2 us,  0.3 sy,  0.0 ni, 99.5 id,  0.0 wa,  0.0 hi,  0.0 si,  0.0 st
MiB Mem : 128490.0 total,  40291.6 free,   6744.8 used,  81453.6 buff/cache
MiB Swap:   2048.0 total,   1980.0 free,     68.0 used. 119917.8 avail Mem 

    PID USER      PR  NI    VIRT    RES    SHR S  %CPU  %MEM     TIME+ COMMAND
1363575 23mUeno   20   0    6528   4768   2372 D   8.4   0.0   1:06.02 afl-fuzz

top - 23:48:56 up 93 days, 11:40,  6 users,  load average: 0.30, 0.47, 0.45
Tasks:   1 total,   0 running,   1 sleeping,   0 stopped,   0 zombie
%Cpu(s):  0.2 us,  0.3 sy,  0.0 ni, 99.5 id,  0.0 wa,  0.0 hi,  0.0 si,  0.0 st
MiB Mem : 128490.0 total,  40291.3 free,   6745.0 used,  81453.6 buff/cache
MiB Swap:   2048.0 total,   1980.0 free,     68.0 used. 119917.5 avail Mem 

    PID USER      PR  NI    VIRT    RES    SHR S  %CPU  %MEM     TIME+ COMMAND
1363575 23mUeno   20   0    6492   4764   2372 S   7.6   0.0   1:06.40 afl-fuzz

top - 23:49:01 up 93 days, 11:40,  6 users,  load average: 0.27, 0.46, 0.45
Tasks:   1 total,   0 running,   1 sleeping,   0 stopped,   0 zombie
%Cpu(s):  0.2 us,  0.3 sy,  0.0 ni, 99.4 id,  0.0 wa,  0.0 hi,  0.0 si,  0.0 st
MiB Mem : 128490.0 total,  40291.3 free,   6745.0 used,  81453.6 buff/cache
MiB Swap:   2048.0 total,   1980.0 free,     68.0 used. 119917.5 avail Mem 

    PID USER      PR  NI    VIRT    RES    SHR S  %CPU  %MEM     TIME+ COMMAND
1363575 23mUeno   20   0    6492   4764   2372 S   9.4   0.0   1:06.87 afl-fuzz

top - 23:49:06 up 93 days, 11:40,  6 users,  load average: 0.25, 0.45, 0.45
Tasks:   1 total,   0 running,   1 sleeping,   0 stopped,   0 zombie
%Cpu(s):  0.2 us,  0.3 sy,  0.0 ni, 99.5 id,  0.0 wa,  0.0 hi,  0.0 si,  0.0 st
MiB Mem : 128490.0 total,  40291.3 free,   6745.0 used,  81453.6 buff/cache
MiB Swap:   2048.0 total,   1980.0 free,     68.0 used. 119917.5 avail Mem 

    PID USER      PR  NI    VIRT    RES    SHR S  %CPU  %MEM     TIME+ COMMAND
1363575 23mUeno   20   0    6492   4772   2372 S   8.0   0.0   1:07.27 afl-fuzz

top - 23:49:11 up 93 days, 11:40,  6 users,  load average: 0.23, 0.44, 0.44
Tasks:   1 total,   0 running,   1 sleeping,   0 stopped,   0 zombie
%Cpu(s):  0.2 us,  0.4 sy,  0.0 ni, 99.4 id,  0.0 wa,  0.0 hi,  0.0 si,  0.0 st
MiB Mem : 128490.0 total,  40291.3 free,   6745.0 used,  81453.6 buff/cache
MiB Swap:   2048.0 total,   1980.0 free,     68.0 used. 119917.6 avail Mem 

    PID USER      PR  NI    VIRT    RES    SHR S  %CPU  %MEM     TIME+ COMMAND
1363575 23mUeno   20   0    6492   4772   2372 S  11.8   0.0   1:07.86 afl-fuzz

top - 23:49:16 up 93 days, 11:40,  6 users,  load average: 0.21, 0.43, 0.44
Tasks:   1 total,   0 running,   1 sleeping,   0 stopped,   0 zombie
%Cpu(s):  0.2 us,  0.3 sy,  0.0 ni, 99.5 id,  0.0 wa,  0.0 hi,  0.0 si,  0.0 st
MiB Mem : 128490.0 total,  40291.3 free,   6745.0 used,  81453.6 buff/cache
MiB Swap:   2048.0 total,   1980.0 free,     68.0 used. 119917.6 avail Mem 

    PID USER      PR  NI    VIRT    RES    SHR S  %CPU  %MEM     TIME+ COMMAND
1363575 23mUeno   20   0    6628   4788   2372 S   9.2   0.0   1:08.32 afl-fuzz

top - 23:49:21 up 93 days, 11:40,  6 users,  load average: 0.28, 0.44, 0.44
Tasks:   1 total,   0 running,   1 sleeping,   0 stopped,   0 zombie
%Cpu(s):  0.3 us,  0.7 sy,  0.0 ni, 99.0 id,  0.0 wa,  0.0 hi,  0.0 si,  0.0 st
MiB Mem : 128490.0 total,  40291.1 free,   6745.2 used,  81453.7 buff/cache
MiB Swap:   2048.0 total,   1980.0 free,     68.0 used. 119917.4 avail Mem 

    PID USER      PR  NI    VIRT    RES    SHR S  %CPU  %MEM     TIME+ COMMAND
1363575 23mUeno   20   0    6628   4788   2372 S  25.6   0.0   1:09.60 afl-fuzz

top - 23:49:26 up 93 days, 11:40,  6 users,  load average: 0.33, 0.45, 0.45
Tasks:   1 total,   0 running,   1 sleeping,   0 stopped,   0 zombie
%Cpu(s):  0.2 us,  0.4 sy,  0.0 ni, 99.4 id,  0.0 wa,  0.0 hi,  0.0 si,  0.0 st
MiB Mem : 128490.0 total,  40290.9 free,   6745.4 used,  81453.7 buff/cache
MiB Swap:   2048.0 total,   1980.0 free,     68.0 used. 119917.2 avail Mem 

    PID USER      PR  NI    VIRT    RES    SHR S  %CPU  %MEM     TIME+ COMMAND
1363575 23mUeno   20   0    6628   4788   2372 S  10.4   0.0   1:10.12 afl-fuzz

top - 23:49:31 up 93 days, 11:40,  6 users,  load average: 0.31, 0.45, 0.45
Tasks:   1 total,   1 running,   0 sleeping,   0 stopped,   0 zombie
%Cpu(s):  0.2 us,  0.4 sy,  0.0 ni, 99.4 id,  0.0 wa,  0.0 hi,  0.0 si,  0.0 st
MiB Mem : 128490.0 total,  40290.9 free,   6745.4 used,  81453.7 buff/cache
MiB Swap:   2048.0 total,   1980.0 free,     68.0 used. 119917.2 avail Mem 

    PID USER      PR  NI    VIRT    RES    SHR S  %CPU  %MEM     TIME+ COMMAND
1363575 23mUeno   20   0    6628   4788   2372 R  11.0   0.0   1:10.67 afl-fuzz

top - 23:49:36 up 93 days, 11:40,  6 users,  load average: 0.28, 0.44, 0.44
Tasks:   1 total,   0 running,   1 sleeping,   0 stopped,   0 zombie
%Cpu(s):  0.2 us,  0.4 sy,  0.0 ni, 99.4 id,  0.0 wa,  0.0 hi,  0.0 si,  0.0 st
MiB Mem : 128490.0 total,  40291.0 free,   6745.3 used,  81453.7 buff/cache
MiB Swap:   2048.0 total,   1980.0 free,     68.0 used. 119917.2 avail Mem 

    PID USER      PR  NI    VIRT    RES    SHR S  %CPU  %MEM     TIME+ COMMAND
1363575 23mUeno   20   0    6628   4884   2372 S  11.2   0.0   1:11.23 afl-fuzz

top - 23:49:41 up 93 days, 11:40,  6 users,  load average: 0.26, 0.43, 0.44
Tasks:   1 total,   0 running,   1 sleeping,   0 stopped,   0 zombie
%Cpu(s):  0.3 us,  0.4 sy,  0.0 ni, 99.4 id,  0.0 wa,  0.0 hi,  0.0 si,  0.0 st
MiB Mem : 128490.0 total,  40290.8 free,   6745.5 used,  81453.8 buff/cache
MiB Swap:   2048.0 total,   1980.0 free,     68.0 used. 119917.1 avail Mem 

    PID USER      PR  NI    VIRT    RES    SHR S  %CPU  %MEM     TIME+ COMMAND
1363575 23mUeno   20   0    6628   4884   2372 S  12.2   0.0   1:11.84 afl-fuzz

top - 23:49:46 up 93 days, 11:40,  6 users,  load average: 0.24, 0.42, 0.44
Tasks:   1 total,   0 running,   1 sleeping,   0 stopped,   0 zombie
%Cpu(s):  0.2 us,  0.4 sy,  0.0 ni, 99.4 id,  0.0 wa,  0.0 hi,  0.0 si,  0.0 st
MiB Mem : 128490.0 total,  40290.8 free,   6745.4 used,  81453.8 buff/cache
MiB Swap:   2048.0 total,   1980.0 free,     68.0 used. 119917.1 avail Mem 

    PID USER      PR  NI    VIRT    RES    SHR S  %CPU  %MEM     TIME+ COMMAND
1363575 23mUeno   20   0    6628   4884   2372 S  10.8   0.0   1:12.38 afl-fuzz

top - 23:49:51 up 93 days, 11:40,  6 users,  load average: 0.30, 0.43, 0.44
Tasks:   1 total,   0 running,   1 sleeping,   0 stopped,   0 zombie
%Cpu(s):  0.2 us,  0.4 sy,  0.0 ni, 99.5 id,  0.0 wa,  0.0 hi,  0.0 si,  0.0 st
MiB Mem : 128490.0 total,  40290.8 free,   6745.4 used,  81453.8 buff/cache
MiB Swap:   2048.0 total,   1980.0 free,     68.0 used. 119917.1 avail Mem 

    PID USER      PR  NI    VIRT    RES    SHR S  %CPU  %MEM     TIME+ COMMAND
1363575 23mUeno   20   0    6628   4884   2372 S  10.0   0.0   1:12.88 afl-fuzz

top - 23:49:56 up 93 days, 11:41,  6 users,  load average: 0.36, 0.44, 0.45
Tasks:   1 total,   0 running,   1 sleeping,   0 stopped,   0 zombie
%Cpu(s):  0.2 us,  0.3 sy,  0.0 ni, 99.5 id,  0.0 wa,  0.0 hi,  0.0 si,  0.0 st
MiB Mem : 128490.0 total,  40290.8 free,   6745.4 used,  81453.8 buff/cache
MiB Swap:   2048.0 total,   1980.0 free,     68.0 used. 119917.2 avail Mem 

    PID USER      PR  NI    VIRT    RES    SHR S  %CPU  %MEM     TIME+ COMMAND
1363575 23mUeno   20   0    6628   4884   2372 S   7.4   0.0   1:13.25 afl-fuzz

top - 23:50:01 up 93 days, 11:41,  6 users,  load average: 0.41, 0.45, 0.45
Tasks:   1 total,   0 running,   1 sleeping,   0 stopped,   0 zombie
%Cpu(s):  0.2 us,  0.3 sy,  0.0 ni, 99.4 id,  0.0 wa,  0.0 hi,  0.0 si,  0.0 st
MiB Mem : 128490.0 total,  40290.8 free,   6745.4 used,  81453.8 buff/cache
MiB Swap:   2048.0 total,   1980.0 free,     68.0 used. 119917.2 avail Mem 

    PID USER      PR  NI    VIRT    RES    SHR S  %CPU  %MEM     TIME+ COMMAND
1363575 23mUeno   20   0    6628   4884   2372 S  11.0   0.0   1:13.80 afl-fuzz

top - 23:50:06 up 93 days, 11:41,  6 users,  load average: 0.37, 0.44, 0.45
Tasks:   1 total,   0 running,   1 sleeping,   0 stopped,   0 zombie
%Cpu(s):  0.2 us,  0.3 sy,  0.0 ni, 99.5 id,  0.0 wa,  0.0 hi,  0.0 si,  0.0 st
MiB Mem : 128490.0 total,  40290.8 free,   6745.4 used,  81453.8 buff/cache
MiB Swap:   2048.0 total,   1980.0 free,     68.0 used. 119917.2 avail Mem 

    PID USER      PR  NI    VIRT    RES    SHR S  %CPU  %MEM     TIME+ COMMAND
1363575 23mUeno   20   0    6628   4884   2372 S   9.4   0.0   1:14.27 afl-fuzz

top - 23:50:11 up 93 days, 11:41,  6 users,  load average: 0.34, 0.44, 0.44
Tasks:   1 total,   1 running,   0 sleeping,   0 stopped,   0 zombie
%Cpu(s):  0.2 us,  0.3 sy,  0.0 ni, 99.5 id,  0.0 wa,  0.0 hi,  0.0 si,  0.0 st
MiB Mem : 128490.0 total,  40290.8 free,   6745.4 used,  81453.8 buff/cache
MiB Swap:   2048.0 total,   1980.0 free,     68.0 used. 119917.2 avail Mem 

    PID USER      PR  NI    VIRT    RES    SHR S  %CPU  %MEM     TIME+ COMMAND
1363575 23mUeno   20   0    6628   4884   2372 R   8.2   0.0   1:14.68 afl-fuzz

top - 23:50:16 up 93 days, 11:41,  6 users,  load average: 0.32, 0.43, 0.44
Tasks:   1 total,   0 running,   1 sleeping,   0 stopped,   0 zombie
%Cpu(s):  0.2 us,  0.3 sy,  0.0 ni, 99.5 id,  0.0 wa,  0.0 hi,  0.0 si,  0.0 st
MiB Mem : 128490.0 total,  40290.8 free,   6745.4 used,  81453.8 buff/cache
MiB Swap:   2048.0 total,   1980.0 free,     68.0 used. 119917.2 avail Mem 

    PID USER      PR  NI    VIRT    RES    SHR S  %CPU  %MEM     TIME+ COMMAND
1363575 23mUeno   20   0    6628   4884   2372 S  10.4   0.0   1:15.20 afl-fuzz

top - 23:50:21 up 93 days, 11:41,  6 users,  load average: 0.29, 0.42, 0.44
Tasks:   1 total,   0 running,   1 sleeping,   0 stopped,   0 zombie
%Cpu(s):  0.2 us,  0.3 sy,  0.0 ni, 99.5 id,  0.0 wa,  0.0 hi,  0.0 si,  0.0 st
MiB Mem : 128490.0 total,  40291.1 free,   6745.1 used,  81453.8 buff/cache
MiB Swap:   2048.0 total,   1980.0 free,     68.0 used. 119917.5 avail Mem 

    PID USER      PR  NI    VIRT    RES    SHR S  %CPU  %MEM     TIME+ COMMAND
1363575 23mUeno   20   0    6628   4884   2372 S   8.4   0.0   1:15.62 afl-fuzz

top - 23:50:26 up 93 days, 11:41,  6 users,  load average: 0.35, 0.43, 0.44
Tasks:   1 total,   0 running,   1 sleeping,   0 stopped,   0 zombie
%Cpu(s):  0.2 us,  0.4 sy,  0.0 ni, 99.4 id,  0.0 wa,  0.0 hi,  0.0 si,  0.0 st
MiB Mem : 128490.0 total,  40291.1 free,   6745.1 used,  81453.8 buff/cache
MiB Swap:   2048.0 total,   1980.0 free,     68.0 used. 119917.5 avail Mem 

    PID USER      PR  NI    VIRT    RES    SHR S  %CPU  %MEM     TIME+ COMMAND
1363575 23mUeno   20   0    6628   4884   2372 S  12.4   0.0   1:16.24 afl-fuzz

top - 23:50:31 up 93 days, 11:41,  6 users,  load average: 0.32, 0.42, 0.44
Tasks:   1 total,   0 running,   1 sleeping,   0 stopped,   0 zombie
%Cpu(s):  0.2 us,  0.4 sy,  0.0 ni, 99.5 id,  0.0 wa,  0.0 hi,  0.0 si,  0.0 st
MiB Mem : 128490.0 total,  40291.1 free,   6745.1 used,  81453.8 buff/cache
MiB Swap:   2048.0 total,   1980.0 free,     68.0 used. 119917.5 avail Mem 

    PID USER      PR  NI    VIRT    RES    SHR S  %CPU  %MEM     TIME+ COMMAND
1363575 23mUeno   20   0    6628   4884   2372 S  10.0   0.0   1:16.74 afl-fuzz

top - 23:50:36 up 93 days, 11:41,  6 users,  load average: 0.29, 0.42, 0.44
Tasks:   1 total,   0 running,   1 sleeping,   0 stopped,   0 zombie
%Cpu(s):  0.2 us,  0.3 sy,  0.0 ni, 99.5 id,  0.0 wa,  0.0 hi,  0.0 si,  0.0 st
MiB Mem : 128490.0 total,  40291.1 free,   6745.1 used,  81453.8 buff/cache
MiB Swap:   2048.0 total,   1980.0 free,     68.0 used. 119917.5 avail Mem 

    PID USER      PR  NI    VIRT    RES    SHR S  %CPU  %MEM     TIME+ COMMAND
1363575 23mUeno   20   0    6628   4884   2372 S  10.2   0.0   1:17.25 afl-fuzz

top - 23:50:41 up 93 days, 11:41,  6 users,  load average: 0.27, 0.41, 0.43
Tasks:   1 total,   0 running,   1 sleeping,   0 stopped,   0 zombie
%Cpu(s):  0.2 us,  0.4 sy,  0.0 ni, 99.4 id,  0.0 wa,  0.0 hi,  0.0 si,  0.0 st
MiB Mem : 128490.0 total,  40291.4 free,   6744.8 used,  81453.8 buff/cache
MiB Swap:   2048.0 total,   1980.0 free,     68.0 used. 119917.8 avail Mem 

    PID USER      PR  NI    VIRT    RES    SHR S  %CPU  %MEM     TIME+ COMMAND
1363575 23mUeno   20   0    6628   4884   2372 S  12.0   0.0   1:17.85 afl-fuzz

top - 23:50:46 up 93 days, 11:41,  6 users,  load average: 0.33, 0.42, 0.44
Tasks:   1 total,   0 running,   1 sleeping,   0 stopped,   0 zombie
%Cpu(s):  0.2 us,  0.4 sy,  0.0 ni, 99.4 id,  0.0 wa,  0.0 hi,  0.0 si,  0.0 st
MiB Mem : 128490.0 total,  40291.4 free,   6744.8 used,  81453.8 buff/cache
MiB Swap:   2048.0 total,   1980.0 free,     68.0 used. 119917.8 avail Mem 

    PID USER      PR  NI    VIRT    RES    SHR S  %CPU  %MEM     TIME+ COMMAND
1363575 23mUeno   20   0    6628   4884   2372 S  12.6   0.0   1:18.48 afl-fuzz

top - 23:50:51 up 93 days, 11:41,  6 users,  load average: 0.30, 0.41, 0.44
Tasks:   1 total,   0 running,   1 sleeping,   0 stopped,   0 zombie
%Cpu(s):  0.2 us,  0.3 sy,  0.0 ni, 99.5 id,  0.0 wa,  0.0 hi,  0.0 si,  0.0 st
MiB Mem : 128490.0 total,  40291.4 free,   6744.8 used,  81453.8 buff/cache
MiB Swap:   2048.0 total,   1980.0 free,     68.0 used. 119917.8 avail Mem 

    PID USER      PR  NI    VIRT    RES    SHR S  %CPU  %MEM     TIME+ COMMAND
1363575 23mUeno   20   0    6628   4884   2372 S   7.4   0.0   1:18.85 afl-fuzz

top - 23:50:56 up 93 days, 11:42,  6 users,  load average: 0.28, 0.41, 0.43
Tasks:   1 total,   0 running,   1 sleeping,   0 stopped,   0 zombie
%Cpu(s):  0.2 us,  0.3 sy,  0.0 ni, 99.5 id,  0.0 wa,  0.0 hi,  0.0 si,  0.0 st
MiB Mem : 128490.0 total,  40291.4 free,   6744.8 used,  81453.8 buff/cache
MiB Swap:   2048.0 total,   1980.0 free,     68.0 used. 119917.8 avail Mem 

    PID USER      PR  NI    VIRT    RES    SHR S  %CPU  %MEM     TIME+ COMMAND
1363575 23mUeno   20   0    6628   4884   2372 S   7.6   0.0   1:19.23 afl-fuzz

top - 23:51:01 up 93 days, 11:42,  6 users,  load average: 0.26, 0.40, 0.43
Tasks:   1 total,   0 running,   1 sleeping,   0 stopped,   0 zombie
%Cpu(s):  0.2 us,  0.3 sy,  0.0 ni, 99.5 id,  0.0 wa,  0.0 hi,  0.0 si,  0.0 st
MiB Mem : 128490.0 total,  40291.4 free,   6744.8 used,  81453.8 buff/cache
MiB Swap:   2048.0 total,   1980.0 free,     68.0 used. 119917.8 avail Mem 

    PID USER      PR  NI    VIRT    RES    SHR S  %CPU  %MEM     TIME+ COMMAND
1363575 23mUeno   20   0    6628   4884   2372 S   9.0   0.0   1:19.68 afl-fuzz

top - 23:51:06 up 93 days, 11:42,  6 users,  load average: 0.23, 0.39, 0.43
Tasks:   1 total,   0 running,   1 sleeping,   0 stopped,   0 zombie
%Cpu(s):  0.2 us,  0.3 sy,  0.0 ni, 99.5 id,  0.0 wa,  0.0 hi,  0.0 si,  0.0 st
MiB Mem : 128490.0 total,  40291.4 free,   6744.8 used,  81453.8 buff/cache
MiB Swap:   2048.0 total,   1980.0 free,     68.0 used. 119917.8 avail Mem 

    PID USER      PR  NI    VIRT    RES    SHR S  %CPU  %MEM     TIME+ COMMAND
1363575 23mUeno   20   0    6628   4884   2372 S   7.6   0.0   1:20.06 afl-fuzz

top - 23:51:11 up 93 days, 11:42,  6 users,  load average: 0.22, 0.38, 0.43
Tasks:   1 total,   0 running,   1 sleeping,   0 stopped,   0 zombie
%Cpu(s):  0.2 us,  0.3 sy,  0.0 ni, 99.5 id,  0.0 wa,  0.0 hi,  0.0 si,  0.0 st
MiB Mem : 128490.0 total,  40291.4 free,   6744.8 used,  81453.8 buff/cache
MiB Swap:   2048.0 total,   1980.0 free,     68.0 used. 119917.8 avail Mem 

    PID USER      PR  NI    VIRT    RES    SHR S  %CPU  %MEM     TIME+ COMMAND
1363575 23mUeno   20   0    6628   4884   2372 S   7.6   0.0   1:20.44 afl-fuzz

top - 23:51:16 up 93 days, 11:42,  6 users,  load average: 0.28, 0.39, 0.43
Tasks:   1 total,   0 running,   1 sleeping,   0 stopped,   0 zombie
%Cpu(s):  0.2 us,  0.2 sy,  0.0 ni, 99.6 id,  0.0 wa,  0.0 hi,  0.0 si,  0.0 st
MiB Mem : 128490.0 total,  40291.4 free,   6744.8 used,  81453.9 buff/cache
MiB Swap:   2048.0 total,   1980.0 free,     68.0 used. 119917.8 avail Mem 

    PID USER      PR  NI    VIRT    RES    SHR S  %CPU  %MEM     TIME+ COMMAND
1363575 23mUeno   20   0    6628   4884   2372 S   6.0   0.0   1:20.74 afl-fuzz

top - 23:51:21 up 93 days, 11:42,  6 users,  load average: 0.50, 0.44, 0.44
Tasks:   1 total,   1 running,   0 sleeping,   0 stopped,   0 zombie
%Cpu(s):  0.2 us,  0.2 sy,  0.0 ni, 99.6 id,  0.0 wa,  0.0 hi,  0.0 si,  0.0 st
MiB Mem : 128490.0 total,  40291.4 free,   6744.7 used,  81453.9 buff/cache
MiB Swap:   2048.0 total,   1980.0 free,     68.0 used. 119917.9 avail Mem 

    PID USER      PR  NI    VIRT    RES    SHR S  %CPU  %MEM     TIME+ COMMAND
1363575 23mUeno   20   0    6628   4884   2372 R   5.8   0.0   1:21.03 afl-fuzz

top - 23:51:26 up 93 days, 11:42,  6 users,  load average: 0.46, 0.43, 0.44
Tasks:   1 total,   0 running,   1 sleeping,   0 stopped,   0 zombie
%Cpu(s):  0.2 us,  0.2 sy,  0.0 ni, 99.6 id,  0.0 wa,  0.0 hi,  0.0 si,  0.0 st
MiB Mem : 128490.0 total,  40291.1 free,   6745.0 used,  81453.9 buff/cache
MiB Swap:   2048.0 total,   1980.0 free,     68.0 used. 119917.6 avail Mem 

    PID USER      PR  NI    VIRT    RES    SHR S  %CPU  %MEM     TIME+ COMMAND
1363575 23mUeno   20   0    6628   4884   2372 S   4.4   0.0   1:21.25 afl-fuzz

top - 23:51:31 up 93 days, 11:42,  6 users,  load average: 0.50, 0.44, 0.44
Tasks:   1 total,   0 running,   1 sleeping,   0 stopped,   0 zombie
%Cpu(s):  0.2 us,  0.2 sy,  0.0 ni, 99.6 id,  0.0 wa,  0.0 hi,  0.0 si,  0.0 st
MiB Mem : 128490.0 total,  40291.1 free,   6745.0 used,  81453.9 buff/cache
MiB Swap:   2048.0 total,   1980.0 free,     68.0 used. 119917.6 avail Mem 

    PID USER      PR  NI    VIRT    RES    SHR S  %CPU  %MEM     TIME+ COMMAND
1363575 23mUeno   20   0    6628   4884   2372 S   4.4   0.0   1:21.47 afl-fuzz

top - 23:51:36 up 93 days, 11:42,  6 users,  load average: 0.46, 0.43, 0.44
Tasks:   1 total,   0 running,   1 sleeping,   0 stopped,   0 zombie
%Cpu(s):  0.2 us,  0.2 sy,  0.0 ni, 99.6 id,  0.0 wa,  0.0 hi,  0.0 si,  0.0 st
MiB Mem : 128490.0 total,  40291.1 free,   6744.9 used,  81453.9 buff/cache
MiB Swap:   2048.0 total,   1980.0 free,     68.0 used. 119917.6 avail Mem 

    PID USER      PR  NI    VIRT    RES    SHR S  %CPU  %MEM     TIME+ COMMAND
1363575 23mUeno   20   0    6628   4884   2372 S   4.8   0.0   1:21.71 afl-fuzz

top - 23:51:41 up 93 days, 11:42,  6 users,  load average: 0.42, 0.43, 0.44
Tasks:   1 total,   0 running,   1 sleeping,   0 stopped,   0 zombie
%Cpu(s):  0.3 us,  0.6 sy,  0.0 ni, 99.1 id,  0.0 wa,  0.0 hi,  0.0 si,  0.0 st
MiB Mem : 128490.0 total,  40291.1 free,   6744.9 used,  81453.9 buff/cache
MiB Swap:   2048.0 total,   1980.0 free,     68.0 used. 119917.6 avail Mem 

    PID USER      PR  NI    VIRT    RES    SHR S  %CPU  %MEM     TIME+ COMMAND
1363575 23mUeno   20   0    6628   4884   2372 S  18.8   0.0   1:22.65 afl-fuzz

top - 23:51:46 up 93 days, 11:42,  6 users,  load average: 0.39, 0.42, 0.44
Tasks:   1 total,   0 running,   1 sleeping,   0 stopped,   0 zombie
%Cpu(s):  0.3 us,  0.6 sy,  0.0 ni, 99.1 id,  0.0 wa,  0.0 hi,  0.0 si,  0.0 st
MiB Mem : 128490.0 total,  40290.9 free,   6745.2 used,  81454.0 buff/cache
MiB Swap:   2048.0 total,   1980.0 free,     68.0 used. 119917.4 avail Mem 

    PID USER      PR  NI    VIRT    RES    SHR S  %CPU  %MEM     TIME+ COMMAND
1363575 23mUeno   20   0    6628   4884   2372 S  18.8   0.0   1:23.59 afl-fuzz

top - 23:51:51 up 93 days, 11:42,  6 users,  load average: 0.44, 0.43, 0.44
Tasks:   1 total,   0 running,   1 sleeping,   0 stopped,   0 zombie
%Cpu(s):  0.2 us,  0.4 sy,  0.0 ni, 99.3 id,  0.0 wa,  0.0 hi,  0.0 si,  0.0 st
MiB Mem : 128490.0 total,  40290.9 free,   6745.2 used,  81454.0 buff/cache
MiB Swap:   2048.0 total,   1980.0 free,     68.0 used. 119917.4 avail Mem 

    PID USER      PR  NI    VIRT    RES    SHR S  %CPU  %MEM     TIME+ COMMAND
1363575 23mUeno   20   0    6664   4884   2372 D  14.4   0.0   1:24.31 afl-fuzz

top - 23:51:56 up 93 days, 11:43,  6 users,  load average: 0.64, 0.47, 0.45
Tasks:   1 total,   1 running,   0 sleeping,   0 stopped,   0 zombie
%Cpu(s):  0.3 us,  0.4 sy,  0.0 ni, 99.3 id,  0.0 wa,  0.0 hi,  0.0 si,  0.0 st
MiB Mem : 128490.0 total,  40290.9 free,   6745.1 used,  81454.0 buff/cache
MiB Swap:   2048.0 total,   1980.0 free,     68.0 used. 119917.4 avail Mem 

    PID USER      PR  NI    VIRT    RES    SHR S  %CPU  %MEM     TIME+ COMMAND
1363575 23mUeno   20   0    6628   4884   2372 R  15.2   0.0   1:25.07 afl-fuzz

top - 23:52:01 up 93 days, 11:43,  6 users,  load average: 0.59, 0.46, 0.45
Tasks:   1 total,   0 running,   1 sleeping,   0 stopped,   0 zombie
%Cpu(s):  0.2 us,  0.5 sy,  0.0 ni, 99.2 id,  0.0 wa,  0.0 hi,  0.0 si,  0.0 st
MiB Mem : 128490.0 total,  40290.9 free,   6745.1 used,  81454.0 buff/cache
MiB Swap:   2048.0 total,   1980.0 free,     68.0 used. 119917.4 avail Mem 

    PID USER      PR  NI    VIRT    RES    SHR S  %CPU  %MEM     TIME+ COMMAND
1363575 23mUeno   20   0    6628   4884   2372 S  17.0   0.0   1:25.92 afl-fuzz

top - 23:52:06 up 93 days, 11:43,  6 users,  load average: 0.54, 0.46, 0.45
Tasks:   1 total,   0 running,   1 sleeping,   0 stopped,   0 zombie
%Cpu(s):  0.2 us,  0.5 sy,  0.0 ni, 99.2 id,  0.0 wa,  0.0 hi,  0.0 si,  0.0 st
MiB Mem : 128490.0 total,  40290.9 free,   6745.1 used,  81454.0 buff/cache
MiB Swap:   2048.0 total,   1980.0 free,     68.0 used. 119917.5 avail Mem 

    PID USER      PR  NI    VIRT    RES    SHR S  %CPU  %MEM     TIME+ COMMAND
1363575 23mUeno   20   0    6628   4884   2372 S  17.4   0.0   1:26.79 afl-fuzz

top - 23:52:11 up 93 days, 11:43,  6 users,  load average: 0.50, 0.45, 0.45
Tasks:   1 total,   0 running,   1 sleeping,   0 stopped,   0 zombie
%Cpu(s):  0.2 us,  0.5 sy,  0.0 ni, 99.3 id,  0.0 wa,  0.0 hi,  0.0 si,  0.0 st
MiB Mem : 128490.0 total,  40290.6 free,   6745.3 used,  81454.1 buff/cache
MiB Swap:   2048.0 total,   1980.0 free,     68.0 used. 119917.3 avail Mem 

    PID USER      PR  NI    VIRT    RES    SHR S  %CPU  %MEM     TIME+ COMMAND
1363575 23mUeno   20   0    6628   4884   2372 S  16.8   0.0   1:27.63 afl-fuzz

top - 23:52:16 up 93 days, 11:43,  6 users,  load average: 0.46, 0.44, 0.44
Tasks:   1 total,   0 running,   1 sleeping,   0 stopped,   0 zombie
%Cpu(s):  0.2 us,  0.5 sy,  0.0 ni, 99.3 id,  0.0 wa,  0.0 hi,  0.0 si,  0.0 st
MiB Mem : 128490.0 total,  40290.6 free,   6745.3 used,  81454.1 buff/cache
MiB Swap:   2048.0 total,   1980.0 free,     68.0 used. 119917.3 avail Mem 

    PID USER      PR  NI    VIRT    RES    SHR S  %CPU  %MEM     TIME+ COMMAND
1363575 23mUeno   20   0    6628   4884   2372 S  16.8   0.0   1:28.47 afl-fuzz

top - 23:52:21 up 93 days, 11:43,  6 users,  load average: 0.58, 0.47, 0.45
Tasks:   1 total,   1 running,   0 sleeping,   0 stopped,   0 zombie
%Cpu(s):  0.2 us,  0.5 sy,  0.0 ni, 99.2 id,  0.0 wa,  0.0 hi,  0.0 si,  0.0 st
MiB Mem : 128490.0 total,  40290.6 free,   6745.3 used,  81454.1 buff/cache
MiB Swap:   2048.0 total,   1980.0 free,     68.0 used. 119917.3 avail Mem 

    PID USER      PR  NI    VIRT    RES    SHR S  %CPU  %MEM     TIME+ COMMAND
1363575 23mUeno   20   0    6628   4884   2372 R  17.6   0.0   1:29.35 afl-fuzz

top - 23:52:26 up 93 days, 11:43,  6 users,  load average: 0.78, 0.51, 0.47
Tasks:   1 total,   1 running,   0 sleeping,   0 stopped,   0 zombie
%Cpu(s):  0.3 us,  0.5 sy,  0.0 ni, 99.3 id,  0.0 wa,  0.0 hi,  0.0 si,  0.0 st
MiB Mem : 128490.0 total,  40290.9 free,   6745.0 used,  81454.1 buff/cache
MiB Swap:   2048.0 total,   1980.0 free,     68.0 used. 119917.6 avail Mem 

    PID USER      PR  NI    VIRT    RES    SHR S  %CPU  %MEM     TIME+ COMMAND
1363575 23mUeno   20   0    6628   4884   2372 R  17.2   0.0   1:30.21 afl-fuzz

top - 23:52:31 up 93 days, 11:43,  6 users,  load average: 0.96, 0.55, 0.48
Tasks:   1 total,   0 running,   1 sleeping,   0 stopped,   0 zombie
%Cpu(s):  0.2 us,  0.5 sy,  0.0 ni, 99.3 id,  0.0 wa,  0.0 hi,  0.0 si,  0.0 st
MiB Mem : 128490.0 total,  40290.5 free,   6745.4 used,  81454.1 buff/cache
MiB Swap:   2048.0 total,   1980.0 free,     68.0 used. 119917.2 avail Mem 

    PID USER      PR  NI    VIRT    RES    SHR S  %CPU  %MEM     TIME+ COMMAND
1363575 23mUeno   20   0    6948   5104   2372 S  16.0   0.0   1:31.01 afl-fuzz

top - 23:52:36 up 93 days, 11:43,  6 users,  load average: 0.96, 0.56, 0.48
Tasks:   1 total,   0 running,   1 sleeping,   0 stopped,   0 zombie
%Cpu(s):  0.3 us,  0.6 sy,  0.0 ni, 99.1 id,  0.0 wa,  0.0 hi,  0.0 si,  0.0 st
MiB Mem : 128490.0 total,  40290.5 free,   6745.3 used,  81454.2 buff/cache
MiB Swap:   2048.0 total,   1980.0 free,     68.0 used. 119917.3 avail Mem 

    PID USER      PR  NI    VIRT    RES    SHR S  %CPU  %MEM     TIME+ COMMAND
1363575 23mUeno   20   0    6948   5104   2372 S  19.2   0.0   1:31.97 afl-fuzz

top - 23:52:41 up 93 days, 11:43,  6 users,  load average: 0.88, 0.55, 0.48
Tasks:   1 total,   0 running,   1 sleeping,   0 stopped,   0 zombie
%Cpu(s):  0.3 us,  0.6 sy,  0.0 ni, 99.1 id,  0.0 wa,  0.0 hi,  0.0 si,  0.0 st
MiB Mem : 128490.0 total,  40290.5 free,   6745.3 used,  81454.2 buff/cache
MiB Swap:   2048.0 total,   1980.0 free,     68.0 used. 119917.3 avail Mem 

    PID USER      PR  NI    VIRT    RES    SHR S  %CPU  %MEM     TIME+ COMMAND
1363575 23mUeno   20   0    6984   5104   2372 D  20.8   0.0   1:33.01 afl-fuzz

top - 23:52:46 up 93 days, 11:43,  6 users,  load average: 1.05, 0.59, 0.50
Tasks:   1 total,   0 running,   1 sleeping,   0 stopped,   0 zombie
%Cpu(s):  0.3 us,  0.6 sy,  0.0 ni, 99.1 id,  0.0 wa,  0.0 hi,  0.0 si,  0.0 st
MiB Mem : 128490.0 total,  40290.5 free,   6745.3 used,  81454.2 buff/cache
MiB Swap:   2048.0 total,   1980.0 free,     68.0 used. 119917.3 avail Mem 

    PID USER      PR  NI    VIRT    RES    SHR S  %CPU  %MEM     TIME+ COMMAND
1363575 23mUeno   20   0    6984   5104   2372 D  21.2   0.0   1:34.07 afl-fuzz

top - 23:52:51 up 93 days, 11:43,  6 users,  load average: 0.97, 0.58, 0.49
Tasks:   1 total,   0 running,   1 sleeping,   0 stopped,   0 zombie
%Cpu(s):  0.2 us,  0.5 sy,  0.0 ni, 99.3 id,  0.0 wa,  0.0 hi,  0.0 si,  0.0 st
MiB Mem : 128490.0 total,  40290.5 free,   6745.2 used,  81454.2 buff/cache
MiB Swap:   2048.0 total,   1980.0 free,     68.0 used. 119917.3 avail Mem 

    PID USER      PR  NI    VIRT    RES    SHR S  %CPU  %MEM     TIME+ COMMAND
1363575 23mUeno   20   0    6948   5104   2372 S  15.6   0.0   1:34.85 afl-fuzz

top - 23:52:56 up 93 days, 11:44,  6 users,  load average: 0.97, 0.59, 0.50
Tasks:   1 total,   0 running,   1 sleeping,   0 stopped,   0 zombie
%Cpu(s):  0.3 us,  0.6 sy,  0.0 ni, 99.1 id,  0.0 wa,  0.0 hi,  0.0 si,  0.0 st
MiB Mem : 128490.0 total,  40290.5 free,   6745.2 used,  81454.2 buff/cache
MiB Swap:   2048.0 total,   1980.0 free,     68.0 used. 119917.3 avail Mem 

    PID USER      PR  NI    VIRT    RES    SHR S  %CPU  %MEM     TIME+ COMMAND
1363575 23mUeno   20   0    6948   5104   2372 S  21.8   0.0   1:35.94 afl-fuzz

top - 23:53:01 up 93 days, 11:44,  6 users,  load average: 0.89, 0.58, 0.49
Tasks:   1 total,   1 running,   0 sleeping,   0 stopped,   0 zombie
%Cpu(s):  0.3 us,  0.6 sy,  0.0 ni, 99.1 id,  0.0 wa,  0.0 hi,  0.0 si,  0.0 st
MiB Mem : 128490.0 total,  40290.6 free,   6745.1 used,  81454.3 buff/cache
MiB Swap:   2048.0 total,   1980.0 free,     68.0 used. 119917.5 avail Mem 

    PID USER      PR  NI    VIRT    RES    SHR S  %CPU  %MEM     TIME+ COMMAND
1363575 23mUeno   20   0    6948   5104   2372 R  21.0   0.0   1:36.99 afl-fuzz

top - 23:53:06 up 93 days, 11:44,  6 users,  load average: 0.82, 0.57, 0.49
Tasks:   1 total,   0 running,   1 sleeping,   0 stopped,   0 zombie
%Cpu(s):  0.3 us,  0.5 sy,  0.0 ni, 99.2 id,  0.0 wa,  0.0 hi,  0.0 si,  0.0 st
MiB Mem : 128490.0 total,  40290.4 free,   6745.3 used,  81454.3 buff/cache
MiB Swap:   2048.0 total,   1980.0 free,     68.0 used. 119917.2 avail Mem 

    PID USER      PR  NI    VIRT    RES    SHR S  %CPU  %MEM     TIME+ COMMAND
1363575 23mUeno   20   0    6948   5104   2372 S  16.6   0.0   1:37.82 afl-fuzz

top - 23:53:11 up 93 days, 11:44,  6 users,  load average: 0.84, 0.57, 0.49
Tasks:   1 total,   0 running,   1 sleeping,   0 stopped,   0 zombie
%Cpu(s):  0.3 us,  0.6 sy,  0.0 ni, 99.2 id,  0.0 wa,  0.0 hi,  0.0 si,  0.0 st
MiB Mem : 128490.0 total,  40290.4 free,   6745.3 used,  81454.3 buff/cache
MiB Swap:   2048.0 total,   1980.0 free,     68.0 used. 119917.2 avail Mem 

    PID USER      PR  NI    VIRT    RES    SHR S  %CPU  %MEM     TIME+ COMMAND
1363575 23mUeno   20   0    6948   5104   2372 S  17.8   0.0   1:38.71 afl-fuzz

top - 23:53:16 up 93 days, 11:44,  6 users,  load average: 1.01, 0.62, 0.51
Tasks:   1 total,   0 running,   1 sleeping,   0 stopped,   0 zombie
%Cpu(s):  0.2 us,  0.5 sy,  0.0 ni, 99.3 id,  0.0 wa,  0.0 hi,  0.0 si,  0.0 st
MiB Mem : 128490.0 total,  40290.4 free,   6745.3 used,  81454.3 buff/cache
MiB Swap:   2048.0 total,   1980.0 free,     68.0 used. 119917.3 avail Mem 

    PID USER      PR  NI    VIRT    RES    SHR S  %CPU  %MEM     TIME+ COMMAND
1363575 23mUeno   20   0    6948   5104   2372 S  15.8   0.0   1:39.50 afl-fuzz

top - 23:53:21 up 93 days, 11:44,  6 users,  load average: 0.93, 0.60, 0.50
Tasks:   1 total,   0 running,   1 sleeping,   0 stopped,   0 zombie
%Cpu(s):  0.2 us,  0.5 sy,  0.0 ni, 99.3 id,  0.0 wa,  0.0 hi,  0.0 si,  0.0 st
MiB Mem : 128490.0 total,  40290.7 free,   6745.1 used,  81454.3 buff/cache
MiB Swap:   2048.0 total,   1980.0 free,     68.0 used. 119917.5 avail Mem 

    PID USER      PR  NI    VIRT    RES    SHR S  %CPU  %MEM     TIME+ COMMAND
1363575 23mUeno   20   0    6948   5104   2372 S  14.0   0.0   1:40.20 afl-fuzz

top - 23:53:26 up 93 days, 11:44,  6 users,  load average: 0.85, 0.59, 0.50
Tasks:   1 total,   0 running,   1 sleeping,   0 stopped,   0 zombie
%Cpu(s):  0.2 us,  0.5 sy,  0.0 ni, 99.3 id,  0.0 wa,  0.0 hi,  0.0 si,  0.0 st
MiB Mem : 128490.0 total,  40290.4 free,   6745.2 used,  81454.3 buff/cache
MiB Swap:   2048.0 total,   1980.0 free,     68.0 used. 119917.4 avail Mem 

    PID USER      PR  NI    VIRT    RES    SHR S  %CPU  %MEM     TIME+ COMMAND
1363575 23mUeno   20   0    6948   5104   2372 S  15.6   0.0   1:40.98 afl-fuzz

top - 23:53:31 up 93 days, 11:44,  6 users,  load average: 0.78, 0.58, 0.50
Tasks:   1 total,   0 running,   1 sleeping,   0 stopped,   0 zombie
%Cpu(s):  0.2 us,  0.5 sy,  0.0 ni, 99.2 id,  0.0 wa,  0.0 hi,  0.0 si,  0.0 st
MiB Mem : 128490.0 total,  40290.5 free,   6745.2 used,  81454.3 buff/cache
MiB Swap:   2048.0 total,   1980.0 free,     68.0 used. 119917.4 avail Mem 

    PID USER      PR  NI    VIRT    RES    SHR S  %CPU  %MEM     TIME+ COMMAND
1363575 23mUeno   20   0    6984   5104   2372 D  16.0   0.0   1:41.78 afl-fuzz

top - 23:53:36 up 93 days, 11:44,  6 users,  load average: 0.72, 0.57, 0.49
Tasks:   1 total,   0 running,   1 sleeping,   0 stopped,   0 zombie
%Cpu(s):  0.2 us,  0.4 sy,  0.0 ni, 99.4 id,  0.0 wa,  0.0 hi,  0.0 si,  0.0 st
MiB Mem : 128490.0 total,  40290.5 free,   6745.2 used,  81454.3 buff/cache
MiB Swap:   2048.0 total,   1980.0 free,     68.0 used. 119917.4 avail Mem 

    PID USER      PR  NI    VIRT    RES    SHR S  %CPU  %MEM     TIME+ COMMAND
1363575 23mUeno   20   0    6948   5192   2372 S  14.0   0.0   1:42.48 afl-fuzz

top - 23:53:41 up 93 days, 11:44,  6 users,  load average: 0.66, 0.56, 0.49
Tasks:   1 total,   0 running,   1 sleeping,   0 stopped,   0 zombie
%Cpu(s):  0.2 us,  0.3 sy,  0.0 ni, 99.5 id,  0.0 wa,  0.0 hi,  0.0 si,  0.0 st
MiB Mem : 128490.0 total,  40290.5 free,   6745.1 used,  81454.3 buff/cache
MiB Swap:   2048.0 total,   1980.0 free,     68.0 used. 119917.4 avail Mem 

    PID USER      PR  NI    VIRT    RES    SHR S  %CPU  %MEM     TIME+ COMMAND
1363575 23mUeno   20   0    6948   5192   2372 S  11.0   0.0   1:43.03 afl-fuzz

top - 23:53:46 up 93 days, 11:44,  6 users,  load average: 0.77, 0.59, 0.50
Tasks:   1 total,   0 running,   1 sleeping,   0 stopped,   0 zombie
%Cpu(s):  0.2 us,  0.4 sy,  0.0 ni, 99.5 id,  0.0 wa,  0.0 hi,  0.0 si,  0.0 st
MiB Mem : 128490.0 total,  40290.5 free,   6745.1 used,  81454.3 buff/cache
MiB Swap:   2048.0 total,   1980.0 free,     68.0 used. 119917.4 avail Mem 

    PID USER      PR  NI    VIRT    RES    SHR S  %CPU  %MEM     TIME+ COMMAND
1363575 23mUeno   20   0    6984   5192   2372 D  12.2   0.0   1:43.64 afl-fuzz

top - 23:53:51 up 93 days, 11:44,  6 users,  load average: 0.79, 0.60, 0.50
Tasks:   1 total,   1 running,   0 sleeping,   0 stopped,   0 zombie
%Cpu(s):  0.2 us,  0.3 sy,  0.0 ni, 99.5 id,  0.0 wa,  0.0 hi,  0.0 si,  0.0 st
MiB Mem : 128490.0 total,  40290.5 free,   6745.1 used,  81454.3 buff/cache
MiB Swap:   2048.0 total,   1980.0 free,     68.0 used. 119917.4 avail Mem 

    PID USER      PR  NI    VIRT    RES    SHR S  %CPU  %MEM     TIME+ COMMAND
1363575 23mUeno   20   0    6948   5192   2372 R  12.2   0.0   1:44.25 afl-fuzz

top - 23:53:56 up 93 days, 11:45,  6 users,  load average: 0.73, 0.59, 0.50
Tasks:   1 total,   0 running,   1 sleeping,   0 stopped,   0 zombie
%Cpu(s):  0.2 us,  0.3 sy,  0.0 ni, 99.5 id,  0.0 wa,  0.0 hi,  0.0 si,  0.0 st
MiB Mem : 128490.0 total,  40290.5 free,   6745.1 used,  81454.3 buff/cache
MiB Swap:   2048.0 total,   1980.0 free,     68.0 used. 119917.4 avail Mem 

    PID USER      PR  NI    VIRT    RES    SHR S  %CPU  %MEM     TIME+ COMMAND
1363575 23mUeno   20   0    6948   5192   2372 S  11.2   0.0   1:44.81 afl-fuzz

top - 23:54:01 up 93 days, 11:45,  6 users,  load average: 0.75, 0.59, 0.50
Tasks:   1 total,   1 running,   0 sleeping,   0 stopped,   0 zombie
%Cpu(s):  0.2 us,  0.4 sy,  0.0 ni, 99.4 id,  0.0 wa,  0.0 hi,  0.0 si,  0.0 st
MiB Mem : 128490.0 total,  40290.5 free,   6745.1 used,  81454.3 buff/cache
MiB Swap:   2048.0 total,   1980.0 free,     68.0 used. 119917.4 avail Mem 

    PID USER      PR  NI    VIRT    RES    SHR S  %CPU  %MEM     TIME+ COMMAND
1363575 23mUeno   20   0    6948   5192   2372 R  12.8   0.0   1:45.45 afl-fuzz

top - 23:54:06 up 93 days, 11:45,  6 users,  load average: 0.69, 0.58, 0.50
Tasks:   1 total,   0 running,   1 sleeping,   0 stopped,   0 zombie
%Cpu(s):  0.2 us,  0.5 sy,  0.0 ni, 99.3 id,  0.0 wa,  0.0 hi,  0.0 si,  0.0 st
MiB Mem : 128490.0 total,  40290.5 free,   6745.1 used,  81454.3 buff/cache
MiB Swap:   2048.0 total,   1980.0 free,     68.0 used. 119917.4 avail Mem 

    PID USER      PR  NI    VIRT    RES    SHR S  %CPU  %MEM     TIME+ COMMAND
1363575 23mUeno   20   0    6948   5192   2372 S  14.4   0.0   1:46.17 afl-fuzz

top - 23:54:11 up 93 days, 11:45,  6 users,  load average: 0.87, 0.62, 0.51
Tasks:   1 total,   0 running,   1 sleeping,   0 stopped,   0 zombie
%Cpu(s):  0.2 us,  0.3 sy,  0.0 ni, 99.5 id,  0.0 wa,  0.0 hi,  0.0 si,  0.0 st
MiB Mem : 128490.0 total,  40290.5 free,   6745.1 used,  81454.4 buff/cache
MiB Swap:   2048.0 total,   1980.0 free,     68.0 used. 119917.5 avail Mem 

    PID USER      PR  NI    VIRT    RES    SHR S  %CPU  %MEM     TIME+ COMMAND
1363575 23mUeno   20   0    6948   5192   2372 S   8.6   0.0   1:46.60 afl-fuzz

top - 23:54:16 up 93 days, 11:45,  6 users,  load average: 0.80, 0.61, 0.51
Tasks:   1 total,   0 running,   1 sleeping,   0 stopped,   0 zombie
%Cpu(s):  0.2 us,  0.4 sy,  0.0 ni, 99.4 id,  0.0 wa,  0.0 hi,  0.0 si,  0.0 st
MiB Mem : 128490.0 total,  40290.5 free,   6745.1 used,  81454.4 buff/cache
MiB Swap:   2048.0 total,   1980.0 free,     68.0 used. 119917.5 avail Mem 

    PID USER      PR  NI    VIRT    RES    SHR S  %CPU  %MEM     TIME+ COMMAND
1363575 23mUeno   20   0    6948   5192   2372 S  11.8   0.0   1:47.19 afl-fuzz

top - 23:54:21 up 93 days, 11:45,  6 users,  load average: 0.74, 0.60, 0.51
Tasks:   1 total,   0 running,   1 sleeping,   0 stopped,   0 zombie
%Cpu(s):  0.2 us,  0.3 sy,  0.0 ni, 99.5 id,  0.0 wa,  0.0 hi,  0.0 si,  0.0 st
MiB Mem : 128490.0 total,  40290.1 free,   6745.5 used,  81454.4 buff/cache
MiB Swap:   2048.0 total,   1980.0 free,     68.0 used. 119917.1 avail Mem 

    PID USER      PR  NI    VIRT    RES    SHR S  %CPU  %MEM     TIME+ COMMAND
1363575 23mUeno   20   0    6948   5192   2372 S   8.2   0.0   1:47.60 afl-fuzz

top - 23:54:26 up 93 days, 11:45,  6 users,  load average: 0.68, 0.59, 0.50
Tasks:   1 total,   0 running,   1 sleeping,   0 stopped,   0 zombie
%Cpu(s):  0.2 us,  0.3 sy,  0.0 ni, 99.5 id,  0.0 wa,  0.0 hi,  0.0 si,  0.0 st
MiB Mem : 128490.0 total,  40290.1 free,   6745.5 used,  81454.4 buff/cache
MiB Swap:   2048.0 total,   1980.0 free,     68.0 used. 119917.1 avail Mem 

    PID USER      PR  NI    VIRT    RES    SHR S  %CPU  %MEM     TIME+ COMMAND
1363575 23mUeno   20   0    6948   5192   2372 S   9.4   0.0   1:48.07 afl-fuzz

top - 23:54:31 up 93 days, 11:45,  6 users,  load average: 0.62, 0.58, 0.50
Tasks:   1 total,   0 running,   1 sleeping,   0 stopped,   0 zombie
%Cpu(s):  0.2 us,  0.3 sy,  0.0 ni, 99.5 id,  0.0 wa,  0.0 hi,  0.0 si,  0.0 st
MiB Mem : 128490.0 total,  40290.1 free,   6745.5 used,  81454.4 buff/cache
MiB Swap:   2048.0 total,   1980.0 free,     68.0 used. 119917.1 avail Mem 

    PID USER      PR  NI    VIRT    RES    SHR S  %CPU  %MEM     TIME+ COMMAND
1363575 23mUeno   20   0    6948   5192   2372 S   8.0   0.0   1:48.47 afl-fuzz

top - 23:54:36 up 93 days, 11:45,  6 users,  load average: 0.65, 0.59, 0.50
Tasks:   1 total,   0 running,   1 sleeping,   0 stopped,   0 zombie
%Cpu(s):  0.2 us,  0.4 sy,  0.0 ni, 99.4 id,  0.0 wa,  0.0 hi,  0.0 si,  0.0 st
MiB Mem : 128490.0 total,  40290.1 free,   6745.5 used,  81454.4 buff/cache
MiB Swap:   2048.0 total,   1980.0 free,     68.0 used. 119917.1 avail Mem 

    PID USER      PR  NI    VIRT    RES    SHR S  %CPU  %MEM     TIME+ COMMAND
1363575 23mUeno   20   0    6948   5192   2372 S  11.4   0.0   1:49.04 afl-fuzz

top - 23:54:41 up 93 days, 11:45,  6 users,  load average: 0.60, 0.58, 0.50
Tasks:   1 total,   0 running,   1 sleeping,   0 stopped,   0 zombie
%Cpu(s):  0.3 us,  0.7 sy,  0.0 ni, 99.0 id,  0.0 wa,  0.0 hi,  0.0 si,  0.0 st
MiB Mem : 128490.0 total,  40290.1 free,   6745.5 used,  81454.4 buff/cache
MiB Swap:   2048.0 total,   1980.0 free,     68.0 used. 119917.1 avail Mem 

    PID USER      PR  NI    VIRT    RES    SHR S  %CPU  %MEM     TIME+ COMMAND
1363575 23mUeno   20   0    6948   5192   2372 S  29.2   0.0   1:50.50 afl-fuzz

top - 23:54:46 up 93 days, 11:45,  6 users,  load average: 0.55, 0.57, 0.50
Tasks:   1 total,   0 running,   1 sleeping,   0 stopped,   0 zombie
%Cpu(s):  0.2 us,  0.4 sy,  0.0 ni, 99.4 id,  0.0 wa,  0.0 hi,  0.0 si,  0.0 st
MiB Mem : 128490.0 total,  40290.1 free,   6745.4 used,  81454.5 buff/cache
MiB Swap:   2048.0 total,   1980.0 free,     68.0 used. 119917.1 avail Mem 

    PID USER      PR  NI    VIRT    RES    SHR S  %CPU  %MEM     TIME+ COMMAND
1363575 23mUeno   20   0    6948   5192   2372 S  12.2   0.0   1:51.11 afl-fuzz

top - 23:54:51 up 93 days, 11:45,  6 users,  load average: 0.51, 0.56, 0.50
Tasks:   1 total,   0 running,   1 sleeping,   0 stopped,   0 zombie
%Cpu(s):  0.2 us,  0.4 sy,  0.0 ni, 99.3 id,  0.0 wa,  0.0 hi,  0.0 si,  0.0 st
MiB Mem : 128490.0 total,  40289.6 free,   6745.9 used,  81454.5 buff/cache
MiB Swap:   2048.0 total,   1980.0 free,     68.0 used. 119916.7 avail Mem 

    PID USER      PR  NI    VIRT    RES    SHR S  %CPU  %MEM     TIME+ COMMAND
1363575 23mUeno   20   0    6948   5192   2372 S  14.0   0.0   1:51.81 afl-fuzz

top - 23:54:56 up 93 days, 11:46,  6 users,  load average: 0.47, 0.55, 0.49
Tasks:   1 total,   0 running,   1 sleeping,   0 stopped,   0 zombie
%Cpu(s):  0.2 us,  0.4 sy,  0.0 ni, 99.4 id,  0.0 wa,  0.0 hi,  0.0 si,  0.0 st
MiB Mem : 128490.0 total,  40289.7 free,   6745.9 used,  81454.5 buff/cache
MiB Swap:   2048.0 total,   1980.0 free,     68.0 used. 119916.7 avail Mem 

    PID USER      PR  NI    VIRT    RES    SHR S  %CPU  %MEM     TIME+ COMMAND
1363575 23mUeno   20   0    6948   5192   2372 S  11.6   0.0   1:52.39 afl-fuzz

top - 23:55:01 up 93 days, 11:46,  6 users,  load average: 0.51, 0.56, 0.50
Tasks:   1 total,   0 running,   1 sleeping,   0 stopped,   0 zombie
%Cpu(s):  0.2 us,  0.4 sy,  0.0 ni, 99.4 id,  0.0 wa,  0.0 hi,  0.0 si,  0.0 st
MiB Mem : 128490.0 total,  40289.4 free,   6746.1 used,  81454.5 buff/cache
MiB Swap:   2048.0 total,   1980.0 free,     68.0 used. 119916.5 avail Mem 

    PID USER      PR  NI    VIRT    RES    SHR S  %CPU  %MEM     TIME+ COMMAND
1363575 23mUeno   20   0    6984   5192   2372 D  11.6   0.0   1:52.97 afl-fuzz

top - 23:55:06 up 93 days, 11:46,  6 users,  load average: 0.63, 0.58, 0.50
Tasks:   1 total,   0 running,   1 sleeping,   0 stopped,   0 zombie
%Cpu(s):  0.2 us,  0.4 sy,  0.0 ni, 99.3 id,  0.0 wa,  0.0 hi,  0.0 si,  0.0 st
MiB Mem : 128490.0 total,  40289.4 free,   6746.1 used,  81454.5 buff/cache
MiB Swap:   2048.0 total,   1980.0 free,     68.0 used. 119916.5 avail Mem 

    PID USER      PR  NI    VIRT    RES    SHR S  %CPU  %MEM     TIME+ COMMAND
1363575 23mUeno   20   0    6948   5192   2372 S  12.6   0.0   1:53.60 afl-fuzz

top - 23:55:11 up 93 days, 11:46,  6 users,  load average: 0.58, 0.57, 0.50
Tasks:   1 total,   0 running,   1 sleeping,   0 stopped,   0 zombie
%Cpu(s):  0.2 us,  0.4 sy,  0.0 ni, 99.4 id,  0.0 wa,  0.0 hi,  0.0 si,  0.0 st
MiB Mem : 128490.0 total,  40289.4 free,   6746.1 used,  81454.5 buff/cache
MiB Swap:   2048.0 total,   1980.0 free,     68.0 used. 119916.5 avail Mem 

    PID USER      PR  NI    VIRT    RES    SHR S  %CPU  %MEM     TIME+ COMMAND
1363575 23mUeno   20   0    6840   5124   2372 S  11.2   0.0   1:54.16 afl-fuzz

top - 23:55:16 up 93 days, 11:46,  6 users,  load average: 0.69, 0.60, 0.51
Tasks:   1 total,   1 running,   0 sleeping,   0 stopped,   0 zombie
%Cpu(s):  0.3 us,  0.3 sy,  0.0 ni, 99.3 id,  0.0 wa,  0.0 hi,  0.0 si,  0.0 st
MiB Mem : 128490.0 total,  40289.4 free,   6746.1 used,  81454.5 buff/cache
MiB Swap:   2048.0 total,   1980.0 free,     68.0 used. 119916.5 avail Mem 

    PID USER      PR  NI    VIRT    RES    SHR S  %CPU  %MEM     TIME+ COMMAND
1363575 23mUeno   20   0    6840   5124   2372 R  11.2   0.0   1:54.72 afl-fuzz

top - 23:55:21 up 93 days, 11:46,  6 users,  load average: 0.64, 0.59, 0.51
Tasks:   1 total,   0 running,   1 sleeping,   0 stopped,   0 zombie
%Cpu(s):  0.3 us,  0.7 sy,  0.0 ni, 99.0 id,  0.0 wa,  0.0 hi,  0.0 si,  0.0 st
MiB Mem : 128490.0 total,  40289.4 free,   6746.1 used,  81454.5 buff/cache
MiB Swap:   2048.0 total,   1980.0 free,     68.0 used. 119916.5 avail Mem 

    PID USER      PR  NI    VIRT    RES    SHR S  %CPU  %MEM     TIME+ COMMAND
1363575 23mUeno   20   0    6840   5124   2372 S  26.8   0.0   1:56.06 afl-fuzz

top - 23:55:26 up 93 days, 11:46,  6 users,  load average: 0.59, 0.58, 0.50
Tasks:   1 total,   0 running,   1 sleeping,   0 stopped,   0 zombie
%Cpu(s):  0.2 us,  0.4 sy,  0.0 ni, 99.4 id,  0.0 wa,  0.0 hi,  0.0 si,  0.0 st
MiB Mem : 128490.0 total,  40289.4 free,   6746.1 used,  81454.5 buff/cache
MiB Swap:   2048.0 total,   1980.0 free,     68.0 used. 119916.5 avail Mem 

    PID USER      PR  NI    VIRT    RES    SHR S  %CPU  %MEM     TIME+ COMMAND
1363575 23mUeno   20   0    6840   5124   2372 S  12.4   0.0   1:56.68 afl-fuzz

top - 23:55:31 up 93 days, 11:46,  6 users,  load average: 0.62, 0.58, 0.51
Tasks:   1 total,   0 running,   1 sleeping,   0 stopped,   0 zombie
%Cpu(s):  0.2 us,  0.3 sy,  0.0 ni, 99.5 id,  0.0 wa,  0.0 hi,  0.0 si,  0.0 st
MiB Mem : 128490.0 total,  40289.4 free,   6746.1 used,  81454.5 buff/cache
MiB Swap:   2048.0 total,   1980.0 free,     68.0 used. 119916.5 avail Mem 

    PID USER      PR  NI    VIRT    RES    SHR S  %CPU  %MEM     TIME+ COMMAND
1363575 23mUeno   20   0    6840   5124   2372 S   9.8   0.0   1:57.17 afl-fuzz

top - 23:55:36 up 93 days, 11:46,  6 users,  load average: 0.57, 0.57, 0.50
Tasks:   1 total,   0 running,   1 sleeping,   0 stopped,   0 zombie
%Cpu(s):  0.2 us,  0.3 sy,  0.0 ni, 99.5 id,  0.0 wa,  0.0 hi,  0.0 si,  0.0 st
MiB Mem : 128490.0 total,  40289.4 free,   6746.1 used,  81454.5 buff/cache
MiB Swap:   2048.0 total,   1980.0 free,     68.0 used. 119916.5 avail Mem 

    PID USER      PR  NI    VIRT    RES    SHR S  %CPU  %MEM     TIME+ COMMAND
1363575 23mUeno   20   0    6840   5124   2372 S   7.6   0.0   1:57.55 afl-fuzz

top - 23:55:41 up 93 days, 11:46,  6 users,  load average: 0.52, 0.56, 0.50
Tasks:   1 total,   0 running,   1 sleeping,   0 stopped,   0 zombie
%Cpu(s):  0.2 us,  0.3 sy,  0.0 ni, 99.5 id,  0.0 wa,  0.0 hi,  0.0 si,  0.0 st
MiB Mem : 128490.0 total,  40289.4 free,   6746.1 used,  81454.5 buff/cache
MiB Swap:   2048.0 total,   1980.0 free,     68.0 used. 119916.5 avail Mem 

    PID USER      PR  NI    VIRT    RES    SHR S  %CPU  %MEM     TIME+ COMMAND
1363575 23mUeno   20   0    6840   5124   2372 S   9.0   0.0   1:58.00 afl-fuzz

top - 23:55:46 up 93 days, 11:46,  6 users,  load average: 0.48, 0.55, 0.50
Tasks:   1 total,   0 running,   1 sleeping,   0 stopped,   0 zombie
%Cpu(s):  0.2 us,  0.4 sy,  0.0 ni, 99.4 id,  0.0 wa,  0.0 hi,  0.0 si,  0.0 st
MiB Mem : 128490.0 total,  40289.4 free,   6746.1 used,  81454.5 buff/cache
MiB Swap:   2048.0 total,   1980.0 free,     68.0 used. 119916.5 avail Mem 

    PID USER      PR  NI    VIRT    RES    SHR S  %CPU  %MEM     TIME+ COMMAND
1363575 23mUeno   20   0    6840   5124   2372 S  11.4   0.0   1:58.57 afl-fuzz

top - 23:55:51 up 93 days, 11:46,  6 users,  load average: 0.52, 0.56, 0.50
Tasks:   1 total,   0 running,   1 sleeping,   0 stopped,   0 zombie
%Cpu(s):  0.2 us,  0.2 sy,  0.0 ni, 99.5 id,  0.0 wa,  0.0 hi,  0.0 si,  0.0 st
MiB Mem : 128490.0 total,  40289.4 free,   6746.0 used,  81454.5 buff/cache
MiB Swap:   2048.0 total,   1980.0 free,     68.0 used. 119916.5 avail Mem 

    PID USER      PR  NI    VIRT    RES    SHR S  %CPU  %MEM     TIME+ COMMAND
1363575 23mUeno   20   0    6840   5124   2372 S   6.6   0.0   1:58.90 afl-fuzz

top - 23:55:56 up 93 days, 11:47,  6 users,  load average: 0.48, 0.55, 0.50
Tasks:   1 total,   1 running,   0 sleeping,   0 stopped,   0 zombie
%Cpu(s):  0.2 us,  0.4 sy,  0.0 ni, 99.4 id,  0.0 wa,  0.0 hi,  0.0 si,  0.0 st
MiB Mem : 128490.0 total,  40289.5 free,   6746.0 used,  81454.6 buff/cache
MiB Swap:   2048.0 total,   1980.0 free,     68.0 used. 119916.6 avail Mem 

    PID USER      PR  NI    VIRT    RES    SHR S  %CPU  %MEM     TIME+ COMMAND
1363575 23mUeno   20   0    6840   5124   2372 R  12.8   0.0   1:59.54 afl-fuzz

top - 23:56:01 up 93 days, 11:47,  6 users,  load average: 0.44, 0.54, 0.49
Tasks:   1 total,   0 running,   1 sleeping,   0 stopped,   0 zombie
%Cpu(s):  0.2 us,  0.3 sy,  0.0 ni, 99.4 id,  0.0 wa,  0.0 hi,  0.0 si,  0.0 st
MiB Mem : 128490.0 total,  40289.2 free,   6746.2 used,  81454.6 buff/cache
MiB Swap:   2048.0 total,   1980.0 free,     68.0 used. 119916.4 avail Mem 

    PID USER      PR  NI    VIRT    RES    SHR S  %CPU  %MEM     TIME+ COMMAND
1363575 23mUeno   20   0    6876   5124   2372 D   9.0   0.0   1:59.99 afl-fuzz

top - 23:56:06 up 93 days, 11:47,  6 users,  load average: 0.41, 0.53, 0.49
Tasks:   1 total,   0 running,   1 sleeping,   0 stopped,   0 zombie
%Cpu(s):  0.2 us,  0.4 sy,  0.0 ni, 99.4 id,  0.0 wa,  0.0 hi,  0.0 si,  0.0 st
MiB Mem : 128490.0 total,  40289.2 free,   6746.2 used,  81454.6 buff/cache
MiB Swap:   2048.0 total,   1980.0 free,     68.0 used. 119916.4 avail Mem 

    PID USER      PR  NI    VIRT    RES    SHR S  %CPU  %MEM     TIME+ COMMAND
1363575 23mUeno   20   0    6840   5124   2372 S  10.6   0.0   2:00.52 afl-fuzz

top - 23:56:11 up 93 days, 11:47,  6 users,  load average: 0.37, 0.52, 0.49
Tasks:   1 total,   0 running,   1 sleeping,   0 stopped,   0 zombie
%Cpu(s):  0.2 us,  0.2 sy,  0.0 ni, 99.6 id,  0.0 wa,  0.0 hi,  0.0 si,  0.0 st
MiB Mem : 128490.0 total,  40289.2 free,   6746.2 used,  81454.6 buff/cache
MiB Swap:   2048.0 total,   1980.0 free,     68.0 used. 119916.4 avail Mem 

    PID USER      PR  NI    VIRT    RES    SHR S  %CPU  %MEM     TIME+ COMMAND
1363575 23mUeno   20   0    7008   5164   2372 S   5.0   0.0   2:00.77 afl-fuzz

top - 23:56:16 up 93 days, 11:47,  6 users,  load average: 0.34, 0.52, 0.49
Tasks:   1 total,   0 running,   1 sleeping,   0 stopped,   0 zombie
%Cpu(s):  0.2 us,  0.2 sy,  0.0 ni, 99.6 id,  0.0 wa,  0.0 hi,  0.0 si,  0.0 st
MiB Mem : 128490.0 total,  40289.0 free,   6746.4 used,  81454.6 buff/cache
MiB Swap:   2048.0 total,   1980.0 free,     68.0 used. 119916.2 avail Mem 

    PID USER      PR  NI    VIRT    RES    SHR S  %CPU  %MEM     TIME+ COMMAND
1363575 23mUeno   20   0    7044   5164   2372 D   6.6   0.0   2:01.10 afl-fuzz

top - 23:56:21 up 93 days, 11:47,  6 users,  load average: 0.40, 0.52, 0.49
Tasks:   1 total,   1 running,   0 sleeping,   0 stopped,   0 zombie
%Cpu(s):  0.2 us,  0.4 sy,  0.0 ni, 99.4 id,  0.0 wa,  0.0 hi,  0.0 si,  0.0 st
MiB Mem : 128490.0 total,  40288.8 free,   6746.6 used,  81454.6 buff/cache
MiB Swap:   2048.0 total,   1980.0 free,     68.0 used. 119915.9 avail Mem 

    PID USER      PR  NI    VIRT    RES    SHR S  %CPU  %MEM     TIME+ COMMAND
1363575 23mUeno   20   0    7008   5164   2372 R   9.8   0.0   2:01.59 afl-fuzz

top - 23:56:26 up 93 days, 11:47,  6 users,  load average: 0.45, 0.53, 0.49
Tasks:   1 total,   0 running,   1 sleeping,   0 stopped,   0 zombie
%Cpu(s):  0.2 us,  0.4 sy,  0.0 ni, 99.4 id,  0.0 wa,  0.0 hi,  0.0 si,  0.0 st
MiB Mem : 128490.0 total,  40288.8 free,   6746.6 used,  81454.6 buff/cache
MiB Swap:   2048.0 total,   1980.0 free,     68.0 used. 119915.9 avail Mem 

    PID USER      PR  NI    VIRT    RES    SHR S  %CPU  %MEM     TIME+ COMMAND
1363575 23mUeno   20   0    7008   5164   2372 S  11.6   0.0   2:02.17 afl-fuzz

top - 23:56:31 up 93 days, 11:47,  6 users,  load average: 0.41, 0.52, 0.49
Tasks:   1 total,   0 running,   1 sleeping,   0 stopped,   0 zombie
%Cpu(s):  0.2 us,  0.3 sy,  0.0 ni, 99.4 id,  0.0 wa,  0.0 hi,  0.0 si,  0.0 st
MiB Mem : 128490.0 total,  40288.8 free,   6746.6 used,  81454.6 buff/cache
MiB Swap:   2048.0 total,   1980.0 free,     68.0 used. 119915.9 avail Mem 

    PID USER      PR  NI    VIRT    RES    SHR S  %CPU  %MEM     TIME+ COMMAND
1363575 23mUeno   20   0    7008   5176   2372 S  10.8   0.0   2:02.71 afl-fuzz

top - 23:56:36 up 93 days, 11:47,  6 users,  load average: 0.38, 0.51, 0.49
Tasks:   1 total,   1 running,   0 sleeping,   0 stopped,   0 zombie
%Cpu(s):  0.2 us,  0.4 sy,  0.0 ni, 99.4 id,  0.0 wa,  0.0 hi,  0.0 si,  0.0 st
MiB Mem : 128490.0 total,  40288.8 free,   6746.6 used,  81454.6 buff/cache
MiB Swap:   2048.0 total,   1980.0 free,     68.0 used. 119915.9 avail Mem 

    PID USER      PR  NI    VIRT    RES    SHR S  %CPU  %MEM     TIME+ COMMAND
1363575 23mUeno   20   0    7008   5176   2372 R  12.6   0.0   2:03.34 afl-fuzz

top - 23:56:41 up 93 days, 11:47,  6 users,  load average: 0.35, 0.50, 0.48
Tasks:   1 total,   1 running,   0 sleeping,   0 stopped,   0 zombie
%Cpu(s):  0.3 us,  0.6 sy,  0.0 ni, 99.1 id,  0.0 wa,  0.0 hi,  0.0 si,  0.0 st
MiB Mem : 128490.0 total,  40289.8 free,   6745.7 used,  81454.6 buff/cache
MiB Swap:   2048.0 total,   1980.0 free,     68.0 used. 119916.9 avail Mem 

    PID USER      PR  NI    VIRT    RES    SHR S  %CPU  %MEM     TIME+ COMMAND
1363575 23mUeno   20   0    7008   5176   2372 R  20.0   0.0   2:04.34 afl-fuzz

top - 23:56:46 up 93 days, 11:47,  6 users,  load average: 0.48, 0.53, 0.49
Tasks:   1 total,   0 running,   1 sleeping,   0 stopped,   0 zombie
%Cpu(s):  0.2 us,  0.5 sy,  0.0 ni, 99.3 id,  0.0 wa,  0.0 hi,  0.0 si,  0.0 st
MiB Mem : 128490.0 total,  40289.8 free,   6745.7 used,  81454.6 buff/cache
MiB Swap:   2048.0 total,   1980.0 free,     68.0 used. 119916.9 avail Mem 

    PID USER      PR  NI    VIRT    RES    SHR S  %CPU  %MEM     TIME+ COMMAND
1363575 23mUeno   20   0    7008   5176   2372 S  15.2   0.0   2:05.10 afl-fuzz

top - 23:56:51 up 93 days, 11:47,  6 users,  load average: 0.44, 0.52, 0.49
Tasks:   1 total,   0 running,   1 sleeping,   0 stopped,   0 zombie
%Cpu(s):  0.2 us,  0.5 sy,  0.0 ni, 99.2 id,  0.0 wa,  0.0 hi,  0.0 si,  0.0 st
MiB Mem : 128490.0 total,  40289.8 free,   6745.6 used,  81454.6 buff/cache
MiB Swap:   2048.0 total,   1980.0 free,     68.0 used. 119916.9 avail Mem 

    PID USER      PR  NI    VIRT    RES    SHR S  %CPU  %MEM     TIME+ COMMAND
1363575 23mUeno   20   0    7008   5176   2372 S  16.6   0.0   2:05.93 afl-fuzz

top - 23:56:56 up 93 days, 11:48,  6 users,  load average: 0.48, 0.53, 0.49
Tasks:   1 total,   0 running,   1 sleeping,   0 stopped,   0 zombie
%Cpu(s):  0.2 us,  0.5 sy,  0.0 ni, 99.3 id,  0.0 wa,  0.0 hi,  0.0 si,  0.0 st
MiB Mem : 128490.0 total,  40289.8 free,   6745.6 used,  81454.6 buff/cache
MiB Swap:   2048.0 total,   1980.0 free,     68.0 used. 119917.0 avail Mem 

    PID USER      PR  NI    VIRT    RES    SHR S  %CPU  %MEM     TIME+ COMMAND
1363575 23mUeno   20   0    7008   5188   2372 S  16.0   0.0   2:06.73 afl-fuzz

top - 23:57:01 up 93 days, 11:48,  6 users,  load average: 0.69, 0.57, 0.50
Tasks:   1 total,   0 running,   1 sleeping,   0 stopped,   0 zombie
%Cpu(s):  0.2 us,  0.5 sy,  0.0 ni, 99.2 id,  0.0 wa,  0.0 hi,  0.0 si,  0.0 st
MiB Mem : 128490.0 total,  40289.8 free,   6745.6 used,  81454.6 buff/cache
MiB Swap:   2048.0 total,   1980.0 free,     68.0 used. 119917.0 avail Mem 

    PID USER      PR  NI    VIRT    RES    SHR S  %CPU  %MEM     TIME+ COMMAND
1363575 23mUeno   20   0    7008   5204   2372 S  16.6   0.0   2:07.56 afl-fuzz

top - 23:57:06 up 93 days, 11:48,  6 users,  load average: 0.63, 0.56, 0.50
Tasks:   1 total,   0 running,   1 sleeping,   0 stopped,   0 zombie
%Cpu(s):  0.2 us,  0.6 sy,  0.0 ni, 99.2 id,  0.0 wa,  0.0 hi,  0.0 si,  0.0 st
MiB Mem : 128490.0 total,  40289.8 free,   6745.6 used,  81454.6 buff/cache
MiB Swap:   2048.0 total,   1980.0 free,     68.0 used. 119917.0 avail Mem 

    PID USER      PR  NI    VIRT    RES    SHR S  %CPU  %MEM     TIME+ COMMAND
1363575 23mUeno   20   0    7008   5204   2372 S  17.8   0.0   2:08.45 afl-fuzz

top - 23:57:11 up 93 days, 11:48,  6 users,  load average: 0.58, 0.55, 0.50
Tasks:   1 total,   0 running,   1 sleeping,   0 stopped,   0 zombie
%Cpu(s):  0.2 us,  0.5 sy,  0.0 ni, 99.2 id,  0.0 wa,  0.0 hi,  0.0 si,  0.0 st
MiB Mem : 128490.0 total,  40289.8 free,   6745.6 used,  81454.6 buff/cache
MiB Swap:   2048.0 total,   1980.0 free,     68.0 used. 119917.0 avail Mem 

    PID USER      PR  NI    VIRT    RES    SHR S  %CPU  %MEM     TIME+ COMMAND
1363575 23mUeno   20   0    7044   5208   2372 D  17.2   0.0   2:09.31 afl-fuzz

top - 23:57:16 up 93 days, 11:48,  6 users,  load average: 0.53, 0.54, 0.50
Tasks:   1 total,   0 running,   1 sleeping,   0 stopped,   0 zombie
%Cpu(s):  0.2 us,  0.4 sy,  0.0 ni, 99.3 id,  0.0 wa,  0.0 hi,  0.0 si,  0.0 st
MiB Mem : 128490.0 total,  40289.1 free,   6746.3 used,  81454.6 buff/cache
MiB Swap:   2048.0 total,   1980.0 free,     68.0 used. 119916.2 avail Mem 

    PID USER      PR  NI    VIRT    RES    SHR S  %CPU  %MEM     TIME+ COMMAND
1363575 23mUeno   20   0    7360   5516   2372 S  15.4   0.0   2:10.08 afl-fuzz

top - 23:57:21 up 93 days, 11:48,  6 users,  load average: 0.49, 0.53, 0.49
Tasks:   1 total,   0 running,   1 sleeping,   0 stopped,   0 zombie
%Cpu(s):  0.2 us,  0.5 sy,  0.0 ni, 99.3 id,  0.0 wa,  0.0 hi,  0.0 si,  0.0 st
MiB Mem : 128490.0 total,  40289.1 free,   6746.3 used,  81454.6 buff/cache
MiB Swap:   2048.0 total,   1980.0 free,     68.0 used. 119916.3 avail Mem 

    PID USER      PR  NI    VIRT    RES    SHR S  %CPU  %MEM     TIME+ COMMAND
1363575 23mUeno   20   0    7360   5516   2372 S  16.4   0.0   2:10.90 afl-fuzz

top - 23:57:26 up 93 days, 11:48,  6 users,  load average: 0.45, 0.52, 0.49
Tasks:   1 total,   0 running,   1 sleeping,   0 stopped,   0 zombie
%Cpu(s):  0.3 us,  0.5 sy,  0.0 ni, 99.2 id,  0.0 wa,  0.0 hi,  0.0 si,  0.0 st
MiB Mem : 128490.0 total,  40289.1 free,   6746.3 used,  81454.6 buff/cache
MiB Swap:   2048.0 total,   1980.0 free,     68.0 used. 119916.3 avail Mem 

    PID USER      PR  NI    VIRT    RES    SHR S  %CPU  %MEM     TIME+ COMMAND
1363575 23mUeno   20   0    7360   5516   2372 S  16.8   0.0   2:11.74 afl-fuzz

top - 23:57:31 up 93 days, 11:48,  6 users,  load average: 0.66, 0.56, 0.50
Tasks:   1 total,   1 running,   0 sleeping,   0 stopped,   0 zombie
%Cpu(s):  0.2 us,  0.5 sy,  0.0 ni, 99.2 id,  0.0 wa,  0.0 hi,  0.0 si,  0.0 st
MiB Mem : 128490.0 total,  40288.6 free,   6746.8 used,  81454.6 buff/cache
MiB Swap:   2048.0 total,   1980.0 free,     68.0 used. 119915.8 avail Mem 

    PID USER      PR  NI    VIRT    RES    SHR S  %CPU  %MEM     TIME+ COMMAND
1363575 23mUeno   20   0    7680   5836   2372 R  18.6   0.0   2:12.67 afl-fuzz

top - 23:57:36 up 93 days, 11:48,  6 users,  load average: 0.60, 0.55, 0.50
Tasks:   1 total,   0 running,   1 sleeping,   0 stopped,   0 zombie
%Cpu(s):  0.3 us,  0.5 sy,  0.0 ni, 99.2 id,  0.0 wa,  0.0 hi,  0.0 si,  0.0 st
MiB Mem : 128490.0 total,  40288.6 free,   6746.8 used,  81454.6 buff/cache
MiB Swap:   2048.0 total,   1980.0 free,     68.0 used. 119915.8 avail Mem 

    PID USER      PR  NI    VIRT    RES    SHR S  %CPU  %MEM     TIME+ COMMAND
1363575 23mUeno   20   0    7680   5836   2372 S  18.0   0.0   2:13.57 afl-fuzz

top - 23:57:41 up 93 days, 11:48,  6 users,  load average: 0.64, 0.56, 0.50
Tasks:   1 total,   1 running,   0 sleeping,   0 stopped,   0 zombie
%Cpu(s):  0.3 us,  0.5 sy,  0.0 ni, 99.2 id,  0.0 wa,  0.0 hi,  0.0 si,  0.0 st
MiB Mem : 128490.0 total,  40288.6 free,   6746.8 used,  81454.6 buff/cache
MiB Swap:   2048.0 total,   1980.0 free,     68.0 used. 119915.8 avail Mem 

    PID USER      PR  NI    VIRT    RES    SHR S  %CPU  %MEM     TIME+ COMMAND
1363575 23mUeno   20   0    7680   5836   2372 R  17.6   0.0   2:14.45 afl-fuzz

top - 23:57:46 up 93 days, 11:48,  6 users,  load average: 0.58, 0.55, 0.50
Tasks:   1 total,   1 running,   0 sleeping,   0 stopped,   0 zombie
%Cpu(s):  0.2 us,  0.6 sy,  0.0 ni, 99.2 id,  0.0 wa,  0.0 hi,  0.0 si,  0.0 st
MiB Mem : 128490.0 total,  40288.6 free,   6746.8 used,  81454.6 buff/cache
MiB Swap:   2048.0 total,   1980.0 free,     68.0 used. 119915.8 avail Mem 

    PID USER      PR  NI    VIRT    RES    SHR S  %CPU  %MEM     TIME+ COMMAND
1363575 23mUeno   20   0    7680   5836   2372 R  19.4   0.0   2:15.42 afl-fuzz

top - 23:57:51 up 93 days, 11:48,  6 users,  load average: 0.54, 0.54, 0.50
Tasks:   1 total,   0 running,   1 sleeping,   0 stopped,   0 zombie
%Cpu(s):  0.3 us,  0.6 sy,  0.0 ni, 99.2 id,  0.0 wa,  0.0 hi,  0.0 si,  0.0 st
MiB Mem : 128490.0 total,  40288.6 free,   6746.8 used,  81454.7 buff/cache
MiB Swap:   2048.0 total,   1980.0 free,     68.0 used. 119915.8 avail Mem 

    PID USER      PR  NI    VIRT    RES    SHR S  %CPU  %MEM     TIME+ COMMAND
1363575 23mUeno   20   0    7680   5836   2372 S  19.0   0.0   2:16.37 afl-fuzz

top - 23:57:56 up 93 days, 11:49,  6 users,  load average: 0.65, 0.57, 0.51
Tasks:   1 total,   0 running,   1 sleeping,   0 stopped,   0 zombie
%Cpu(s):  0.3 us,  0.6 sy,  0.0 ni, 99.1 id,  0.0 wa,  0.0 hi,  0.0 si,  0.0 st
MiB Mem : 128490.0 total,  40288.3 free,   6747.0 used,  81454.7 buff/cache
MiB Swap:   2048.0 total,   1980.0 free,     68.0 used. 119915.6 avail Mem 

    PID USER      PR  NI    VIRT    RES    SHR S  %CPU  %MEM     TIME+ COMMAND
1363575 23mUeno   20   0    7680   5836   2372 S  20.0   0.0   2:17.37 afl-fuzz

top - 23:58:01 up 93 days, 11:49,  6 users,  load average: 0.60, 0.56, 0.50
Tasks:   1 total,   0 running,   1 sleeping,   0 stopped,   0 zombie
%Cpu(s):  0.2 us,  0.5 sy,  0.0 ni, 99.2 id,  0.0 wa,  0.0 hi,  0.0 si,  0.0 st
MiB Mem : 128490.0 total,  40288.3 free,   6747.0 used,  81454.7 buff/cache
MiB Swap:   2048.0 total,   1980.0 free,     68.0 used. 119915.6 avail Mem 

    PID USER      PR  NI    VIRT    RES    SHR S  %CPU  %MEM     TIME+ COMMAND
1363575 23mUeno   20   0    7680   5836   2372 S  17.4   0.0   2:18.24 afl-fuzz

top - 23:58:07 up 93 days, 11:49,  6 users,  load average: 0.71, 0.58, 0.51
Tasks:   1 total,   0 running,   1 sleeping,   0 stopped,   0 zombie
%Cpu(s):  0.2 us,  0.5 sy,  0.0 ni, 99.2 id,  0.0 wa,  0.0 hi,  0.0 si,  0.0 st
MiB Mem : 128490.0 total,  40288.4 free,   6746.9 used,  81454.7 buff/cache
MiB Swap:   2048.0 total,   1980.0 free,     68.0 used. 119915.7 avail Mem 

    PID USER      PR  NI    VIRT    RES    SHR S  %CPU  %MEM     TIME+ COMMAND
1363575 23mUeno   20   0    7680   5836   2372 S  16.6   0.0   2:19.07 afl-fuzz

top - 23:58:12 up 93 days, 11:49,  6 users,  load average: 0.74, 0.59, 0.51
Tasks:   1 total,   0 running,   1 sleeping,   0 stopped,   0 zombie
%Cpu(s):  0.2 us,  0.4 sy,  0.0 ni, 99.4 id,  0.0 wa,  0.0 hi,  0.0 si,  0.0 st
MiB Mem : 128490.0 total,  40288.2 free,   6747.1 used,  81454.8 buff/cache
MiB Swap:   2048.0 total,   1980.0 free,     68.0 used. 119915.5 avail Mem 

    PID USER      PR  NI    VIRT    RES    SHR S  %CPU  %MEM     TIME+ COMMAND
1363575 23mUeno   20   0    7680   5836   2372 S  12.4   0.0   2:19.69 afl-fuzz

top - 23:58:17 up 93 days, 11:49,  6 users,  load average: 0.68, 0.58, 0.51
Tasks:   1 total,   0 running,   1 sleeping,   0 stopped,   0 zombie
%Cpu(s):  0.3 us,  0.5 sy,  0.0 ni, 99.2 id,  0.0 wa,  0.0 hi,  0.0 si,  0.0 st
MiB Mem : 128490.0 total,  40288.2 free,   6747.1 used,  81454.8 buff/cache
MiB Swap:   2048.0 total,   1980.0 free,     68.0 used. 119915.5 avail Mem 

    PID USER      PR  NI    VIRT    RES    SHR S  %CPU  %MEM     TIME+ COMMAND
1363575 23mUeno   20   0    7680   5836   2372 S  17.8   0.0   2:20.58 afl-fuzz

top - 23:58:22 up 93 days, 11:49,  6 users,  load average: 0.62, 0.57, 0.51
Tasks:   1 total,   1 running,   0 sleeping,   0 stopped,   0 zombie
%Cpu(s):  0.2 us,  0.4 sy,  0.0 ni, 99.4 id,  0.0 wa,  0.0 hi,  0.0 si,  0.0 st
MiB Mem : 128490.0 total,  40288.2 free,   6747.1 used,  81454.8 buff/cache
MiB Swap:   2048.0 total,   1980.0 free,     68.0 used. 119915.5 avail Mem 

    PID USER      PR  NI    VIRT    RES    SHR S  %CPU  %MEM     TIME+ COMMAND
1363575 23mUeno   20   0    7680   5836   2372 R  12.0   0.0   2:21.18 afl-fuzz

top - 23:58:27 up 93 days, 11:49,  6 users,  load average: 0.57, 0.56, 0.51
Tasks:   1 total,   1 running,   0 sleeping,   0 stopped,   0 zombie
%Cpu(s):  0.2 us,  0.5 sy,  0.0 ni, 99.3 id,  0.0 wa,  0.0 hi,  0.0 si,  0.0 st
MiB Mem : 128490.0 total,  40288.2 free,   6747.0 used,  81454.8 buff/cache
MiB Swap:   2048.0 total,   1980.0 free,     68.0 used. 119915.5 avail Mem 

    PID USER      PR  NI    VIRT    RES    SHR S  %CPU  %MEM     TIME+ COMMAND
1363575 23mUeno   20   0    7680   5836   2372 R  14.8   0.0   2:21.92 afl-fuzz

top - 23:58:32 up 93 days, 11:49,  6 users,  load average: 0.61, 0.57, 0.51
Tasks:   1 total,   0 running,   1 sleeping,   0 stopped,   0 zombie
%Cpu(s):  0.3 us,  0.5 sy,  0.0 ni, 99.2 id,  0.0 wa,  0.0 hi,  0.0 si,  0.0 st
MiB Mem : 128490.0 total,  40287.9 free,   6747.3 used,  81454.8 buff/cache
MiB Swap:   2048.0 total,   1980.0 free,     68.0 used. 119915.3 avail Mem 

    PID USER      PR  NI    VIRT    RES    SHR S  %CPU  %MEM     TIME+ COMMAND
1363575 23mUeno   20   0    7680   5836   2372 S  17.6   0.0   2:22.80 afl-fuzz

top - 23:58:37 up 93 days, 11:49,  6 users,  load average: 0.64, 0.57, 0.51
Tasks:   1 total,   0 running,   1 sleeping,   0 stopped,   0 zombie
%Cpu(s):  0.2 us,  0.4 sy,  0.0 ni, 99.3 id,  0.0 wa,  0.0 hi,  0.0 si,  0.0 st
MiB Mem : 128490.0 total,  40288.2 free,   6747.0 used,  81454.9 buff/cache
MiB Swap:   2048.0 total,   1980.0 free,     68.0 used. 119915.6 avail Mem 

    PID USER      PR  NI    VIRT    RES    SHR S  %CPU  %MEM     TIME+ COMMAND
1363575 23mUeno   20   0    7680   5836   2372 S  13.8   0.0   2:23.49 afl-fuzz

top - 23:58:42 up 93 days, 11:49,  6 users,  load average: 0.59, 0.56, 0.51
Tasks:   1 total,   0 running,   1 sleeping,   0 stopped,   0 zombie
%Cpu(s):  0.2 us,  0.3 sy,  0.0 ni, 99.5 id,  0.0 wa,  0.0 hi,  0.0 si,  0.0 st
MiB Mem : 128490.0 total,  40288.2 free,   6747.0 used,  81454.9 buff/cache
MiB Swap:   2048.0 total,   1980.0 free,     68.0 used. 119915.6 avail Mem 

    PID USER      PR  NI    VIRT    RES    SHR S  %CPU  %MEM     TIME+ COMMAND
1363575 23mUeno   20   0    7680   5836   2372 S   9.4   0.0   2:23.96 afl-fuzz

top - 23:58:47 up 93 days, 11:49,  6 users,  load average: 0.62, 0.57, 0.51
Tasks:   1 total,   0 running,   1 sleeping,   0 stopped,   0 zombie
%Cpu(s):  0.3 us,  0.5 sy,  0.0 ni, 99.3 id,  0.0 wa,  0.0 hi,  0.0 si,  0.0 st
MiB Mem : 128490.0 total,  40288.2 free,   6746.9 used,  81454.9 buff/cache
MiB Swap:   2048.0 total,   1980.0 free,     68.0 used. 119915.6 avail Mem 

    PID USER      PR  NI    VIRT    RES    SHR S  %CPU  %MEM     TIME+ COMMAND
1363575 23mUeno   20   0    7716   5836   2372 D  16.4   0.0   2:24.78 afl-fuzz

top - 23:58:52 up 93 days, 11:49,  6 users,  load average: 0.73, 0.60, 0.52
Tasks:   1 total,   0 running,   1 sleeping,   0 stopped,   0 zombie
%Cpu(s):  0.2 us,  0.2 sy,  0.0 ni, 99.5 id,  0.0 wa,  0.0 hi,  0.0 si,  0.0 st
MiB Mem : 128490.0 total,  40288.0 free,   6747.1 used,  81454.9 buff/cache
MiB Swap:   2048.0 total,   1980.0 free,     68.0 used. 119915.5 avail Mem 

    PID USER      PR  NI    VIRT    RES    SHR S  %CPU  %MEM     TIME+ COMMAND
1363575 23mUeno   20   0    7680   5836   2372 S   7.6   0.0   2:25.16 afl-fuzz

top - 23:58:57 up 93 days, 11:50,  6 users,  load average: 0.67, 0.59, 0.52
Tasks:   1 total,   0 running,   1 sleeping,   0 stopped,   0 zombie
%Cpu(s):  0.2 us,  0.3 sy,  0.0 ni, 99.5 id,  0.0 wa,  0.0 hi,  0.0 si,  0.0 st
MiB Mem : 128490.0 total,  40288.2 free,   6746.8 used,  81455.0 buff/cache
MiB Swap:   2048.0 total,   1980.0 free,     68.0 used. 119915.8 avail Mem 

    PID USER      PR  NI    VIRT    RES    SHR S  %CPU  %MEM     TIME+ COMMAND
1363575 23mUeno   20   0    7680   5836   2372 S   9.0   0.0   2:25.61 afl-fuzz

top - 23:59:02 up 93 days, 11:50,  6 users,  load average: 0.62, 0.58, 0.51
Tasks:   1 total,   0 running,   1 sleeping,   0 stopped,   0 zombie
%Cpu(s):  0.2 us,  0.3 sy,  0.0 ni, 99.5 id,  0.0 wa,  0.0 hi,  0.0 si,  0.0 st
MiB Mem : 128490.0 total,  40288.0 free,   6747.1 used,  81455.0 buff/cache
MiB Swap:   2048.0 total,   1980.0 free,     68.0 used. 119915.5 avail Mem 

    PID USER      PR  NI    VIRT    RES    SHR S  %CPU  %MEM     TIME+ COMMAND
1363575 23mUeno   20   0    7680   5836   2372 S   9.8   0.0   2:26.10 afl-fuzz

top - 23:59:07 up 93 days, 11:50,  6 users,  load average: 0.57, 0.57, 0.51
Tasks:   1 total,   0 running,   1 sleeping,   0 stopped,   0 zombie
%Cpu(s):  0.2 us,  0.3 sy,  0.0 ni, 99.5 id,  0.0 wa,  0.0 hi,  0.0 si,  0.0 st
MiB Mem : 128490.0 total,  40288.0 free,   6747.1 used,  81455.0 buff/cache
MiB Swap:   2048.0 total,   1980.0 free,     68.0 used. 119915.5 avail Mem 

    PID USER      PR  NI    VIRT    RES    SHR S  %CPU  %MEM     TIME+ COMMAND
1363575 23mUeno   20   0    7680   5836   2372 S   8.8   0.0   2:26.54 afl-fuzz

top - 23:59:12 up 93 days, 11:50,  6 users,  load average: 0.60, 0.57, 0.51
Tasks:   1 total,   0 running,   1 sleeping,   0 stopped,   0 zombie
%Cpu(s):  0.2 us,  0.3 sy,  0.0 ni, 99.4 id,  0.0 wa,  0.0 hi,  0.0 si,  0.0 st
MiB Mem : 128490.0 total,  40288.0 free,   6747.1 used,  81455.0 buff/cache
MiB Swap:   2048.0 total,   1980.0 free,     68.0 used. 119915.5 avail Mem 

    PID USER      PR  NI    VIRT    RES    SHR S  %CPU  %MEM     TIME+ COMMAND
1363575 23mUeno   20   0    7680   5836   2372 S  11.2   0.0   2:27.10 afl-fuzz

top - 23:59:17 up 93 days, 11:50,  6 users,  load average: 0.56, 0.56, 0.51
Tasks:   1 total,   0 running,   1 sleeping,   0 stopped,   0 zombie
%Cpu(s):  0.2 us,  0.4 sy,  0.0 ni, 99.4 id,  0.0 wa,  0.0 hi,  0.0 si,  0.0 st
MiB Mem : 128490.0 total,  40288.0 free,   6747.1 used,  81455.0 buff/cache
MiB Swap:   2048.0 total,   1980.0 free,     68.0 used. 119915.5 avail Mem 

    PID USER      PR  NI    VIRT    RES    SHR S  %CPU  %MEM     TIME+ COMMAND
1363575 23mUeno   20   0    7680   5836   2372 S  11.8   0.0   2:27.69 afl-fuzz

top - 23:59:22 up 93 days, 11:50,  6 users,  load average: 0.51, 0.55, 0.51
Tasks:   1 total,   0 running,   1 sleeping,   0 stopped,   0 zombie
%Cpu(s):  0.2 us,  0.3 sy,  0.0 ni, 99.5 id,  0.0 wa,  0.0 hi,  0.0 si,  0.0 st
MiB Mem : 128490.0 total,  40288.0 free,   6747.1 used,  81455.0 buff/cache
MiB Swap:   2048.0 total,   1980.0 free,     68.0 used. 119915.5 avail Mem 

    PID USER      PR  NI    VIRT    RES    SHR S  %CPU  %MEM     TIME+ COMMAND
1363575 23mUeno   20   0    7680   5836   2372 S   9.0   0.0   2:28.14 afl-fuzz

top - 23:59:27 up 93 days, 11:50,  6 users,  load average: 0.55, 0.56, 0.51
Tasks:   1 total,   0 running,   1 sleeping,   0 stopped,   0 zombie
%Cpu(s):  0.2 us,  0.3 sy,  0.0 ni, 99.5 id,  0.0 wa,  0.0 hi,  0.0 si,  0.0 st
MiB Mem : 128490.0 total,  40288.0 free,   6747.1 used,  81455.0 buff/cache
MiB Swap:   2048.0 total,   1980.0 free,     68.0 used. 119915.5 avail Mem 

    PID USER      PR  NI    VIRT    RES    SHR S  %CPU  %MEM     TIME+ COMMAND
1363575 23mUeno   20   0    7680   5836   2372 S   8.2   0.0   2:28.55 afl-fuzz

top - 23:59:32 up 93 days, 11:50,  6 users,  load average: 0.51, 0.55, 0.51
Tasks:   1 total,   0 running,   1 sleeping,   0 stopped,   0 zombie
%Cpu(s):  0.2 us,  0.3 sy,  0.0 ni, 99.5 id,  0.0 wa,  0.0 hi,  0.0 si,  0.0 st
MiB Mem : 128490.0 total,  40288.2 free,   6746.8 used,  81455.0 buff/cache
MiB Swap:   2048.0 total,   1980.0 free,     68.0 used. 119915.8 avail Mem 

    PID USER      PR  NI    VIRT    RES    SHR S  %CPU  %MEM     TIME+ COMMAND
1363575 23mUeno   20   0    7680   5836   2372 S   7.8   0.0   2:28.94 afl-fuzz

top - 23:59:37 up 93 days, 11:50,  6 users,  load average: 0.46, 0.54, 0.51
Tasks:   1 total,   0 running,   1 sleeping,   0 stopped,   0 zombie
%Cpu(s):  0.3 us,  0.3 sy,  0.0 ni, 99.4 id,  0.0 wa,  0.0 hi,  0.0 si,  0.0 st
MiB Mem : 128490.0 total,  40287.7 free,   6747.3 used,  81455.0 buff/cache
MiB Swap:   2048.0 total,   1980.0 free,     68.0 used. 119915.3 avail Mem 

    PID USER      PR  NI    VIRT    RES    SHR S  %CPU  %MEM     TIME+ COMMAND
1363575 23mUeno   20   0    7680   5836   2372 S   9.6   0.0   2:29.42 afl-fuzz

top - 23:59:42 up 93 days, 11:50,  6 users,  load average: 0.43, 0.53, 0.50
Tasks:   1 total,   0 running,   1 sleeping,   0 stopped,   0 zombie
%Cpu(s):  0.2 us,  0.3 sy,  0.0 ni, 99.5 id,  0.0 wa,  0.0 hi,  0.0 si,  0.0 st
MiB Mem : 128490.0 total,  40287.7 free,   6747.2 used,  81455.0 buff/cache
MiB Swap:   2048.0 total,   1980.0 free,     68.0 used. 119915.4 avail Mem 

    PID USER      PR  NI    VIRT    RES    SHR S  %CPU  %MEM     TIME+ COMMAND
1363575 23mUeno   20   0    7680   5836   2372 S   9.0   0.0   2:29.87 afl-fuzz

top - 23:59:47 up 93 days, 11:50,  6 users,  load average: 0.39, 0.52, 0.50
Tasks:   1 total,   0 running,   1 sleeping,   0 stopped,   0 zombie
%Cpu(s):  0.2 us,  0.3 sy,  0.0 ni, 99.5 id,  0.0 wa,  0.0 hi,  0.0 si,  0.0 st
MiB Mem : 128490.0 total,  40287.7 free,   6747.2 used,  81455.0 buff/cache
MiB Swap:   2048.0 total,   1980.0 free,     68.0 used. 119915.4 avail Mem 

    PID USER      PR  NI    VIRT    RES    SHR S  %CPU  %MEM     TIME+ COMMAND
1363575 23mUeno   20   0    7680   5836   2372 S   9.4   0.0   2:30.34 afl-fuzz

top - 23:59:52 up 93 days, 11:50,  6 users,  load average: 0.44, 0.53, 0.50
Tasks:   1 total,   0 running,   1 sleeping,   0 stopped,   0 zombie
%Cpu(s):  0.2 us,  0.4 sy,  0.0 ni, 99.4 id,  0.0 wa,  0.0 hi,  0.0 si,  0.0 st
MiB Mem : 128490.0 total,  40287.5 free,   6747.4 used,  81455.0 buff/cache
MiB Swap:   2048.0 total,   1980.0 free,     68.0 used. 119915.1 avail Mem 

    PID USER      PR  NI    VIRT    RES    SHR S  %CPU  %MEM     TIME+ COMMAND
1363575 23mUeno   20   0    7680   5836   2372 S   9.8   0.0   2:30.83 afl-fuzz

top - 23:59:57 up 93 days, 11:51,  6 users,  load average: 0.49, 0.54, 0.51
Tasks:   1 total,   0 running,   1 sleeping,   0 stopped,   0 zombie
%Cpu(s):  0.2 us,  0.4 sy,  0.0 ni, 99.4 id,  0.0 wa,  0.0 hi,  0.0 si,  0.0 st
MiB Mem : 128490.0 total,  40287.5 free,   6747.4 used,  81455.0 buff/cache
MiB Swap:   2048.0 total,   1980.0 free,     68.0 used. 119915.1 avail Mem 

    PID USER      PR  NI    VIRT    RES    SHR S  %CPU  %MEM     TIME+ COMMAND
1363575 23mUeno   20   0    7680   5836   2372 S  11.2   0.0   2:31.39 afl-fuzz

top - 00:00:02 up 93 days, 11:51,  6 users,  load average: 0.53, 0.55, 0.51
Tasks:   1 total,   0 running,   1 sleeping,   0 stopped,   0 zombie
%Cpu(s):  0.2 us,  0.3 sy,  0.1 ni, 99.4 id,  0.0 wa,  0.0 hi,  0.0 si,  0.0 st
MiB Mem : 128490.0 total,  40292.6 free,   6742.1 used,  81455.3 buff/cache
MiB Swap:   2048.0 total,   1980.0 free,     68.0 used. 119920.5 avail Mem 

    PID USER      PR  NI    VIRT    RES    SHR S  %CPU  %MEM     TIME+ COMMAND
1363575 23mUeno   20   0    7680   5900   2372 S   6.0   0.0   2:31.69 afl-fuzz

top - 00:00:07 up 93 days, 11:51,  6 users,  load average: 0.65, 0.57, 0.52
Tasks:   1 total,   0 running,   1 sleeping,   0 stopped,   0 zombie
%Cpu(s):  0.2 us,  0.3 sy,  0.0 ni, 99.5 id,  0.0 wa,  0.0 hi,  0.0 si,  0.0 st
MiB Mem : 128490.0 total,  40292.6 free,   6742.1 used,  81455.3 buff/cache
MiB Swap:   2048.0 total,   1980.0 free,     68.0 used. 119920.5 avail Mem 

    PID USER      PR  NI    VIRT    RES    SHR S  %CPU  %MEM     TIME+ COMMAND
1363575 23mUeno   20   0    7680   5900   2372 S   9.0   0.0   2:32.14 afl-fuzz

top - 00:00:12 up 93 days, 11:51,  6 users,  load average: 0.59, 0.56, 0.51
Tasks:   1 total,   0 running,   1 sleeping,   0 stopped,   0 zombie
%Cpu(s):  0.2 us,  0.3 sy,  0.0 ni, 99.5 id,  0.0 wa,  0.0 hi,  0.0 si,  0.0 st
MiB Mem : 128490.0 total,  40292.6 free,   6742.0 used,  81455.3 buff/cache
MiB Swap:   2048.0 total,   1980.0 free,     68.0 used. 119920.5 avail Mem 

    PID USER      PR  NI    VIRT    RES    SHR S  %CPU  %MEM     TIME+ COMMAND
1363575 23mUeno   20   0    7680   5900   2372 S   7.8   0.0   2:32.53 afl-fuzz

top - 00:00:17 up 93 days, 11:51,  6 users,  load average: 0.55, 0.55, 0.51
Tasks:   1 total,   0 running,   1 sleeping,   0 stopped,   0 zombie
%Cpu(s):  0.2 us,  0.3 sy,  0.0 ni, 99.5 id,  0.0 wa,  0.0 hi,  0.0 si,  0.0 st
MiB Mem : 128490.0 total,  40292.6 free,   6742.0 used,  81455.3 buff/cache
MiB Swap:   2048.0 total,   1980.0 free,     68.0 used. 119920.5 avail Mem 

    PID USER      PR  NI    VIRT    RES    SHR S  %CPU  %MEM     TIME+ COMMAND
1363575 23mUeno   20   0    7680   5900   2372 S   9.8   0.0   2:33.02 afl-fuzz

top - 00:00:22 up 93 days, 11:51,  6 users,  load average: 0.58, 0.56, 0.51
Tasks:   1 total,   1 running,   0 sleeping,   0 stopped,   0 zombie
%Cpu(s):  0.2 us,  0.4 sy,  0.0 ni, 99.4 id,  0.0 wa,  0.0 hi,  0.0 si,  0.0 st
MiB Mem : 128490.0 total,  40292.6 free,   6742.0 used,  81455.3 buff/cache
MiB Swap:   2048.0 total,   1980.0 free,     68.0 used. 119920.5 avail Mem 

    PID USER      PR  NI    VIRT    RES    SHR S  %CPU  %MEM     TIME+ COMMAND
1363575 23mUeno   20   0    7680   5900   2372 R  12.8   0.0   2:33.66 afl-fuzz

top - 00:00:27 up 93 days, 11:51,  6 users,  load average: 0.54, 0.55, 0.51
Tasks:   1 total,   0 running,   1 sleeping,   0 stopped,   0 zombie
%Cpu(s):  0.2 us,  0.4 sy,  0.0 ni, 99.4 id,  0.0 wa,  0.0 hi,  0.0 si,  0.0 st
MiB Mem : 128490.0 total,  40292.6 free,   6742.0 used,  81455.3 buff/cache
MiB Swap:   2048.0 total,   1980.0 free,     68.0 used. 119920.5 avail Mem 

    PID USER      PR  NI    VIRT    RES    SHR S  %CPU  %MEM     TIME+ COMMAND
1363575 23mUeno   20   0    7680   5900   2372 S  12.0   0.0   2:34.26 afl-fuzz

top - 00:00:32 up 93 days, 11:51,  6 users,  load average: 0.49, 0.54, 0.51
Tasks:   1 total,   0 running,   1 sleeping,   0 stopped,   0 zombie
%Cpu(s):  0.2 us,  0.4 sy,  0.0 ni, 99.4 id,  0.0 wa,  0.0 hi,  0.0 si,  0.0 st
MiB Mem : 128490.0 total,  40292.9 free,   6741.8 used,  81455.3 buff/cache
MiB Swap:   2048.0 total,   1980.0 free,     68.0 used. 119920.8 avail Mem 

    PID USER      PR  NI    VIRT    RES    SHR S  %CPU  %MEM     TIME+ COMMAND
1363575 23mUeno   20   0    7680   5900   2372 S  11.2   0.0   2:34.82 afl-fuzz

top - 00:00:37 up 93 days, 11:51,  6 users,  load average: 0.69, 0.58, 0.52
Tasks:   1 total,   0 running,   1 sleeping,   0 stopped,   0 zombie
%Cpu(s):  0.2 us,  0.3 sy,  0.0 ni, 99.5 id,  0.0 wa,  0.0 hi,  0.0 si,  0.0 st
MiB Mem : 128490.0 total,  40292.9 free,   6741.8 used,  81455.4 buff/cache
MiB Swap:   2048.0 total,   1980.0 free,     68.0 used. 119920.8 avail Mem 

    PID USER      PR  NI    VIRT    RES    SHR S  %CPU  %MEM     TIME+ COMMAND
1363575 23mUeno   20   0    7680   5900   2372 S  10.6   0.0   2:35.35 afl-fuzz

top - 00:00:42 up 93 days, 11:51,  6 users,  load average: 0.72, 0.59, 0.52
Tasks:   1 total,   0 running,   1 sleeping,   0 stopped,   0 zombie
%Cpu(s):  0.2 us,  0.4 sy,  0.0 ni, 99.4 id,  0.0 wa,  0.0 hi,  0.0 si,  0.0 st
MiB Mem : 128490.0 total,  40292.9 free,   6741.8 used,  81455.4 buff/cache
MiB Swap:   2048.0 total,   1980.0 free,     68.0 used. 119920.8 avail Mem 

    PID USER      PR  NI    VIRT    RES    SHR S  %CPU  %MEM     TIME+ COMMAND
1363575 23mUeno   20   0    7680   5900   2372 S  11.4   0.0   2:35.92 afl-fuzz

top - 00:00:47 up 93 days, 11:51,  6 users,  load average: 0.66, 0.58, 0.52
Tasks:   1 total,   0 running,   1 sleeping,   0 stopped,   0 zombie
%Cpu(s):  0.2 us,  0.2 sy,  0.0 ni, 99.6 id,  0.0 wa,  0.0 hi,  0.0 si,  0.0 st
MiB Mem : 128490.0 total,  40292.9 free,   6741.8 used,  81455.4 buff/cache
MiB Swap:   2048.0 total,   1980.0 free,     68.0 used. 119920.8 avail Mem 

    PID USER      PR  NI    VIRT    RES    SHR S  %CPU  %MEM     TIME+ COMMAND
1363575 23mUeno   20   0    7680   5900   2372 S   5.4   0.0   2:36.19 afl-fuzz

top - 00:00:52 up 93 days, 11:51,  6 users,  load average: 0.61, 0.57, 0.52
Tasks:   1 total,   0 running,   1 sleeping,   0 stopped,   0 zombie
%Cpu(s):  0.2 us,  0.1 sy,  0.0 ni, 99.7 id,  0.0 wa,  0.0 hi,  0.0 si,  0.0 st
MiB Mem : 128490.0 total,  40292.9 free,   6741.8 used,  81455.4 buff/cache
MiB Swap:   2048.0 total,   1980.0 free,     68.0 used. 119920.8 avail Mem 

    PID USER      PR  NI    VIRT    RES    SHR S  %CPU  %MEM     TIME+ COMMAND
1363575 23mUeno   20   0    7680   5900   2372 S   1.8   0.0   2:36.28 afl-fuzz

top - 00:00:57 up 93 days, 11:52,  6 users,  load average: 0.56, 0.56, 0.52
Tasks:   1 total,   0 running,   1 sleeping,   0 stopped,   0 zombie
%Cpu(s):  0.2 us,  0.1 sy,  0.0 ni, 99.7 id,  0.0 wa,  0.0 hi,  0.0 si,  0.0 st
MiB Mem : 128490.0 total,  40292.9 free,   6741.8 used,  81455.4 buff/cache
MiB Swap:   2048.0 total,   1980.0 free,     68.0 used. 119920.8 avail Mem 

    PID USER      PR  NI    VIRT    RES    SHR S  %CPU  %MEM     TIME+ COMMAND
1363575 23mUeno   20   0    7680   5900   2372 S   1.6   0.0   2:36.36 afl-fuzz

top - 00:01:02 up 93 days, 11:52,  6 users,  load average: 0.51, 0.55, 0.51
Tasks:   1 total,   0 running,   1 sleeping,   0 stopped,   0 zombie
%Cpu(s):  0.2 us,  0.1 sy,  0.0 ni, 99.7 id,  0.0 wa,  0.0 hi,  0.0 si,  0.0 st
MiB Mem : 128490.0 total,  40292.9 free,   6741.8 used,  81455.4 buff/cache
MiB Swap:   2048.0 total,   1980.0 free,     68.0 used. 119920.8 avail Mem 

    PID USER      PR  NI    VIRT    RES    SHR S  %CPU  %MEM     TIME+ COMMAND
1363575 23mUeno   20   0    7680   5900   2372 S   2.0   0.0   2:36.46 afl-fuzz

top - 00:01:07 up 93 days, 11:52,  6 users,  load average: 0.47, 0.54, 0.51
Tasks:   1 total,   0 running,   1 sleeping,   0 stopped,   0 zombie
%Cpu(s):  0.2 us,  0.1 sy,  0.0 ni, 99.7 id,  0.0 wa,  0.0 hi,  0.0 si,  0.0 st
MiB Mem : 128490.0 total,  40292.9 free,   6741.8 used,  81455.4 buff/cache
MiB Swap:   2048.0 total,   1980.0 free,     68.0 used. 119920.8 avail Mem 

    PID USER      PR  NI    VIRT    RES    SHR S  %CPU  %MEM     TIME+ COMMAND
1363575 23mUeno   20   0    7680   5900   2372 S   1.6   0.0   2:36.54 afl-fuzz

top - 00:01:12 up 93 days, 11:52,  6 users,  load average: 0.52, 0.55, 0.51
Tasks:   1 total,   0 running,   1 sleeping,   0 stopped,   0 zombie
%Cpu(s):  0.2 us,  0.1 sy,  0.0 ni, 99.7 id,  0.0 wa,  0.0 hi,  0.0 si,  0.0 st
MiB Mem : 128490.0 total,  40292.9 free,   6741.8 used,  81455.4 buff/cache
MiB Swap:   2048.0 total,   1980.0 free,     68.0 used. 119920.8 avail Mem 

    PID USER      PR  NI    VIRT    RES    SHR S  %CPU  %MEM     TIME+ COMMAND
1363575 23mUeno   20   0    7680   5900   2372 S   1.8   0.0   2:36.63 afl-fuzz

top - 00:01:17 up 93 days, 11:52,  6 users,  load average: 0.55, 0.56, 0.52
Tasks:   1 total,   0 running,   1 sleeping,   0 stopped,   0 zombie
%Cpu(s):  0.1 us,  0.1 sy,  0.0 ni, 99.7 id,  0.0 wa,  0.0 hi,  0.0 si,  0.0 st
MiB Mem : 128490.0 total,  40292.9 free,   6741.8 used,  81455.4 buff/cache
MiB Swap:   2048.0 total,   1980.0 free,     68.0 used. 119920.8 avail Mem 

    PID USER      PR  NI    VIRT    RES    SHR S  %CPU  %MEM     TIME+ COMMAND
1363575 23mUeno   20   0    7680   5900   2372 S   1.4   0.0   2:36.70 afl-fuzz

top - 00:01:22 up 93 days, 11:52,  6 users,  load average: 0.51, 0.55, 0.51
Tasks:   1 total,   0 running,   1 sleeping,   0 stopped,   0 zombie
%Cpu(s):  0.2 us,  0.1 sy,  0.0 ni, 99.7 id,  0.0 wa,  0.0 hi,  0.0 si,  0.0 st
MiB Mem : 128490.0 total,  40292.9 free,   6741.8 used,  81455.4 buff/cache
MiB Swap:   2048.0 total,   1980.0 free,     68.0 used. 119920.8 avail Mem 

    PID USER      PR  NI    VIRT    RES    SHR S  %CPU  %MEM     TIME+ COMMAND
1363575 23mUeno   20   0    7680   5900   2372 S   1.8   0.0   2:36.79 afl-fuzz

top - 00:01:27 up 93 days, 11:52,  6 users,  load average: 0.47, 0.54, 0.51
Tasks:   1 total,   0 running,   1 sleeping,   0 stopped,   0 zombie
%Cpu(s):  0.2 us,  0.1 sy,  0.0 ni, 99.7 id,  0.0 wa,  0.0 hi,  0.0 si,  0.0 st
MiB Mem : 128490.0 total,  40292.9 free,   6741.7 used,  81455.4 buff/cache
MiB Swap:   2048.0 total,   1980.0 free,     68.0 used. 119920.8 avail Mem 

    PID USER      PR  NI    VIRT    RES    SHR S  %CPU  %MEM     TIME+ COMMAND
1363575 23mUeno   20   0    7680   5900   2372 S   1.8   0.0   2:36.88 afl-fuzz

top - 00:01:32 up 93 days, 11:52,  6 users,  load average: 0.51, 0.55, 0.51
Tasks:   1 total,   0 running,   1 sleeping,   0 stopped,   0 zombie
%Cpu(s):  0.2 us,  0.1 sy,  0.0 ni, 99.7 id,  0.0 wa,  0.0 hi,  0.0 si,  0.0 st
MiB Mem : 128490.0 total,  40292.9 free,   6741.7 used,  81455.4 buff/cache
MiB Swap:   2048.0 total,   1980.0 free,     68.0 used. 119920.8 avail Mem 

    PID USER      PR  NI    VIRT    RES    SHR S  %CPU  %MEM     TIME+ COMMAND
1363575 23mUeno   20   0    7680   5900   2372 S   1.6   0.0   2:36.96 afl-fuzz

top - 00:01:37 up 93 days, 11:52,  6 users,  load average: 0.47, 0.54, 0.51
Tasks:   1 total,   0 running,   1 sleeping,   0 stopped,   0 zombie
%Cpu(s):  0.2 us,  0.1 sy,  0.0 ni, 99.7 id,  0.0 wa,  0.0 hi,  0.0 si,  0.0 st
MiB Mem : 128490.0 total,  40292.9 free,   6741.7 used,  81455.4 buff/cache
MiB Swap:   2048.0 total,   1980.0 free,     68.0 used. 119920.9 avail Mem 

    PID USER      PR  NI    VIRT    RES    SHR S  %CPU  %MEM     TIME+ COMMAND
1363575 23mUeno   20   0    7680   5900   2372 S   1.6   0.0   2:37.04 afl-fuzz

top - 00:01:42 up 93 days, 11:52,  6 users,  load average: 0.43, 0.53, 0.51
Tasks:   1 total,   0 running,   1 sleeping,   0 stopped,   0 zombie
%Cpu(s):  0.2 us,  0.1 sy,  0.0 ni, 99.7 id,  0.0 wa,  0.0 hi,  0.0 si,  0.0 st
MiB Mem : 128490.0 total,  40292.9 free,   6741.7 used,  81455.4 buff/cache
MiB Swap:   2048.0 total,   1980.0 free,     68.0 used. 119920.9 avail Mem 

    PID USER      PR  NI    VIRT    RES    SHR S  %CPU  %MEM     TIME+ COMMAND
1363575 23mUeno   20   0    7680   5900   2372 S   1.8   0.0   2:37.13 afl-fuzz

top - 00:01:47 up 93 days, 11:52,  6 users,  load average: 0.40, 0.52, 0.50
Tasks:   1 total,   0 running,   1 sleeping,   0 stopped,   0 zombie
%Cpu(s):  0.2 us,  0.1 sy,  0.0 ni, 99.7 id,  0.0 wa,  0.0 hi,  0.0 si,  0.0 st
MiB Mem : 128490.0 total,  40292.7 free,   6741.9 used,  81455.4 buff/cache
MiB Swap:   2048.0 total,   1980.0 free,     68.0 used. 119920.6 avail Mem 

    PID USER      PR  NI    VIRT    RES    SHR S  %CPU  %MEM     TIME+ COMMAND
1363575 23mUeno   20   0    7680   5900   2372 S   1.6   0.0   2:37.21 afl-fuzz

top - 00:01:52 up 93 days, 11:52,  6 users,  load average: 0.53, 0.54, 0.51
Tasks:   1 total,   0 running,   1 sleeping,   0 stopped,   0 zombie
%Cpu(s):  0.2 us,  0.4 sy,  0.0 ni, 99.4 id,  0.0 wa,  0.0 hi,  0.0 si,  0.0 st
MiB Mem : 128490.0 total,  40292.4 free,   6742.2 used,  81455.4 buff/cache
MiB Swap:   2048.0 total,   1980.0 free,     68.0 used. 119920.4 avail Mem 

    PID USER      PR  NI    VIRT    RES    SHR S  %CPU  %MEM     TIME+ COMMAND
1363575 23mUeno   20   0    7680   5900   2372 S  12.6   0.0   2:37.84 afl-fuzz

top - 00:01:57 up 93 days, 11:53,  6 users,  load average: 0.72, 0.58, 0.53
Tasks:   1 total,   0 running,   1 sleeping,   0 stopped,   0 zombie
%Cpu(s):  0.2 us,  0.5 sy,  0.0 ni, 99.3 id,  0.0 wa,  0.0 hi,  0.0 si,  0.0 st
MiB Mem : 128490.0 total,  40292.4 free,   6742.2 used,  81455.4 buff/cache
MiB Swap:   2048.0 total,   1980.0 free,     68.0 used. 119920.4 avail Mem 

    PID USER      PR  NI    VIRT    RES    SHR S  %CPU  %MEM     TIME+ COMMAND
1363575 23mUeno   20   0    7680   5900   2372 S  15.6   0.0   2:38.62 afl-fuzz

top - 00:02:02 up 93 days, 11:53,  6 users,  load average: 0.75, 0.59, 0.53
Tasks:   1 total,   0 running,   1 sleeping,   0 stopped,   0 zombie
%Cpu(s):  0.2 us,  0.5 sy,  0.0 ni, 99.3 id,  0.0 wa,  0.0 hi,  0.0 si,  0.0 st
MiB Mem : 128490.0 total,  40292.4 free,   6742.2 used,  81455.4 buff/cache
MiB Swap:   2048.0 total,   1980.0 free,     68.0 used. 119920.4 avail Mem 

    PID USER      PR  NI    VIRT    RES    SHR S  %CPU  %MEM     TIME+ COMMAND
1363575 23mUeno   20   0    7680   5900   2372 S  15.6   0.0   2:39.40 afl-fuzz

top - 00:02:07 up 93 days, 11:53,  6 users,  load average: 0.77, 0.60, 0.53
Tasks:   1 total,   0 running,   1 sleeping,   0 stopped,   0 zombie
%Cpu(s):  0.2 us,  0.5 sy,  0.0 ni, 99.3 id,  0.0 wa,  0.0 hi,  0.0 si,  0.0 st
MiB Mem : 128490.0 total,  40292.4 free,   6742.2 used,  81455.4 buff/cache
MiB Swap:   2048.0 total,   1980.0 free,     68.0 used. 119920.4 avail Mem 

    PID USER      PR  NI    VIRT    RES    SHR S  %CPU  %MEM     TIME+ COMMAND
1363575 23mUeno   20   0    7680   5900   2372 S  15.2   0.0   2:40.16 afl-fuzz

top - 00:02:12 up 93 days, 11:53,  6 users,  load average: 0.71, 0.59, 0.53
Tasks:   1 total,   0 running,   1 sleeping,   0 stopped,   0 zombie
%Cpu(s):  0.2 us,  0.5 sy,  0.0 ni, 99.3 id,  0.0 wa,  0.0 hi,  0.0 si,  0.0 st
MiB Mem : 128490.0 total,  40292.2 free,   6742.4 used,  81455.4 buff/cache
MiB Swap:   2048.0 total,   1980.0 free,     68.0 used. 119920.2 avail Mem 

    PID USER      PR  NI    VIRT    RES    SHR S  %CPU  %MEM     TIME+ COMMAND
1363575 23mUeno   20   0    7680   5900   2372 S  15.2   0.0   2:40.92 afl-fuzz

top - 00:02:17 up 93 days, 11:53,  6 users,  load average: 0.65, 0.58, 0.53
Tasks:   1 total,   0 running,   1 sleeping,   0 stopped,   0 zombie
%Cpu(s):  0.2 us,  0.5 sy,  0.0 ni, 99.3 id,  0.0 wa,  0.0 hi,  0.0 si,  0.0 st
MiB Mem : 128490.0 total,  40292.2 free,   6742.4 used,  81455.4 buff/cache
MiB Swap:   2048.0 total,   1980.0 free,     68.0 used. 119920.2 avail Mem 

    PID USER      PR  NI    VIRT    RES    SHR S  %CPU  %MEM     TIME+ COMMAND
1363575 23mUeno   20   0    7680   5900   2372 S  15.4   0.0   2:41.69 afl-fuzz

top - 00:02:22 up 93 days, 11:53,  6 users,  load average: 0.60, 0.57, 0.52
Tasks:   1 total,   0 running,   1 sleeping,   0 stopped,   0 zombie
%Cpu(s):  0.3 us,  0.5 sy,  0.0 ni, 99.2 id,  0.0 wa,  0.0 hi,  0.0 si,  0.0 st
MiB Mem : 128490.0 total,  40292.2 free,   6742.4 used,  81455.4 buff/cache
MiB Swap:   2048.0 total,   1980.0 free,     68.0 used. 119920.2 avail Mem 

    PID USER      PR  NI    VIRT    RES    SHR S  %CPU  %MEM     TIME+ COMMAND
1363575 23mUeno   20   0    7680   5900   2372 S  17.0   0.0   2:42.54 afl-fuzz

top - 00:02:27 up 93 days, 11:53,  6 users,  load average: 0.55, 0.56, 0.52
Tasks:   1 total,   0 running,   1 sleeping,   0 stopped,   0 zombie
%Cpu(s):  0.2 us,  0.6 sy,  0.0 ni, 99.2 id,  0.0 wa,  0.0 hi,  0.0 si,  0.0 st
MiB Mem : 128490.0 total,  40292.2 free,   6742.4 used,  81455.4 buff/cache
MiB Swap:   2048.0 total,   1980.0 free,     68.0 used. 119920.2 avail Mem 

    PID USER      PR  NI    VIRT    RES    SHR S  %CPU  %MEM     TIME+ COMMAND
1363575 23mUeno   20   0    7680   5900   2372 S  18.0   0.0   2:43.44 afl-fuzz

top - 00:02:32 up 93 days, 11:53,  6 users,  load average: 0.59, 0.57, 0.52
Tasks:   1 total,   0 running,   1 sleeping,   0 stopped,   0 zombie
%Cpu(s):  0.2 us,  0.4 sy,  0.0 ni, 99.3 id,  0.0 wa,  0.0 hi,  0.0 si,  0.0 st
MiB Mem : 128490.0 total,  40292.0 free,   6742.6 used,  81455.5 buff/cache
MiB Swap:   2048.0 total,   1980.0 free,     68.0 used. 119920.0 avail Mem 

    PID USER      PR  NI    VIRT    RES    SHR S  %CPU  %MEM     TIME+ COMMAND
1363575 23mUeno   20   0    7980   6136   2372 S  14.4   0.0   2:44.16 afl-fuzz

top - 00:02:37 up 93 days, 11:53,  6 users,  load average: 0.78, 0.61, 0.54
Tasks:   1 total,   0 running,   1 sleeping,   0 stopped,   0 zombie
%Cpu(s):  0.2 us,  0.5 sy,  0.0 ni, 99.3 id,  0.0 wa,  0.0 hi,  0.0 si,  0.0 st
MiB Mem : 128490.0 total,  40292.0 free,   6742.6 used,  81455.5 buff/cache
MiB Swap:   2048.0 total,   1980.0 free,     68.0 used. 119920.0 avail Mem 

    PID USER      PR  NI    VIRT    RES    SHR S  %CPU  %MEM     TIME+ COMMAND
1363575 23mUeno   20   0    7980   6136   2372 S  15.6   0.0   2:44.94 afl-fuzz

top - 00:02:42 up 93 days, 11:53,  6 users,  load average: 0.72, 0.60, 0.53
Tasks:   1 total,   0 running,   1 sleeping,   0 stopped,   0 zombie
%Cpu(s):  0.2 us,  0.5 sy,  0.0 ni, 99.3 id,  0.0 wa,  0.0 hi,  0.0 si,  0.0 st
MiB Mem : 128490.0 total,  40292.4 free,   6742.1 used,  81455.5 buff/cache
MiB Swap:   2048.0 total,   1980.0 free,     68.0 used. 119920.5 avail Mem 

    PID USER      PR  NI    VIRT    RES    SHR S  %CPU  %MEM     TIME+ COMMAND
1363575 23mUeno   20   0    7980   6136   2372 S  14.6   0.0   2:45.67 afl-fuzz

top - 00:02:47 up 93 days, 11:53,  6 users,  load average: 0.90, 0.64, 0.55
Tasks:   1 total,   0 running,   1 sleeping,   0 stopped,   0 zombie
%Cpu(s):  0.3 us,  0.6 sy,  0.0 ni, 99.1 id,  0.0 wa,  0.0 hi,  0.0 si,  0.0 st
MiB Mem : 128490.0 total,  40292.4 free,   6742.1 used,  81455.5 buff/cache
MiB Swap:   2048.0 total,   1980.0 free,     68.0 used. 119920.5 avail Mem 

    PID USER      PR  NI    VIRT    RES    SHR S  %CPU  %MEM     TIME+ COMMAND
1363575 23mUeno   20   0    7980   6136   2372 S  20.4   0.0   2:46.69 afl-fuzz

top - 00:02:52 up 93 days, 11:53,  6 users,  load average: 0.91, 0.64, 0.55
Tasks:   1 total,   0 running,   1 sleeping,   0 stopped,   0 zombie
%Cpu(s):  0.2 us,  0.5 sy,  0.0 ni, 99.3 id,  0.0 wa,  0.0 hi,  0.0 si,  0.0 st
MiB Mem : 128490.0 total,  40292.4 free,   6742.1 used,  81455.5 buff/cache
MiB Swap:   2048.0 total,   1980.0 free,     68.0 used. 119920.5 avail Mem 

    PID USER      PR  NI    VIRT    RES    SHR S  %CPU  %MEM     TIME+ COMMAND
1363575 23mUeno   20   0    8016   6136   2372 D  17.4   0.0   2:47.56 afl-fuzz

top - 00:02:57 up 93 days, 11:54,  6 users,  load average: 1.08, 0.68, 0.56
Tasks:   1 total,   0 running,   1 sleeping,   0 stopped,   0 zombie
%Cpu(s):  0.2 us,  0.5 sy,  0.0 ni, 99.2 id,  0.0 wa,  0.0 hi,  0.0 si,  0.0 st
MiB Mem : 128490.0 total,  40292.4 free,   6742.1 used,  81455.5 buff/cache
MiB Swap:   2048.0 total,   1980.0 free,     68.0 used. 119920.5 avail Mem 

    PID USER      PR  NI    VIRT    RES    SHR S  %CPU  %MEM     TIME+ COMMAND
1363575 23mUeno   20   0    7980   6136   2372 S  18.2   0.0   2:48.47 afl-fuzz

top - 00:03:02 up 93 days, 11:54,  6 users,  load average: 0.99, 0.67, 0.56
Tasks:   1 total,   0 running,   1 sleeping,   0 stopped,   0 zombie
%Cpu(s):  0.2 us,  0.4 sy,  0.0 ni, 99.3 id,  0.0 wa,  0.0 hi,  0.0 si,  0.0 st
MiB Mem : 128490.0 total,  40292.4 free,   6742.1 used,  81455.5 buff/cache
MiB Swap:   2048.0 total,   1980.0 free,     68.0 used. 119920.5 avail Mem 

    PID USER      PR  NI    VIRT    RES    SHR S  %CPU  %MEM     TIME+ COMMAND
1363575 23mUeno   20   0    7980   6136   2372 S  15.0   0.0   2:49.22 afl-fuzz

top - 00:03:07 up 93 days, 11:54,  6 users,  load average: 1.07, 0.69, 0.57
Tasks:   1 total,   1 running,   0 sleeping,   0 stopped,   0 zombie
%Cpu(s):  0.3 us,  0.5 sy,  0.0 ni, 99.2 id,  0.0 wa,  0.0 hi,  0.0 si,  0.0 st
MiB Mem : 128490.0 total,  40292.4 free,   6742.1 used,  81455.5 buff/cache
MiB Swap:   2048.0 total,   1980.0 free,     68.0 used. 119920.5 avail Mem 

    PID USER      PR  NI    VIRT    RES    SHR S  %CPU  %MEM     TIME+ COMMAND
1363575 23mUeno   20   0    7980   6136   2372 R  17.8   0.0   2:50.11 afl-fuzz

top - 00:03:12 up 93 days, 11:54,  6 users,  load average: 0.98, 0.68, 0.56
Tasks:   1 total,   0 running,   1 sleeping,   0 stopped,   0 zombie
%Cpu(s):  0.2 us,  0.5 sy,  0.0 ni, 99.3 id,  0.0 wa,  0.0 hi,  0.0 si,  0.0 st
MiB Mem : 128490.0 total,  40292.4 free,   6742.0 used,  81455.5 buff/cache
MiB Swap:   2048.0 total,   1980.0 free,     68.0 used. 119920.5 avail Mem 

    PID USER      PR  NI    VIRT    RES    SHR S  %CPU  %MEM     TIME+ COMMAND
1363575 23mUeno   20   0    7980   6136   2372 S  16.0   0.0   2:50.91 afl-fuzz

top - 00:03:17 up 93 days, 11:54,  6 users,  load average: 1.15, 0.72, 0.58
Tasks:   1 total,   1 running,   0 sleeping,   0 stopped,   0 zombie
%Cpu(s):  0.2 us,  0.4 sy,  0.0 ni, 99.3 id,  0.0 wa,  0.0 hi,  0.0 si,  0.0 st
MiB Mem : 128490.0 total,  40292.5 free,   6742.0 used,  81455.5 buff/cache
MiB Swap:   2048.0 total,   1980.0 free,     68.0 used. 119920.6 avail Mem 

    PID USER      PR  NI    VIRT    RES    SHR S  %CPU  %MEM     TIME+ COMMAND
1363575 23mUeno   20   0    7980   6136   2372 R  13.6   0.0   2:51.59 afl-fuzz

top - 00:03:22 up 93 days, 11:54,  6 users,  load average: 1.05, 0.71, 0.57
Tasks:   1 total,   0 running,   1 sleeping,   0 stopped,   0 zombie
%Cpu(s):  0.2 us,  0.4 sy,  0.0 ni, 99.4 id,  0.0 wa,  0.0 hi,  0.0 si,  0.0 st
MiB Mem : 128490.0 total,  40292.5 free,   6742.0 used,  81455.5 buff/cache
MiB Swap:   2048.0 total,   1980.0 free,     68.0 used. 119920.6 avail Mem 

    PID USER      PR  NI    VIRT    RES    SHR S  %CPU  %MEM     TIME+ COMMAND
1363575 23mUeno   20   0    7980   6136   2372 S  12.0   0.0   2:52.19 afl-fuzz

top - 00:03:27 up 93 days, 11:54,  6 users,  load average: 0.97, 0.70, 0.57
Tasks:   1 total,   0 running,   1 sleeping,   0 stopped,   0 zombie
%Cpu(s):  0.2 us,  0.4 sy,  0.0 ni, 99.5 id,  0.0 wa,  0.0 hi,  0.0 si,  0.0 st
MiB Mem : 128490.0 total,  40292.5 free,   6742.0 used,  81455.5 buff/cache
MiB Swap:   2048.0 total,   1980.0 free,     68.0 used. 119920.6 avail Mem 

    PID USER      PR  NI    VIRT    RES    SHR S  %CPU  %MEM     TIME+ COMMAND
1363575 23mUeno   20   0    7980   6136   2372 S  11.2   0.0   2:52.75 afl-fuzz

top - 00:03:32 up 93 days, 11:54,  6 users,  load average: 0.89, 0.68, 0.57
Tasks:   1 total,   0 running,   1 sleeping,   0 stopped,   0 zombie
%Cpu(s):  0.2 us,  0.4 sy,  0.0 ni, 99.4 id,  0.0 wa,  0.0 hi,  0.0 si,  0.0 st
MiB Mem : 128490.0 total,  40292.5 free,   6742.0 used,  81455.5 buff/cache
MiB Swap:   2048.0 total,   1980.0 free,     68.0 used. 119920.6 avail Mem 

    PID USER      PR  NI    VIRT    RES    SHR S  %CPU  %MEM     TIME+ COMMAND
1363575 23mUeno   20   0    7980   6136   2372 S  12.4   0.0   2:53.37 afl-fuzz

top - 00:03:37 up 93 days, 11:54,  6 users,  load average: 0.82, 0.67, 0.56
Tasks:   1 total,   0 running,   1 sleeping,   0 stopped,   0 zombie
%Cpu(s):  0.2 us,  0.4 sy,  0.0 ni, 99.4 id,  0.0 wa,  0.0 hi,  0.0 si,  0.0 st
MiB Mem : 128490.0 total,  40292.5 free,   6742.0 used,  81455.5 buff/cache
MiB Swap:   2048.0 total,   1980.0 free,     68.0 used. 119920.6 avail Mem 

    PID USER      PR  NI    VIRT    RES    SHR S  %CPU  %MEM     TIME+ COMMAND
1363575 23mUeno   20   0    7980   6136   2372 S  12.2   0.0   2:53.98 afl-fuzz

top - 00:03:42 up 93 days, 11:54,  6 users,  load average: 0.75, 0.66, 0.56
Tasks:   1 total,   0 running,   1 sleeping,   0 stopped,   0 zombie
%Cpu(s):  0.2 us,  0.4 sy,  0.0 ni, 99.4 id,  0.0 wa,  0.0 hi,  0.0 si,  0.0 st
MiB Mem : 128490.0 total,  40292.2 free,   6742.2 used,  81455.5 buff/cache
MiB Swap:   2048.0 total,   1980.0 free,     68.0 used. 119920.4 avail Mem 

    PID USER      PR  NI    VIRT    RES    SHR S  %CPU  %MEM     TIME+ COMMAND
1363575 23mUeno   20   0    7980   6136   2372 S  12.2   0.0   2:54.59 afl-fuzz

top - 00:03:47 up 93 days, 11:54,  6 users,  load average: 0.69, 0.65, 0.56
Tasks:   1 total,   1 running,   0 sleeping,   0 stopped,   0 zombie
%Cpu(s):  0.3 us,  0.4 sy,  0.0 ni, 99.3 id,  0.0 wa,  0.0 hi,  0.0 si,  0.0 st
MiB Mem : 128490.0 total,  40292.2 free,   6742.2 used,  81455.5 buff/cache
MiB Swap:   2048.0 total,   1980.0 free,     68.0 used. 119920.4 avail Mem 

    PID USER      PR  NI    VIRT    RES    SHR S  %CPU  %MEM     TIME+ COMMAND
1363575 23mUeno   20   0    7980   6136   2372 R  13.4   0.0   2:55.26 afl-fuzz

top - 00:03:52 up 93 days, 11:54,  6 users,  load average: 0.72, 0.66, 0.56
Tasks:   1 total,   0 running,   1 sleeping,   0 stopped,   0 zombie
%Cpu(s):  0.2 us,  0.3 sy,  0.0 ni, 99.5 id,  0.0 wa,  0.0 hi,  0.0 si,  0.0 st
MiB Mem : 128490.0 total,  40292.0 free,   6742.5 used,  81455.5 buff/cache
MiB Swap:   2048.0 total,   1980.0 free,     68.0 used. 119920.1 avail Mem 

    PID USER      PR  NI    VIRT    RES    SHR S  %CPU  %MEM     TIME+ COMMAND
1363575 23mUeno   20   0    7980   6136   2372 S   9.8   0.0   2:55.75 afl-fuzz

top - 00:03:57 up 93 days, 11:55,  6 users,  load average: 0.66, 0.64, 0.56
Tasks:   1 total,   0 running,   1 sleeping,   0 stopped,   0 zombie
%Cpu(s):  0.2 us,  0.3 sy,  0.0 ni, 99.5 id,  0.0 wa,  0.0 hi,  0.0 si,  0.0 st
MiB Mem : 128490.0 total,  40292.0 free,   6742.5 used,  81455.5 buff/cache
MiB Swap:   2048.0 total,   1980.0 free,     68.0 used. 119920.1 avail Mem 

    PID USER      PR  NI    VIRT    RES    SHR S  %CPU  %MEM     TIME+ COMMAND
1363575 23mUeno   20   0    7980   6136   2372 S  10.4   0.0   2:56.27 afl-fuzz

top - 00:04:02 up 93 days, 11:55,  6 users,  load average: 0.61, 0.63, 0.55
Tasks:   1 total,   0 running,   1 sleeping,   0 stopped,   0 zombie
%Cpu(s):  0.2 us,  0.3 sy,  0.0 ni, 99.5 id,  0.0 wa,  0.0 hi,  0.0 si,  0.0 st
MiB Mem : 128490.0 total,  40292.0 free,   6742.5 used,  81455.5 buff/cache
MiB Swap:   2048.0 total,   1980.0 free,     68.0 used. 119920.1 avail Mem 

    PID USER      PR  NI    VIRT    RES    SHR S  %CPU  %MEM     TIME+ COMMAND
1363575 23mUeno   20   0    8016   6136   2372 D   8.6   0.0   2:56.70 afl-fuzz

top - 00:04:07 up 93 days, 11:55,  6 users,  load average: 0.56, 0.62, 0.55
Tasks:   1 total,   1 running,   0 sleeping,   0 stopped,   0 zombie
%Cpu(s):  0.2 us,  0.3 sy,  0.0 ni, 99.5 id,  0.0 wa,  0.0 hi,  0.0 si,  0.0 st
MiB Mem : 128490.0 total,  40292.0 free,   6742.5 used,  81455.5 buff/cache
MiB Swap:   2048.0 total,   1980.0 free,     68.0 used. 119920.1 avail Mem 

    PID USER      PR  NI    VIRT    RES    SHR S  %CPU  %MEM     TIME+ COMMAND
1363575 23mUeno   20   0    7980   6136   2372 R   9.0   0.0   2:57.15 afl-fuzz

top - 00:04:12 up 93 days, 11:55,  6 users,  load average: 0.51, 0.61, 0.55
Tasks:   1 total,   0 running,   1 sleeping,   0 stopped,   0 zombie
%Cpu(s):  0.2 us,  0.3 sy,  0.0 ni, 99.4 id,  0.0 wa,  0.0 hi,  0.0 si,  0.0 st
MiB Mem : 128490.0 total,  40292.0 free,   6742.5 used,  81455.5 buff/cache
MiB Swap:   2048.0 total,   1980.0 free,     68.0 used. 119920.1 avail Mem 

    PID USER      PR  NI    VIRT    RES    SHR S  %CPU  %MEM     TIME+ COMMAND
1363575 23mUeno   20   0    7980   6136   2372 S   9.8   0.0   2:57.64 afl-fuzz

top - 00:04:17 up 93 days, 11:55,  6 users,  load average: 0.47, 0.60, 0.54
Tasks:   1 total,   1 running,   0 sleeping,   0 stopped,   0 zombie
%Cpu(s):  0.2 us,  0.3 sy,  0.0 ni, 99.4 id,  0.0 wa,  0.0 hi,  0.0 si,  0.0 st
MiB Mem : 128490.0 total,  40292.0 free,   6742.5 used,  81455.5 buff/cache
MiB Swap:   2048.0 total,   1980.0 free,     68.0 used. 119920.1 avail Mem 

    PID USER      PR  NI    VIRT    RES    SHR S  %CPU  %MEM     TIME+ COMMAND
1363575 23mUeno   20   0    7980   6136   2372 R   9.6   0.0   2:58.12 afl-fuzz

top - 00:04:22 up 93 days, 11:55,  6 users,  load average: 0.43, 0.59, 0.54
Tasks:   1 total,   1 running,   0 sleeping,   0 stopped,   0 zombie
%Cpu(s):  0.2 us,  0.4 sy,  0.0 ni, 99.4 id,  0.0 wa,  0.0 hi,  0.0 si,  0.0 st
MiB Mem : 128490.0 total,  40291.8 free,   6742.7 used,  81455.5 buff/cache
MiB Swap:   2048.0 total,   1980.0 free,     68.0 used. 119919.9 avail Mem 

    PID USER      PR  NI    VIRT    RES    SHR S  %CPU  %MEM     TIME+ COMMAND
1363575 23mUeno   20   0    7980   6136   2372 R  11.0   0.0   2:58.67 afl-fuzz

top - 00:04:27 up 93 days, 11:55,  6 users,  load average: 0.40, 0.58, 0.54
Tasks:   1 total,   0 running,   1 sleeping,   0 stopped,   0 zombie
%Cpu(s):  0.2 us,  0.3 sy,  0.0 ni, 99.5 id,  0.0 wa,  0.0 hi,  0.0 si,  0.0 st
MiB Mem : 128490.0 total,  40291.8 free,   6742.7 used,  81455.5 buff/cache
MiB Swap:   2048.0 total,   1980.0 free,     68.0 used. 119919.9 avail Mem 

    PID USER      PR  NI    VIRT    RES    SHR S  %CPU  %MEM     TIME+ COMMAND
1363575 23mUeno   20   0    7980   6136   2372 S   9.4   0.0   2:59.14 afl-fuzz

top - 00:04:32 up 93 days, 11:55,  6 users,  load average: 0.37, 0.57, 0.53
Tasks:   1 total,   0 running,   1 sleeping,   0 stopped,   0 zombie
%Cpu(s):  0.2 us,  0.3 sy,  0.0 ni, 99.5 id,  0.0 wa,  0.0 hi,  0.0 si,  0.0 st
MiB Mem : 128490.0 total,  40291.8 free,   6742.7 used,  81455.5 buff/cache
MiB Swap:   2048.0 total,   1980.0 free,     68.0 used. 119919.9 avail Mem 

    PID USER      PR  NI    VIRT    RES    SHR S  %CPU  %MEM     TIME+ COMMAND
1363575 23mUeno   20   0    7980   6136   2372 S   8.0   0.0   2:59.54 afl-fuzz

top - 00:04:37 up 93 days, 11:55,  6 users,  load average: 0.34, 0.56, 0.53
Tasks:   1 total,   0 running,   1 sleeping,   0 stopped,   0 zombie
%Cpu(s):  0.2 us,  0.3 sy,  0.0 ni, 99.4 id,  0.0 wa,  0.0 hi,  0.0 si,  0.0 st
MiB Mem : 128490.0 total,  40291.8 free,   6742.7 used,  81455.6 buff/cache
MiB Swap:   2048.0 total,   1980.0 free,     68.0 used. 119919.9 avail Mem 

    PID USER      PR  NI    VIRT    RES    SHR S  %CPU  %MEM     TIME+ COMMAND
1363575 23mUeno   20   0    7980   6136   2372 S  10.2   0.0   3:00.05 afl-fuzz

top - 00:04:42 up 93 days, 11:55,  6 users,  load average: 0.47, 0.59, 0.54
Tasks:   1 total,   0 running,   1 sleeping,   0 stopped,   0 zombie
%Cpu(s):  0.2 us,  0.5 sy,  0.0 ni, 99.2 id,  0.0 wa,  0.0 hi,  0.0 si,  0.0 st
MiB Mem : 128490.0 total,  40292.1 free,   6742.4 used,  81455.6 buff/cache
MiB Swap:   2048.0 total,   1980.0 free,     68.0 used. 119920.2 avail Mem 

    PID USER      PR  NI    VIRT    RES    SHR S  %CPU  %MEM     TIME+ COMMAND
1363575 23mUeno   20   0    7980   6136   2372 S  16.4   0.0   3:00.87 afl-fuzz

top - 00:04:47 up 93 days, 11:55,  6 users,  load average: 0.43, 0.58, 0.54
Tasks:   1 total,   0 running,   1 sleeping,   0 stopped,   0 zombie
%Cpu(s):  0.3 us,  0.4 sy,  0.0 ni, 99.3 id,  0.0 wa,  0.0 hi,  0.0 si,  0.0 st
MiB Mem : 128490.0 total,  40292.1 free,   6742.4 used,  81455.6 buff/cache
MiB Swap:   2048.0 total,   1980.0 free,     68.0 used. 119920.2 avail Mem 

    PID USER      PR  NI    VIRT    RES    SHR S  %CPU  %MEM     TIME+ COMMAND
1363575 23mUeno   20   0    7980   6136   2372 S  14.2   0.0   3:01.58 afl-fuzz

top - 00:04:52 up 93 days, 11:56,  6 users,  load average: 0.56, 0.60, 0.54
Tasks:   1 total,   0 running,   1 sleeping,   0 stopped,   0 zombie
%Cpu(s):  0.2 us,  0.4 sy,  0.0 ni, 99.4 id,  0.0 wa,  0.0 hi,  0.0 si,  0.0 st
MiB Mem : 128490.0 total,  40292.1 free,   6742.4 used,  81455.6 buff/cache
MiB Swap:   2048.0 total,   1980.0 free,     68.0 used. 119920.2 avail Mem 

    PID USER      PR  NI    VIRT    RES    SHR S  %CPU  %MEM     TIME+ COMMAND
1363575 23mUeno   20   0    8016   6136   2372 D  12.2   0.0   3:02.19 afl-fuzz

top - 00:04:57 up 93 days, 11:56,  6 users,  load average: 0.51, 0.59, 0.54
Tasks:   1 total,   1 running,   0 sleeping,   0 stopped,   0 zombie
%Cpu(s):  0.2 us,  0.4 sy,  0.0 ni, 99.3 id,  0.0 wa,  0.0 hi,  0.0 si,  0.0 st
MiB Mem : 128490.0 total,  40292.1 free,   6742.4 used,  81455.6 buff/cache
MiB Swap:   2048.0 total,   1980.0 free,     68.0 used. 119920.2 avail Mem 

    PID USER      PR  NI    VIRT    RES    SHR S  %CPU  %MEM     TIME+ COMMAND
1363575 23mUeno   20   0    7980   6136   2372 R  14.0   0.0   3:02.89 afl-fuzz

top - 00:05:02 up 93 days, 11:56,  6 users,  load average: 0.47, 0.58, 0.54
Tasks:   1 total,   0 running,   1 sleeping,   0 stopped,   0 zombie
%Cpu(s):  0.2 us,  0.4 sy,  0.0 ni, 99.3 id,  0.0 wa,  0.0 hi,  0.0 si,  0.0 st
MiB Mem : 128490.0 total,  40292.1 free,   6742.4 used,  81455.6 buff/cache
MiB Swap:   2048.0 total,   1980.0 free,     68.0 used. 119920.2 avail Mem 

    PID USER      PR  NI    VIRT    RES    SHR S  %CPU  %MEM     TIME+ COMMAND
1363575 23mUeno   20   0    7980   6136   2372 S  14.0   0.0   3:03.59 afl-fuzz

top - 00:05:07 up 93 days, 11:56,  6 users,  load average: 0.43, 0.57, 0.54
Tasks:   1 total,   0 running,   1 sleeping,   0 stopped,   0 zombie
%Cpu(s):  0.2 us,  0.4 sy,  0.0 ni, 99.3 id,  0.0 wa,  0.0 hi,  0.0 si,  0.0 st
MiB Mem : 128490.0 total,  40292.1 free,   6742.4 used,  81455.6 buff/cache
MiB Swap:   2048.0 total,   1980.0 free,     68.0 used. 119920.2 avail Mem 

    PID USER      PR  NI    VIRT    RES    SHR S  %CPU  %MEM     TIME+ COMMAND
1363575 23mUeno   20   0    7980   6136   2372 S  13.4   0.0   3:04.26 afl-fuzz

top - 00:05:12 up 93 days, 11:56,  6 users,  load average: 0.64, 0.61, 0.55
Tasks:   1 total,   1 running,   0 sleeping,   0 stopped,   0 zombie
%Cpu(s):  0.2 us,  0.5 sy,  0.0 ni, 99.3 id,  0.0 wa,  0.0 hi,  0.0 si,  0.0 st
MiB Mem : 128490.0 total,  40291.8 free,   6742.6 used,  81455.6 buff/cache
MiB Swap:   2048.0 total,   1980.0 free,     68.0 used. 119920.0 avail Mem 

    PID USER      PR  NI    VIRT    RES    SHR S  %CPU  %MEM     TIME+ COMMAND
1363575 23mUeno   20   0    7980   6136   2372 R  14.2   0.0   3:04.97 afl-fuzz

top - 00:05:17 up 93 days, 11:56,  6 users,  load average: 0.59, 0.60, 0.55
Tasks:   1 total,   0 running,   1 sleeping,   0 stopped,   0 zombie
%Cpu(s):  0.2 us,  0.3 sy,  0.0 ni, 99.5 id,  0.0 wa,  0.0 hi,  0.0 si,  0.0 st
MiB Mem : 128490.0 total,  40291.3 free,   6743.0 used,  81455.6 buff/cache
MiB Swap:   2048.0 total,   1980.0 free,     68.0 used. 119919.5 avail Mem 

    PID USER      PR  NI    VIRT    RES    SHR S  %CPU  %MEM     TIME+ COMMAND
1363575 23mUeno   20   0    7980   6136   2372 S   9.2   0.0   3:05.43 afl-fuzz

top - 00:05:22 up 93 days, 11:56,  6 users,  load average: 0.54, 0.59, 0.54
Tasks:   1 total,   1 running,   0 sleeping,   0 stopped,   0 zombie
%Cpu(s):  0.2 us,  0.4 sy,  0.0 ni, 99.3 id,  0.0 wa,  0.0 hi,  0.0 si,  0.0 st
MiB Mem : 128490.0 total,  40291.1 free,   6743.2 used,  81455.6 buff/cache
MiB Swap:   2048.0 total,   1980.0 free,     68.0 used. 119919.3 avail Mem 

    PID USER      PR  NI    VIRT    RES    SHR S  %CPU  %MEM     TIME+ COMMAND
1363575 23mUeno   20   0    7980   6136   2372 R  15.2   0.0   3:06.19 afl-fuzz

top - 00:05:27 up 93 days, 11:56,  6 users,  load average: 0.74, 0.63, 0.56
Tasks:   1 total,   1 running,   0 sleeping,   0 stopped,   0 zombie
%Cpu(s):  0.3 us,  0.6 sy,  0.0 ni, 99.1 id,  0.0 wa,  0.0 hi,  0.0 si,  0.0 st
MiB Mem : 128490.0 total,  40291.1 free,   6743.2 used,  81455.6 buff/cache
MiB Swap:   2048.0 total,   1980.0 free,     68.0 used. 119919.3 avail Mem 

    PID USER      PR  NI    VIRT    RES    SHR S  %CPU  %MEM     TIME+ COMMAND
1363575 23mUeno   20   0    7980   6136   2372 R  23.6   0.0   3:07.37 afl-fuzz

top - 00:05:32 up 93 days, 11:56,  6 users,  load average: 0.76, 0.64, 0.56
Tasks:   1 total,   0 running,   1 sleeping,   0 stopped,   0 zombie
%Cpu(s):  0.2 us,  0.3 sy,  0.0 ni, 99.5 id,  0.0 wa,  0.0 hi,  0.0 si,  0.0 st
MiB Mem : 128490.0 total,  40291.1 free,   6743.2 used,  81455.6 buff/cache
MiB Swap:   2048.0 total,   1980.0 free,     68.0 used. 119919.3 avail Mem 

    PID USER      PR  NI    VIRT    RES    SHR S  %CPU  %MEM     TIME+ COMMAND
1363575 23mUeno   20   0    7980   6136   2372 S   9.6   0.0   3:07.85 afl-fuzz

top - 00:05:37 up 93 days, 11:56,  6 users,  load average: 0.70, 0.63, 0.56
Tasks:   1 total,   1 running,   0 sleeping,   0 stopped,   0 zombie
%Cpu(s):  0.3 us,  0.7 sy,  0.0 ni, 99.0 id,  0.0 wa,  0.0 hi,  0.0 si,  0.0 st
MiB Mem : 128490.0 total,  40291.1 free,   6743.2 used,  81455.7 buff/cache
MiB Swap:   2048.0 total,   1980.0 free,     68.0 used. 119919.3 avail Mem 

    PID USER      PR  NI    VIRT    RES    SHR S  %CPU  %MEM     TIME+ COMMAND
1363575 23mUeno   20   0    7980   6136   2372 R  27.5   0.0   3:09.23 afl-fuzz

top - 00:05:42 up 93 days, 11:56,  6 users,  load average: 0.72, 0.63, 0.56
Tasks:   1 total,   0 running,   1 sleeping,   0 stopped,   0 zombie
%Cpu(s):  0.2 us,  0.4 sy,  0.0 ni, 99.4 id,  0.0 wa,  0.0 hi,  0.0 si,  0.0 st
MiB Mem : 128490.0 total,  40291.1 free,   6743.2 used,  81455.7 buff/cache
MiB Swap:   2048.0 total,   1980.0 free,     68.0 used. 119919.3 avail Mem 

    PID USER      PR  NI    VIRT    RES    SHR S  %CPU  %MEM     TIME+ COMMAND
1363575 23mUeno   20   0    7980   6136   2372 S  11.2   0.0   3:09.79 afl-fuzz

top - 00:05:47 up 93 days, 11:56,  6 users,  load average: 0.66, 0.62, 0.55
Tasks:   1 total,   0 running,   1 sleeping,   0 stopped,   0 zombie
%Cpu(s):  0.2 us,  0.3 sy,  0.0 ni, 99.5 id,  0.0 wa,  0.0 hi,  0.0 si,  0.0 st
MiB Mem : 128490.0 total,  40291.1 free,   6743.2 used,  81455.7 buff/cache
MiB Swap:   2048.0 total,   1980.0 free,     68.0 used. 119919.4 avail Mem 

    PID USER      PR  NI    VIRT    RES    SHR S  %CPU  %MEM     TIME+ COMMAND
1363575 23mUeno   20   0    7980   6136   2372 S   9.8   0.0   3:10.28 afl-fuzz

top - 00:05:52 up 93 days, 11:57,  6 users,  load average: 0.61, 0.61, 0.55
Tasks:   1 total,   0 running,   1 sleeping,   0 stopped,   0 zombie
%Cpu(s):  0.2 us,  0.4 sy,  0.0 ni, 99.4 id,  0.0 wa,  0.0 hi,  0.0 si,  0.0 st
MiB Mem : 128490.0 total,  40291.1 free,   6743.2 used,  81455.7 buff/cache
MiB Swap:   2048.0 total,   1980.0 free,     68.0 used. 119919.4 avail Mem 

    PID USER      PR  NI    VIRT    RES    SHR S  %CPU  %MEM     TIME+ COMMAND
1363575 23mUeno   20   0    7740   6024   2372 S  11.4   0.0   3:10.85 afl-fuzz

top - 00:05:57 up 93 days, 11:57,  6 users,  load average: 0.72, 0.63, 0.56
Tasks:   1 total,   0 running,   1 sleeping,   0 stopped,   0 zombie
%Cpu(s):  0.3 us,  0.4 sy,  0.0 ni, 99.4 id,  0.0 wa,  0.0 hi,  0.0 si,  0.0 st
MiB Mem : 128490.0 total,  40291.1 free,   6743.2 used,  81455.7 buff/cache
MiB Swap:   2048.0 total,   1980.0 free,     68.0 used. 119919.4 avail Mem 

    PID USER      PR  NI    VIRT    RES    SHR S  %CPU  %MEM     TIME+ COMMAND
1363575 23mUeno   20   0    7740   6024   2372 S  10.8   0.0   3:11.39 afl-fuzz

top - 00:06:02 up 93 days, 11:57,  6 users,  load average: 0.66, 0.62, 0.56
Tasks:   1 total,   1 running,   0 sleeping,   0 stopped,   0 zombie
%Cpu(s):  0.2 us,  0.4 sy,  0.0 ni, 99.4 id,  0.0 wa,  0.0 hi,  0.0 si,  0.0 st
MiB Mem : 128490.0 total,  40291.1 free,   6743.2 used,  81455.7 buff/cache
MiB Swap:   2048.0 total,   1980.0 free,     68.0 used. 119919.4 avail Mem 

    PID USER      PR  NI    VIRT    RES    SHR S  %CPU  %MEM     TIME+ COMMAND
1363575 23mUeno   20   0    7740   6024   2372 R  11.8   0.0   3:11.98 afl-fuzz

top - 00:06:07 up 93 days, 11:57,  6 users,  load average: 0.69, 0.63, 0.56
Tasks:   1 total,   1 running,   0 sleeping,   0 stopped,   0 zombie
%Cpu(s):  0.2 us,  0.4 sy,  0.0 ni, 99.4 id,  0.0 wa,  0.0 hi,  0.0 si,  0.0 st
MiB Mem : 128490.0 total,  40290.9 free,   6743.4 used,  81455.7 buff/cache
MiB Swap:   2048.0 total,   1980.0 free,     68.0 used. 119919.2 avail Mem 

    PID USER      PR  NI    VIRT    RES    SHR S  %CPU  %MEM     TIME+ COMMAND
1363575 23mUeno   20   0    7740   6024   2372 R  11.6   0.0   3:12.56 afl-fuzz

top - 00:06:12 up 93 days, 11:57,  6 users,  load average: 0.72, 0.64, 0.56
Tasks:   1 total,   0 running,   1 sleeping,   0 stopped,   0 zombie
%Cpu(s):  0.2 us,  0.3 sy,  0.0 ni, 99.5 id,  0.0 wa,  0.0 hi,  0.0 si,  0.0 st
MiB Mem : 128490.0 total,  40290.9 free,   6743.4 used,  81455.7 buff/cache
MiB Swap:   2048.0 total,   1980.0 free,     68.0 used. 119919.2 avail Mem 

    PID USER      PR  NI    VIRT    RES    SHR S  %CPU  %MEM     TIME+ COMMAND
1363575 23mUeno   20   0    7740   6024   2372 S   9.8   0.0   3:13.05 afl-fuzz

top - 00:06:17 up 93 days, 11:57,  6 users,  load average: 0.90, 0.68, 0.57
Tasks:   1 total,   0 running,   1 sleeping,   0 stopped,   0 zombie
%Cpu(s):  0.2 us,  0.3 sy,  0.0 ni, 99.5 id,  0.0 wa,  0.0 hi,  0.0 si,  0.0 st
MiB Mem : 128490.0 total,  40290.9 free,   6743.4 used,  81455.7 buff/cache
MiB Swap:   2048.0 total,   1980.0 free,     68.0 used. 119919.2 avail Mem 

    PID USER      PR  NI    VIRT    RES    SHR S  %CPU  %MEM     TIME+ COMMAND
1363575 23mUeno   20   0    7740   6024   2372 S   9.6   0.0   3:13.53 afl-fuzz

top - 00:06:22 up 93 days, 11:57,  6 users,  load average: 0.83, 0.66, 0.57
Tasks:   1 total,   0 running,   1 sleeping,   0 stopped,   0 zombie
%Cpu(s):  0.2 us,  0.3 sy,  0.0 ni, 99.5 id,  0.0 wa,  0.0 hi,  0.0 si,  0.0 st
MiB Mem : 128490.0 total,  40290.9 free,   6743.4 used,  81455.7 buff/cache
MiB Swap:   2048.0 total,   1980.0 free,     68.0 used. 119919.2 avail Mem 

    PID USER      PR  NI    VIRT    RES    SHR S  %CPU  %MEM     TIME+ COMMAND
1363575 23mUeno   20   0    7740   6024   2372 S   8.8   0.0   3:13.97 afl-fuzz

top - 00:06:27 up 93 days, 11:57,  6 users,  load average: 0.76, 0.65, 0.57
Tasks:   1 total,   0 running,   1 sleeping,   0 stopped,   0 zombie
%Cpu(s):  0.2 us,  0.4 sy,  0.0 ni, 99.5 id,  0.0 wa,  0.0 hi,  0.0 si,  0.0 st
MiB Mem : 128490.0 total,  40290.9 free,   6743.4 used,  81455.7 buff/cache
MiB Swap:   2048.0 total,   1980.0 free,     68.0 used. 119919.2 avail Mem 

    PID USER      PR  NI    VIRT    RES    SHR S  %CPU  %MEM     TIME+ COMMAND
1363575 23mUeno   20   0    7740   6024   2372 S   9.8   0.0   3:14.46 afl-fuzz

top - 00:06:32 up 93 days, 11:57,  6 users,  load average: 0.70, 0.64, 0.56
Tasks:   1 total,   0 running,   1 sleeping,   0 stopped,   0 zombie
%Cpu(s):  0.2 us,  0.3 sy,  0.0 ni, 99.5 id,  0.0 wa,  0.0 hi,  0.0 si,  0.0 st
MiB Mem : 128490.0 total,  40290.9 free,   6743.4 used,  81455.7 buff/cache
MiB Swap:   2048.0 total,   1980.0 free,     68.0 used. 119919.2 avail Mem 

    PID USER      PR  NI    VIRT    RES    SHR S  %CPU  %MEM     TIME+ COMMAND
1363575 23mUeno   20   0    7740   6024   2372 S   9.2   0.0   3:14.92 afl-fuzz

top - 00:06:37 up 93 days, 11:57,  6 users,  load average: 0.64, 0.63, 0.56
Tasks:   1 total,   0 running,   1 sleeping,   0 stopped,   0 zombie
%Cpu(s):  0.2 us,  0.4 sy,  0.0 ni, 99.4 id,  0.0 wa,  0.0 hi,  0.0 si,  0.0 st
MiB Mem : 128490.0 total,  40290.9 free,   6743.4 used,  81455.7 buff/cache
MiB Swap:   2048.0 total,   1980.0 free,     68.0 used. 119919.2 avail Mem 

    PID USER      PR  NI    VIRT    RES    SHR S  %CPU  %MEM     TIME+ COMMAND
1363575 23mUeno   20   0    7740   6024   2372 S  11.2   0.0   3:15.48 afl-fuzz

top - 00:06:42 up 93 days, 11:57,  6 users,  load average: 0.67, 0.64, 0.56
Tasks:   1 total,   0 running,   1 sleeping,   0 stopped,   0 zombie
%Cpu(s):  0.2 us,  0.3 sy,  0.0 ni, 99.5 id,  0.0 wa,  0.0 hi,  0.0 si,  0.0 st
MiB Mem : 128490.0 total,  40290.9 free,   6743.4 used,  81455.7 buff/cache
MiB Swap:   2048.0 total,   1980.0 free,     68.0 used. 119919.2 avail Mem 

    PID USER      PR  NI    VIRT    RES    SHR S  %CPU  %MEM     TIME+ COMMAND
1363575 23mUeno   20   0    7740   6024   2372 S   8.4   0.0   3:15.90 afl-fuzz

top - 00:06:47 up 93 days, 11:57,  6 users,  load average: 0.62, 0.63, 0.56
Tasks:   1 total,   0 running,   1 sleeping,   0 stopped,   0 zombie
%Cpu(s):  0.2 us,  0.3 sy,  0.0 ni, 99.5 id,  0.0 wa,  0.0 hi,  0.0 si,  0.0 st
MiB Mem : 128490.0 total,  40290.9 free,   6743.4 used,  81455.7 buff/cache
MiB Swap:   2048.0 total,   1980.0 free,     68.0 used. 119919.2 avail Mem 

    PID USER      PR  NI    VIRT    RES    SHR S  %CPU  %MEM     TIME+ COMMAND
1363575 23mUeno   20   0    7740   6024   2372 S   8.0   0.0   3:16.30 afl-fuzz

top - 00:06:52 up 93 days, 11:58,  6 users,  load average: 0.57, 0.62, 0.56
Tasks:   1 total,   0 running,   1 sleeping,   0 stopped,   0 zombie
%Cpu(s):  0.2 us,  0.3 sy,  0.0 ni, 99.5 id,  0.0 wa,  0.0 hi,  0.0 si,  0.0 st
MiB Mem : 128490.0 total,  40291.9 free,   6742.3 used,  81455.8 buff/cache
MiB Swap:   2048.0 total,   1980.0 free,     68.0 used. 119920.2 avail Mem 

    PID USER      PR  NI    VIRT    RES    SHR S  %CPU  %MEM     TIME+ COMMAND
1363575 23mUeno   20   0    7740   6024   2372 S   9.2   0.0   3:16.76 afl-fuzz

top - 00:06:57 up 93 days, 11:58,  6 users,  load average: 0.52, 0.61, 0.55
Tasks:   1 total,   0 running,   1 sleeping,   0 stopped,   0 zombie
%Cpu(s):  0.2 us,  0.4 sy,  0.0 ni, 99.4 id,  0.0 wa,  0.0 hi,  0.0 si,  0.0 st
MiB Mem : 128490.0 total,  40291.9 free,   6742.3 used,  81455.8 buff/cache
MiB Swap:   2048.0 total,   1980.0 free,     68.0 used. 119920.2 avail Mem 

    PID USER      PR  NI    VIRT    RES    SHR S  %CPU  %MEM     TIME+ COMMAND
1363575 23mUeno   20   0    7740   6024   2372 S  10.2   0.0   3:17.27 afl-fuzz

top - 00:07:02 up 93 days, 11:58,  6 users,  load average: 0.64, 0.63, 0.56
Tasks:   1 total,   0 running,   1 sleeping,   0 stopped,   0 zombie
%Cpu(s):  0.3 us,  0.6 sy,  0.0 ni, 99.1 id,  0.0 wa,  0.0 hi,  0.0 si,  0.0 st
MiB Mem : 128490.0 total,  40291.9 free,   6742.3 used,  81455.8 buff/cache
MiB Swap:   2048.0 total,   1980.0 free,     68.0 used. 119920.2 avail Mem 

    PID USER      PR  NI    VIRT    RES    SHR S  %CPU  %MEM     TIME+ COMMAND
1363575 23mUeno   20   0    7740   6024   2372 S  19.8   0.0   3:18.26 afl-fuzz

top - 00:07:07 up 93 days, 11:58,  6 users,  load average: 0.75, 0.65, 0.57
Tasks:   1 total,   0 running,   1 sleeping,   0 stopped,   0 zombie
%Cpu(s):  0.2 us,  0.6 sy,  0.0 ni, 99.2 id,  0.0 wa,  0.0 hi,  0.0 si,  0.0 st
MiB Mem : 128490.0 total,  40291.9 free,   6742.3 used,  81455.8 buff/cache
MiB Swap:   2048.0 total,   1980.0 free,     68.0 used. 119920.2 avail Mem 

    PID USER      PR  NI    VIRT    RES    SHR S  %CPU  %MEM     TIME+ COMMAND
1363575 23mUeno   20   0    7740   6024   2372 S  18.0   0.0   3:19.16 afl-fuzz

top - 00:07:12 up 93 days, 11:58,  6 users,  load average: 0.69, 0.64, 0.56
Tasks:   1 total,   1 running,   0 sleeping,   0 stopped,   0 zombie
%Cpu(s):  0.2 us,  0.4 sy,  0.0 ni, 99.4 id,  0.0 wa,  0.0 hi,  0.0 si,  0.0 st
MiB Mem : 128490.0 total,  40291.9 free,   6742.3 used,  81455.8 buff/cache
MiB Swap:   2048.0 total,   1980.0 free,     68.0 used. 119920.2 avail Mem 

    PID USER      PR  NI    VIRT    RES    SHR S  %CPU  %MEM     TIME+ COMMAND
1363575 23mUeno   20   0    7740   6024   2372 R  13.6   0.0   3:19.84 afl-fuzz

top - 00:07:17 up 93 days, 11:58,  6 users,  load average: 0.79, 0.66, 0.57
Tasks:   1 total,   0 running,   1 sleeping,   0 stopped,   0 zombie
%Cpu(s):  0.3 us,  0.5 sy,  0.0 ni, 99.3 id,  0.0 wa,  0.0 hi,  0.0 si,  0.0 st
MiB Mem : 128490.0 total,  40291.6 free,   6742.6 used,  81455.8 buff/cache
MiB Swap:   2048.0 total,   1980.0 free,     68.0 used. 119920.0 avail Mem 

    PID USER      PR  NI    VIRT    RES    SHR S  %CPU  %MEM     TIME+ COMMAND
1363575 23mUeno   20   0    7740   6024   2372 S  16.6   0.0   3:20.67 afl-fuzz

top - 00:07:22 up 93 days, 11:58,  6 users,  load average: 0.73, 0.65, 0.57
Tasks:   1 total,   0 running,   1 sleeping,   0 stopped,   0 zombie
%Cpu(s):  0.2 us,  0.6 sy,  0.0 ni, 99.2 id,  0.0 wa,  0.0 hi,  0.0 si,  0.0 st
MiB Mem : 128490.0 total,  40291.6 free,   6742.6 used,  81455.8 buff/cache
MiB Swap:   2048.0 total,   1980.0 free,     68.0 used. 119920.0 avail Mem 

    PID USER      PR  NI    VIRT    RES    SHR S  %CPU  %MEM     TIME+ COMMAND
1363575 23mUeno   20   0    7740   6024   2372 S  17.0   0.0   3:21.52 afl-fuzz

top - 00:07:27 up 93 days, 11:58,  6 users,  load average: 0.83, 0.67, 0.58
Tasks:   1 total,   0 running,   1 sleeping,   0 stopped,   0 zombie
%Cpu(s):  0.3 us,  0.5 sy,  0.0 ni, 99.2 id,  0.0 wa,  0.0 hi,  0.0 si,  0.0 st
MiB Mem : 128490.0 total,  40291.6 free,   6742.5 used,  81455.8 buff/cache
MiB Swap:   2048.0 total,   1980.0 free,     68.0 used. 119920.0 avail Mem 

    PID USER      PR  NI    VIRT    RES    SHR S  %CPU  %MEM     TIME+ COMMAND
1363575 23mUeno   20   0    7740   6024   2372 S  18.8   0.0   3:22.46 afl-fuzz

top - 00:07:32 up 93 days, 11:58,  6 users,  load average: 0.77, 0.66, 0.57
Tasks:   1 total,   1 running,   0 sleeping,   0 stopped,   0 zombie
%Cpu(s):  0.2 us,  0.5 sy,  0.0 ni, 99.3 id,  0.0 wa,  0.0 hi,  0.0 si,  0.0 st
MiB Mem : 128490.0 total,  40291.6 free,   6742.5 used,  81455.8 buff/cache
MiB Swap:   2048.0 total,   1980.0 free,     68.0 used. 119920.0 avail Mem 

    PID USER      PR  NI    VIRT    RES    SHR S  %CPU  %MEM     TIME+ COMMAND
1363575 23mUeno   20   0    7740   6024   2372 R  15.0   0.0   3:23.21 afl-fuzz

top - 00:07:37 up 93 days, 11:58,  6 users,  load average: 0.79, 0.67, 0.58
Tasks:   1 total,   0 running,   1 sleeping,   0 stopped,   0 zombie
%Cpu(s):  0.2 us,  0.5 sy,  0.0 ni, 99.3 id,  0.0 wa,  0.0 hi,  0.0 si,  0.0 st
MiB Mem : 128490.0 total,  40291.6 free,   6742.5 used,  81455.8 buff/cache
MiB Swap:   2048.0 total,   1980.0 free,     68.0 used. 119920.0 avail Mem 

    PID USER      PR  NI    VIRT    RES    SHR S  %CPU  %MEM     TIME+ COMMAND
1363575 23mUeno   20   0    7740   6024   2372 S  15.6   0.0   3:23.99 afl-fuzz

top - 00:07:42 up 93 days, 11:58,  6 users,  load average: 0.72, 0.66, 0.57
Tasks:   1 total,   0 running,   1 sleeping,   0 stopped,   0 zombie
%Cpu(s):  0.2 us,  0.4 sy,  0.0 ni, 99.4 id,  0.0 wa,  0.0 hi,  0.0 si,  0.0 st
MiB Mem : 128490.0 total,  40291.6 free,   6742.5 used,  81455.8 buff/cache
MiB Swap:   2048.0 total,   1980.0 free,     68.0 used. 119920.0 avail Mem 

    PID USER      PR  NI    VIRT    RES    SHR S  %CPU  %MEM     TIME+ COMMAND
1363575 23mUeno   20   0    7740   6024   2372 S  12.6   0.0   3:24.62 afl-fuzz

top - 00:07:47 up 93 days, 11:58,  6 users,  load average: 0.74, 0.66, 0.57
Tasks:   1 total,   0 running,   1 sleeping,   0 stopped,   0 zombie
%Cpu(s):  0.2 us,  0.3 sy,  0.0 ni, 99.5 id,  0.0 wa,  0.0 hi,  0.0 si,  0.0 st
MiB Mem : 128490.0 total,  40291.6 free,   6742.5 used,  81455.8 buff/cache
MiB Swap:   2048.0 total,   1980.0 free,     68.0 used. 119920.0 avail Mem 

    PID USER      PR  NI    VIRT    RES    SHR S  %CPU  %MEM     TIME+ COMMAND
1363575 23mUeno   20   0    7740   6024   2372 S  10.2   0.0   3:25.13 afl-fuzz

top - 00:07:52 up 93 days, 11:59,  6 users,  load average: 0.68, 0.65, 0.57
Tasks:   1 total,   0 running,   1 sleeping,   0 stopped,   0 zombie
%Cpu(s):  0.2 us,  0.3 sy,  0.0 ni, 99.5 id,  0.0 wa,  0.0 hi,  0.0 si,  0.0 st
MiB Mem : 128490.0 total,  40291.5 free,   6742.7 used,  81455.8 buff/cache
MiB Swap:   2048.0 total,   1980.0 free,     68.0 used. 119919.9 avail Mem 

    PID USER      PR  NI    VIRT    RES    SHR S  %CPU  %MEM     TIME+ COMMAND
1363575 23mUeno   20   0    7740   6024   2372 S   9.4   0.0   3:25.60 afl-fuzz

top - 00:07:57 up 93 days, 11:59,  6 users,  load average: 0.63, 0.64, 0.57
Tasks:   1 total,   0 running,   1 sleeping,   0 stopped,   0 zombie
%Cpu(s):  0.2 us,  0.3 sy,  0.0 ni, 99.5 id,  0.0 wa,  0.0 hi,  0.0 si,  0.0 st
MiB Mem : 128490.0 total,  40291.7 free,   6742.4 used,  81455.8 buff/cache
MiB Swap:   2048.0 total,   1980.0 free,     68.0 used. 119920.1 avail Mem 

    PID USER      PR  NI    VIRT    RES    SHR S  %CPU  %MEM     TIME+ COMMAND
1363575 23mUeno   20   0    7776   6024   2372 D   8.8   0.0   3:26.04 afl-fuzz

top - 00:08:02 up 93 days, 11:59,  6 users,  load average: 0.58, 0.63, 0.56
Tasks:   1 total,   0 running,   1 sleeping,   0 stopped,   0 zombie
%Cpu(s):  0.2 us,  0.3 sy,  0.0 ni, 99.5 id,  0.0 wa,  0.0 hi,  0.0 si,  0.0 st
MiB Mem : 128490.0 total,  40291.7 free,   6742.4 used,  81455.8 buff/cache
MiB Swap:   2048.0 total,   1980.0 free,     68.0 used. 119920.1 avail Mem 

    PID USER      PR  NI    VIRT    RES    SHR S  %CPU  %MEM     TIME+ COMMAND
1363575 23mUeno   20   0    7740   6024   2372 S   9.0   0.0   3:26.49 afl-fuzz

top - 00:08:07 up 93 days, 11:59,  6 users,  load average: 0.53, 0.62, 0.56
Tasks:   1 total,   0 running,   1 sleeping,   0 stopped,   0 zombie
%Cpu(s):  0.2 us,  0.3 sy,  0.0 ni, 99.4 id,  0.0 wa,  0.0 hi,  0.0 si,  0.0 st
MiB Mem : 128490.0 total,  40292.0 free,   6742.2 used,  81455.8 buff/cache
MiB Swap:   2048.0 total,   1980.0 free,     68.0 used. 119920.4 avail Mem 

    PID USER      PR  NI    VIRT    RES    SHR S  %CPU  %MEM     TIME+ COMMAND
1363575 23mUeno   20   0    7740   6024   2372 S   9.4   0.0   3:26.96 afl-fuzz

top - 00:08:12 up 93 days, 11:59,  6 users,  load average: 0.49, 0.61, 0.56
Tasks:   1 total,   0 running,   1 sleeping,   0 stopped,   0 zombie
%Cpu(s):  0.2 us,  0.3 sy,  0.0 ni, 99.5 id,  0.0 wa,  0.0 hi,  0.0 si,  0.0 st
MiB Mem : 128490.0 total,  40291.8 free,   6742.4 used,  81455.8 buff/cache
MiB Swap:   2048.0 total,   1980.0 free,     68.0 used. 119920.2 avail Mem 

    PID USER      PR  NI    VIRT    RES    SHR S  %CPU  %MEM     TIME+ COMMAND
1363575 23mUeno   20   0    7740   6024   2372 S  10.4   0.0   3:27.48 afl-fuzz

top - 00:08:17 up 93 days, 11:59,  6 users,  load average: 0.53, 0.62, 0.56
Tasks:   1 total,   1 running,   0 sleeping,   0 stopped,   0 zombie
%Cpu(s):  0.3 us,  0.5 sy,  0.0 ni, 99.2 id,  0.0 wa,  0.0 hi,  0.0 si,  0.0 st
MiB Mem : 128490.0 total,  40291.8 free,   6742.4 used,  81455.8 buff/cache
MiB Swap:   2048.0 total,   1980.0 free,     68.0 used. 119920.2 avail Mem 

    PID USER      PR  NI    VIRT    RES    SHR S  %CPU  %MEM     TIME+ COMMAND
1363575 23mUeno   20   0    7740   6024   2372 R  17.0   0.0   3:28.33 afl-fuzz

top - 00:08:22 up 93 days, 11:59,  6 users,  load average: 0.49, 0.61, 0.56
Tasks:   1 total,   1 running,   0 sleeping,   0 stopped,   0 zombie
%Cpu(s):  0.2 us,  0.6 sy,  0.0 ni, 99.2 id,  0.0 wa,  0.0 hi,  0.0 si,  0.0 st
MiB Mem : 128490.0 total,  40291.8 free,   6742.4 used,  81455.8 buff/cache
MiB Swap:   2048.0 total,   1980.0 free,     68.0 used. 119920.2 avail Mem 

    PID USER      PR  NI    VIRT    RES    SHR S  %CPU  %MEM     TIME+ COMMAND
1363575 23mUeno   20   0    7740   6024   2372 R  19.4   0.0   3:29.30 afl-fuzz

top - 00:08:27 up 93 days, 11:59,  6 users,  load average: 0.69, 0.65, 0.57
Tasks:   1 total,   0 running,   1 sleeping,   0 stopped,   0 zombie
%Cpu(s):  0.2 us,  0.6 sy,  0.0 ni, 99.2 id,  0.0 wa,  0.0 hi,  0.0 si,  0.0 st
MiB Mem : 128490.0 total,  40291.8 free,   6742.4 used,  81455.8 buff/cache
MiB Swap:   2048.0 total,   1980.0 free,     68.0 used. 119920.2 avail Mem 

    PID USER      PR  NI    VIRT    RES    SHR S  %CPU  %MEM     TIME+ COMMAND
1363575 23mUeno   20   0    7740   6024   2372 S  19.0   0.0   3:30.25 afl-fuzz

top - 00:08:32 up 93 days, 11:59,  6 users,  load average: 0.63, 0.64, 0.57
Tasks:   1 total,   0 running,   1 sleeping,   0 stopped,   0 zombie
%Cpu(s):  0.2 us,  0.6 sy,  0.0 ni, 99.2 id,  0.0 wa,  0.0 hi,  0.0 si,  0.0 st
MiB Mem : 128490.0 total,  40291.8 free,   6742.4 used,  81455.9 buff/cache
MiB Swap:   2048.0 total,   1980.0 free,     68.0 used. 119920.2 avail Mem 

    PID USER      PR  NI    VIRT    RES    SHR S  %CPU  %MEM     TIME+ COMMAND
1363575 23mUeno   20   0    7740   6024   2372 S  18.6   0.0   3:31.18 afl-fuzz

top - 00:08:37 up 93 days, 11:59,  6 users,  load average: 0.58, 0.62, 0.56
Tasks:   1 total,   0 running,   1 sleeping,   0 stopped,   0 zombie
%Cpu(s):  0.3 us,  0.5 sy,  0.0 ni, 99.2 id,  0.0 wa,  0.0 hi,  0.0 si,  0.0 st
MiB Mem : 128490.0 total,  40291.8 free,   6742.4 used,  81455.9 buff/cache
MiB Swap:   2048.0 total,   1980.0 free,     68.0 used. 119920.2 avail Mem 

    PID USER      PR  NI    VIRT    RES    SHR S  %CPU  %MEM     TIME+ COMMAND
1363575 23mUeno   20   0    7740   6024   2372 S  18.6   0.0   3:32.11 afl-fuzz

top - 00:08:42 up 93 days, 11:59,  6 users,  load average: 0.62, 0.63, 0.56
Tasks:   1 total,   1 running,   0 sleeping,   0 stopped,   0 zombie
%Cpu(s):  0.2 us,  0.4 sy,  0.0 ni, 99.4 id,  0.0 wa,  0.0 hi,  0.0 si,  0.0 st
MiB Mem : 128490.0 total,  40291.8 free,   6742.4 used,  81455.9 buff/cache
MiB Swap:   2048.0 total,   1980.0 free,     68.0 used. 119920.2 avail Mem 

    PID USER      PR  NI    VIRT    RES    SHR S  %CPU  %MEM     TIME+ COMMAND
1363575 23mUeno   20   0    7740   6024   2372 R  10.4   0.0   3:32.63 afl-fuzz

top - 00:08:47 up 93 days, 11:59,  6 users,  load average: 0.57, 0.62, 0.56
Tasks:   1 total,   1 running,   0 sleeping,   0 stopped,   0 zombie
%Cpu(s):  0.2 us,  0.3 sy,  0.0 ni, 99.5 id,  0.0 wa,  0.0 hi,  0.0 si,  0.0 st
MiB Mem : 128490.0 total,  40291.5 free,   6742.6 used,  81455.9 buff/cache
MiB Swap:   2048.0 total,   1980.0 free,     68.0 used. 119920.0 avail Mem 

    PID USER      PR  NI    VIRT    RES    SHR S  %CPU  %MEM     TIME+ COMMAND
1363575 23mUeno   20   0    7740   6024   2372 R   9.6   0.0   3:33.11 afl-fuzz

top - 00:08:52 up 93 days, 12:00,  6 users,  load average: 0.52, 0.61, 0.56
Tasks:   1 total,   0 running,   1 sleeping,   0 stopped,   0 zombie
%Cpu(s):  0.2 us,  0.4 sy,  0.0 ni, 99.4 id,  0.0 wa,  0.0 hi,  0.0 si,  0.0 st
MiB Mem : 128490.0 total,  40291.5 free,   6742.6 used,  81455.9 buff/cache
MiB Swap:   2048.0 total,   1980.0 free,     68.0 used. 119920.0 avail Mem 

    PID USER      PR  NI    VIRT    RES    SHR S  %CPU  %MEM     TIME+ COMMAND
1363575 23mUeno   20   0    7740   6024   2372 S  11.8   0.0   3:33.70 afl-fuzz

top - 00:08:57 up 93 days, 12:00,  6 users,  load average: 0.56, 0.62, 0.56
Tasks:   1 total,   0 running,   1 sleeping,   0 stopped,   0 zombie
%Cpu(s):  0.2 us,  0.3 sy,  0.0 ni, 99.4 id,  0.0 wa,  0.0 hi,  0.0 si,  0.0 st
MiB Mem : 128490.0 total,  40291.5 free,   6742.6 used,  81455.9 buff/cache
MiB Swap:   2048.0 total,   1980.0 free,     68.0 used. 119920.0 avail Mem 

    PID USER      PR  NI    VIRT    RES    SHR S  %CPU  %MEM     TIME+ COMMAND
1363575 23mUeno   20   0    7740   6024   2372 S  10.4   0.0   3:34.22 afl-fuzz

top - 00:09:02 up 93 days, 12:00,  6 users,  load average: 0.52, 0.61, 0.56
Tasks:   1 total,   1 running,   0 sleeping,   0 stopped,   0 zombie
%Cpu(s):  0.3 us,  0.3 sy,  0.0 ni, 99.4 id,  0.0 wa,  0.0 hi,  0.0 si,  0.0 st
MiB Mem : 128490.0 total,  40290.4 free,   6743.7 used,  81455.9 buff/cache
MiB Swap:   2048.0 total,   1980.0 free,     68.0 used. 119918.9 avail Mem 

    PID USER      PR  NI    VIRT    RES    SHR S  %CPU  %MEM     TIME+ COMMAND
1363575 23mUeno   20   0    7740   6024   2372 R   9.6   0.0   3:34.70 afl-fuzz

top - 00:09:07 up 93 days, 12:00,  6 users,  load average: 0.47, 0.60, 0.55
Tasks:   1 total,   0 running,   1 sleeping,   0 stopped,   0 zombie
%Cpu(s):  0.2 us,  0.4 sy,  0.0 ni, 99.4 id,  0.0 wa,  0.0 hi,  0.0 si,  0.0 st
MiB Mem : 128490.0 total,  40290.2 free,   6743.9 used,  81455.9 buff/cache
MiB Swap:   2048.0 total,   1980.0 free,     68.0 used. 119918.7 avail Mem 

    PID USER      PR  NI    VIRT    RES    SHR S  %CPU  %MEM     TIME+ COMMAND
1363575 23mUeno   20   0    7740   6024   2372 S  11.6   0.0   3:35.28 afl-fuzz

top - 00:09:12 up 93 days, 12:00,  6 users,  load average: 0.60, 0.62, 0.56
Tasks:   1 total,   0 running,   1 sleeping,   0 stopped,   0 zombie
%Cpu(s):  0.2 us,  0.3 sy,  0.0 ni, 99.4 id,  0.0 wa,  0.0 hi,  0.0 si,  0.0 st
MiB Mem : 128490.0 total,  40289.8 free,   6744.3 used,  81455.9 buff/cache
MiB Swap:   2048.0 total,   1980.0 free,     68.0 used. 119918.2 avail Mem 

    PID USER      PR  NI    VIRT    RES    SHR S  %CPU  %MEM     TIME+ COMMAND
1363575 23mUeno   20   0    7740   6024   2372 S  10.6   0.0   3:35.81 afl-fuzz

top - 00:09:17 up 93 days, 12:00,  6 users,  load average: 0.63, 0.63, 0.56
Tasks:   1 total,   0 running,   1 sleeping,   0 stopped,   0 zombie
%Cpu(s):  0.2 us,  0.4 sy,  0.0 ni, 99.4 id,  0.0 wa,  0.0 hi,  0.0 si,  0.0 st
MiB Mem : 128490.0 total,  40289.8 free,   6744.3 used,  81455.9 buff/cache
MiB Swap:   2048.0 total,   1980.0 free,     68.0 used. 119918.2 avail Mem 

    PID USER      PR  NI    VIRT    RES    SHR S  %CPU  %MEM     TIME+ COMMAND
1363575 23mUeno   20   0    7740   6024   2372 S  12.0   0.0   3:36.41 afl-fuzz

top - 00:09:22 up 93 days, 12:00,  6 users,  load average: 0.66, 0.63, 0.57
Tasks:   1 total,   0 running,   1 sleeping,   0 stopped,   0 zombie
%Cpu(s):  0.2 us,  0.3 sy,  0.0 ni, 99.5 id,  0.0 wa,  0.0 hi,  0.0 si,  0.0 st
MiB Mem : 128490.0 total,  40289.8 free,   6744.3 used,  81455.9 buff/cache
MiB Swap:   2048.0 total,   1980.0 free,     68.0 used. 119918.2 avail Mem 

    PID USER      PR  NI    VIRT    RES    SHR S  %CPU  %MEM     TIME+ COMMAND
1363575 23mUeno   20   0    7740   6024   2372 S   9.4   0.0   3:36.88 afl-fuzz

top - 00:09:27 up 93 days, 12:00,  6 users,  load average: 0.69, 0.64, 0.57
Tasks:   1 total,   1 running,   0 sleeping,   0 stopped,   0 zombie
%Cpu(s):  0.2 us,  0.4 sy,  0.0 ni, 99.4 id,  0.0 wa,  0.0 hi,  0.0 si,  0.0 st
MiB Mem : 128490.0 total,  40289.8 free,   6744.3 used,  81455.9 buff/cache
MiB Swap:   2048.0 total,   1980.0 free,     68.0 used. 119918.3 avail Mem 

    PID USER      PR  NI    VIRT    RES    SHR S  %CPU  %MEM     TIME+ COMMAND
1363575 23mUeno   20   0    7740   6024   2372 R  12.2   0.0   3:37.49 afl-fuzz

top - 00:09:32 up 93 days, 12:00,  6 users,  load average: 0.63, 0.63, 0.57
Tasks:   1 total,   0 running,   1 sleeping,   0 stopped,   0 zombie
%Cpu(s):  0.2 us,  0.5 sy,  0.0 ni, 99.3 id,  0.0 wa,  0.0 hi,  0.0 si,  0.0 st
MiB Mem : 128490.0 total,  40289.6 free,   6744.5 used,  81455.9 buff/cache
MiB Swap:   2048.0 total,   1980.0 free,     68.0 used. 119918.1 avail Mem 

    PID USER      PR  NI    VIRT    RES    SHR S  %CPU  %MEM     TIME+ COMMAND
1363575 23mUeno   20   0    7740   6024   2372 S  14.6   0.0   3:38.22 afl-fuzz

top - 00:09:37 up 93 days, 12:00,  6 users,  load average: 0.58, 0.62, 0.56
Tasks:   1 total,   0 running,   1 sleeping,   0 stopped,   0 zombie
%Cpu(s):  0.3 us,  0.5 sy,  0.0 ni, 99.2 id,  0.0 wa,  0.0 hi,  0.0 si,  0.0 st
MiB Mem : 128490.0 total,  40289.6 free,   6744.5 used,  81455.9 buff/cache
MiB Swap:   2048.0 total,   1980.0 free,     68.0 used. 119918.1 avail Mem 

    PID USER      PR  NI    VIRT    RES    SHR S  %CPU  %MEM     TIME+ COMMAND
1363575 23mUeno   20   0    7740   6024   2372 S  15.6   0.0   3:39.00 afl-fuzz

top - 00:09:42 up 93 days, 12:00,  6 users,  load average: 0.53, 0.61, 0.56
Tasks:   1 total,   0 running,   1 sleeping,   0 stopped,   0 zombie
%Cpu(s):  0.3 us,  0.4 sy,  0.0 ni, 99.3 id,  0.0 wa,  0.0 hi,  0.0 si,  0.0 st
MiB Mem : 128490.0 total,  40289.6 free,   6744.5 used,  81456.0 buff/cache
MiB Swap:   2048.0 total,   1980.0 free,     68.0 used. 119918.1 avail Mem 

    PID USER      PR  NI    VIRT    RES    SHR S  %CPU  %MEM     TIME+ COMMAND
1363575 23mUeno   20   0    7740   6024   2372 S  13.8   0.0   3:39.69 afl-fuzz

top - 00:09:47 up 93 days, 12:00,  6 users,  load average: 0.73, 0.65, 0.57
Tasks:   1 total,   0 running,   1 sleeping,   0 stopped,   0 zombie
%Cpu(s):  0.3 us,  0.5 sy,  0.0 ni, 99.2 id,  0.0 wa,  0.0 hi,  0.0 si,  0.0 st
MiB Mem : 128490.0 total,  40289.6 free,   6744.4 used,  81456.0 buff/cache
MiB Swap:   2048.0 total,   1980.0 free,     68.0 used. 119918.1 avail Mem 

    PID USER      PR  NI    VIRT    RES    SHR S  %CPU  %MEM     TIME+ COMMAND
1363575 23mUeno   20   0    7740   6024   2372 S  16.0   0.0   3:40.49 afl-fuzz

top - 00:09:52 up 93 days, 12:01,  6 users,  load average: 0.91, 0.69, 0.58
Tasks:   1 total,   0 running,   1 sleeping,   0 stopped,   0 zombie
%Cpu(s):  0.3 us,  0.4 sy,  0.0 ni, 99.3 id,  0.0 wa,  0.0 hi,  0.0 si,  0.0 st
MiB Mem : 128490.0 total,  40289.6 free,   6744.4 used,  81456.0 buff/cache
MiB Swap:   2048.0 total,   1980.0 free,     68.0 used. 119918.1 avail Mem 

    PID USER      PR  NI    VIRT    RES    SHR S  %CPU  %MEM     TIME+ COMMAND
1363575 23mUeno   20   0    7740   6024   2372 S  15.2   0.0   3:41.25 afl-fuzz

top - 00:09:57 up 93 days, 12:01,  6 users,  load average: 0.84, 0.67, 0.58
Tasks:   1 total,   0 running,   1 sleeping,   0 stopped,   0 zombie
%Cpu(s):  0.2 us,  0.5 sy,  0.0 ni, 99.3 id,  0.0 wa,  0.0 hi,  0.0 si,  0.0 st
MiB Mem : 128490.0 total,  40289.6 free,   6744.4 used,  81456.0 buff/cache
MiB Swap:   2048.0 total,   1980.0 free,     68.0 used. 119918.1 avail Mem 

    PID USER      PR  NI    VIRT    RES    SHR S  %CPU  %MEM     TIME+ COMMAND
1363575 23mUeno   20   0    7740   6024   2372 S  14.4   0.0   3:41.97 afl-fuzz

top - 00:10:02 up 93 days, 12:01,  6 users,  load average: 0.85, 0.68, 0.58
Tasks:   1 total,   0 running,   1 sleeping,   0 stopped,   0 zombie
%Cpu(s):  0.2 us,  0.3 sy,  0.0 ni, 99.5 id,  0.0 wa,  0.0 hi,  0.0 si,  0.0 st
MiB Mem : 128490.0 total,  40289.6 free,   6744.4 used,  81456.0 buff/cache
MiB Swap:   2048.0 total,   1980.0 free,     68.0 used. 119918.2 avail Mem 

    PID USER      PR  NI    VIRT    RES    SHR S  %CPU  %MEM     TIME+ COMMAND
1363575 23mUeno   20   0    7740   6024   2372 S   8.0   0.0   3:42.37 afl-fuzz

top - 00:10:07 up 93 days, 12:01,  6 users,  load average: 0.78, 0.67, 0.58
Tasks:   1 total,   0 running,   1 sleeping,   0 stopped,   0 zombie
%Cpu(s):  0.2 us,  0.3 sy,  0.0 ni, 99.5 id,  0.0 wa,  0.0 hi,  0.0 si,  0.0 st
MiB Mem : 128490.0 total,  40289.6 free,   6744.4 used,  81456.0 buff/cache
MiB Swap:   2048.0 total,   1980.0 free,     68.0 used. 119918.2 avail Mem 

    PID USER      PR  NI    VIRT    RES    SHR S  %CPU  %MEM     TIME+ COMMAND
1363575 23mUeno   20   0    7740   6024   2372 S   8.2   0.0   3:42.78 afl-fuzz

top - 00:10:12 up 93 days, 12:01,  6 users,  load average: 0.72, 0.66, 0.58
Tasks:   1 total,   0 running,   1 sleeping,   0 stopped,   0 zombie
%Cpu(s):  0.2 us,  0.3 sy,  0.0 ni, 99.5 id,  0.0 wa,  0.0 hi,  0.0 si,  0.0 st
MiB Mem : 128490.0 total,  40289.6 free,   6744.4 used,  81456.0 buff/cache
MiB Swap:   2048.0 total,   1980.0 free,     68.0 used. 119918.2 avail Mem 

    PID USER      PR  NI    VIRT    RES    SHR S  %CPU  %MEM     TIME+ COMMAND
1363575 23mUeno   20   0    7740   6024   2372 S   9.6   0.0   3:43.26 afl-fuzz

top - 00:10:17 up 93 days, 12:01,  6 users,  load average: 0.66, 0.65, 0.57
Tasks:   1 total,   0 running,   1 sleeping,   0 stopped,   0 zombie
%Cpu(s):  0.3 us,  0.3 sy,  0.0 ni, 99.4 id,  0.0 wa,  0.0 hi,  0.0 si,  0.0 st
MiB Mem : 128490.0 total,  40289.6 free,   6744.4 used,  81456.0 buff/cache
MiB Swap:   2048.0 total,   1980.0 free,     68.0 used. 119918.2 avail Mem 

    PID USER      PR  NI    VIRT    RES    SHR S  %CPU  %MEM     TIME+ COMMAND
1363575 23mUeno   20   0    7740   6024   2372 S   9.4   0.0   3:43.73 afl-fuzz

top - 00:10:22 up 93 days, 12:01,  6 users,  load average: 0.61, 0.64, 0.57
Tasks:   1 total,   0 running,   1 sleeping,   0 stopped,   0 zombie
%Cpu(s):  0.2 us,  0.3 sy,  0.0 ni, 99.5 id,  0.0 wa,  0.0 hi,  0.0 si,  0.0 st
MiB Mem : 128490.0 total,  40289.6 free,   6744.4 used,  81456.0 buff/cache
MiB Swap:   2048.0 total,   1980.0 free,     68.0 used. 119918.2 avail Mem 

    PID USER      PR  NI    VIRT    RES    SHR S  %CPU  %MEM     TIME+ COMMAND
1363575 23mUeno   20   0    7740   6024   2372 S   9.6   0.0   3:44.21 afl-fuzz

top - 00:10:27 up 93 days, 12:01,  6 users,  load average: 0.56, 0.62, 0.57
Tasks:   1 total,   0 running,   1 sleeping,   0 stopped,   0 zombie
%Cpu(s):  0.2 us,  0.3 sy,  0.0 ni, 99.4 id,  0.0 wa,  0.0 hi,  0.0 si,  0.0 st
MiB Mem : 128490.0 total,  40289.6 free,   6744.4 used,  81456.0 buff/cache
MiB Swap:   2048.0 total,   1980.0 free,     68.0 used. 119918.2 avail Mem 

    PID USER      PR  NI    VIRT    RES    SHR S  %CPU  %MEM     TIME+ COMMAND
1363575 23mUeno   20   0    7740   6024   2372 S  10.4   0.0   3:44.73 afl-fuzz

top - 00:10:32 up 93 days, 12:01,  6 users,  load average: 0.60, 0.63, 0.57
Tasks:   1 total,   0 running,   1 sleeping,   0 stopped,   0 zombie
%Cpu(s):  0.2 us,  0.3 sy,  0.0 ni, 99.5 id,  0.0 wa,  0.0 hi,  0.0 si,  0.0 st
MiB Mem : 128490.0 total,  40289.6 free,   6744.3 used,  81456.1 buff/cache
MiB Swap:   2048.0 total,   1980.0 free,     68.0 used. 119918.2 avail Mem 

    PID USER      PR  NI    VIRT    RES    SHR S  %CPU  %MEM     TIME+ COMMAND
1363575 23mUeno   20   0    7740   6024   2372 S   8.2   0.0   3:45.14 afl-fuzz

top - 00:10:37 up 93 days, 12:01,  6 users,  load average: 0.55, 0.62, 0.57
Tasks:   1 total,   0 running,   1 sleeping,   0 stopped,   0 zombie
%Cpu(s):  0.2 us,  0.3 sy,  0.0 ni, 99.5 id,  0.0 wa,  0.0 hi,  0.0 si,  0.0 st
MiB Mem : 128490.0 total,  40289.6 free,   6744.3 used,  81456.1 buff/cache
MiB Swap:   2048.0 total,   1980.0 free,     68.0 used. 119918.2 avail Mem 

    PID USER      PR  NI    VIRT    RES    SHR S  %CPU  %MEM     TIME+ COMMAND
1363575 23mUeno   20   0    7740   6024   2372 S   9.6   0.0   3:45.62 afl-fuzz

top - 00:10:42 up 93 days, 12:01,  6 users,  load average: 0.50, 0.61, 0.56
Tasks:   1 total,   0 running,   1 sleeping,   0 stopped,   0 zombie
%Cpu(s):  0.2 us,  0.3 sy,  0.0 ni, 99.4 id,  0.0 wa,  0.0 hi,  0.0 si,  0.0 st
MiB Mem : 128490.0 total,  40289.6 free,   6744.3 used,  81456.1 buff/cache
MiB Swap:   2048.0 total,   1980.0 free,     68.0 used. 119918.2 avail Mem 

    PID USER      PR  NI    VIRT    RES    SHR S  %CPU  %MEM     TIME+ COMMAND
1363575 23mUeno   20   0    7740   6024   2372 S  10.0   0.0   3:46.12 afl-fuzz

top - 00:10:47 up 93 days, 12:01,  6 users,  load average: 0.54, 0.62, 0.56
Tasks:   1 total,   0 running,   1 sleeping,   0 stopped,   0 zombie
%Cpu(s):  0.2 us,  0.4 sy,  0.0 ni, 99.4 id,  0.0 wa,  0.0 hi,  0.0 si,  0.0 st
MiB Mem : 128490.0 total,  40289.6 free,   6744.3 used,  81456.1 buff/cache
MiB Swap:   2048.0 total,   1980.0 free,     68.0 used. 119918.2 avail Mem 

    PID USER      PR  NI    VIRT    RES    SHR S  %CPU  %MEM     TIME+ COMMAND
1363575 23mUeno   20   0    7740   6024   2372 S  11.6   0.0   3:46.70 afl-fuzz

top - 00:10:52 up 93 days, 12:02,  6 users,  load average: 0.50, 0.61, 0.56
Tasks:   1 total,   1 running,   0 sleeping,   0 stopped,   0 zombie
%Cpu(s):  0.2 us,  0.3 sy,  0.0 ni, 99.5 id,  0.0 wa,  0.0 hi,  0.0 si,  0.0 st
MiB Mem : 128490.0 total,  40289.4 free,   6744.5 used,  81456.1 buff/cache
MiB Swap:   2048.0 total,   1980.0 free,     68.0 used. 119918.0 avail Mem 

    PID USER      PR  NI    VIRT    RES    SHR S  %CPU  %MEM     TIME+ COMMAND
1363575 23mUeno   20   0    7740   6024   2372 R   9.2   0.0   3:47.16 afl-fuzz

top - 00:10:57 up 93 days, 12:02,  6 users,  load average: 0.46, 0.60, 0.56
Tasks:   1 total,   0 running,   1 sleeping,   0 stopped,   0 zombie
%Cpu(s):  0.2 us,  0.4 sy,  0.0 ni, 99.4 id,  0.0 wa,  0.0 hi,  0.0 si,  0.0 st
MiB Mem : 128490.0 total,  40289.4 free,   6744.5 used,  81456.1 buff/cache
MiB Swap:   2048.0 total,   1980.0 free,     68.0 used. 119918.0 avail Mem 

    PID USER      PR  NI    VIRT    RES    SHR S  %CPU  %MEM     TIME+ COMMAND
1363575 23mUeno   20   0    7740   6024   2372 S   9.8   0.0   3:47.65 afl-fuzz

top - 00:11:02 up 93 days, 12:02,  6 users,  load average: 0.58, 0.62, 0.57
Tasks:   1 total,   0 running,   1 sleeping,   0 stopped,   0 zombie
%Cpu(s):  0.2 us,  0.4 sy,  0.0 ni, 99.3 id,  0.0 wa,  0.0 hi,  0.0 si,  0.0 st
MiB Mem : 128490.0 total,  40289.4 free,   6744.5 used,  81456.1 buff/cache
MiB Swap:   2048.0 total,   1980.0 free,     68.0 used. 119918.1 avail Mem 

    PID USER      PR  NI    VIRT    RES    SHR S  %CPU  %MEM     TIME+ COMMAND
1363575 23mUeno   20   0    7740   6024   2372 S  13.0   0.0   3:48.30 afl-fuzz

top - 00:11:07 up 93 days, 12:02,  6 users,  load average: 0.54, 0.61, 0.56
Tasks:   1 total,   1 running,   0 sleeping,   0 stopped,   0 zombie
%Cpu(s):  0.2 us,  0.4 sy,  0.0 ni, 99.4 id,  0.0 wa,  0.0 hi,  0.0 si,  0.0 st
MiB Mem : 128490.0 total,  40289.4 free,   6744.5 used,  81456.1 buff/cache
MiB Swap:   2048.0 total,   1980.0 free,     68.0 used. 119918.1 avail Mem 

    PID USER      PR  NI    VIRT    RES    SHR S  %CPU  %MEM     TIME+ COMMAND
1363575 23mUeno   20   0    7740   6024   2372 R  10.8   0.0   3:48.84 afl-fuzz

top - 00:11:12 up 93 days, 12:02,  6 users,  load average: 0.49, 0.60, 0.56
Tasks:   1 total,   0 running,   1 sleeping,   0 stopped,   0 zombie
%Cpu(s):  0.2 us,  0.3 sy,  0.0 ni, 99.4 id,  0.0 wa,  0.0 hi,  0.0 si,  0.0 st
MiB Mem : 128490.0 total,  40288.9 free,   6745.0 used,  81456.1 buff/cache
MiB Swap:   2048.0 total,   1980.0 free,     68.0 used. 119917.6 avail Mem 

    PID USER      PR  NI    VIRT    RES    SHR S  %CPU  %MEM     TIME+ COMMAND
1363575 23mUeno   20   0    8228   6384   2372 S  10.4   0.0   3:49.36 afl-fuzz

top - 00:11:17 up 93 days, 12:02,  6 users,  load average: 0.45, 0.59, 0.56
Tasks:   1 total,   1 running,   0 sleeping,   0 stopped,   0 zombie
%Cpu(s):  0.2 us,  0.4 sy,  0.0 ni, 99.4 id,  0.0 wa,  0.0 hi,  0.0 si,  0.0 st
MiB Mem : 128490.0 total,  40288.9 free,   6745.0 used,  81456.1 buff/cache
MiB Swap:   2048.0 total,   1980.0 free,     68.0 used. 119917.6 avail Mem 

    PID USER      PR  NI    VIRT    RES    SHR S  %CPU  %MEM     TIME+ COMMAND
1363575 23mUeno   20   0    8228   6384   2372 R  11.2   0.0   3:49.92 afl-fuzz

top - 00:11:22 up 93 days, 12:02,  6 users,  load average: 0.42, 0.58, 0.55
Tasks:   1 total,   0 running,   1 sleeping,   0 stopped,   0 zombie
%Cpu(s):  0.2 us,  0.4 sy,  0.0 ni, 99.4 id,  0.0 wa,  0.0 hi,  0.0 si,  0.0 st
MiB Mem : 128490.0 total,  40288.7 free,   6745.2 used,  81456.1 buff/cache
MiB Swap:   2048.0 total,   1980.0 free,     68.0 used. 119917.4 avail Mem 

    PID USER      PR  NI    VIRT    RES    SHR S  %CPU  %MEM     TIME+ COMMAND
1363575 23mUeno   20   0    8228   6384   2372 S  11.2   0.0   3:50.48 afl-fuzz

top - 00:11:27 up 93 days, 12:02,  6 users,  load average: 0.38, 0.57, 0.55
Tasks:   1 total,   0 running,   1 sleeping,   0 stopped,   0 zombie
%Cpu(s):  0.2 us,  0.3 sy,  0.0 ni, 99.5 id,  0.0 wa,  0.0 hi,  0.0 si,  0.0 st
MiB Mem : 128490.0 total,  40288.7 free,   6745.2 used,  81456.1 buff/cache
MiB Swap:   2048.0 total,   1980.0 free,     68.0 used. 119917.4 avail Mem 

    PID USER      PR  NI    VIRT    RES    SHR S  %CPU  %MEM     TIME+ COMMAND
1363575 23mUeno   20   0    8228   6384   2372 S   9.2   0.0   3:50.94 afl-fuzz

top - 00:11:32 up 93 days, 12:02,  6 users,  load average: 0.35, 0.56, 0.55
Tasks:   1 total,   0 running,   1 sleeping,   0 stopped,   0 zombie
%Cpu(s):  0.2 us,  0.3 sy,  0.0 ni, 99.5 id,  0.0 wa,  0.0 hi,  0.0 si,  0.0 st
MiB Mem : 128490.0 total,  40288.7 free,   6745.2 used,  81456.2 buff/cache
MiB Swap:   2048.0 total,   1980.0 free,     68.0 used. 119917.4 avail Mem 

    PID USER      PR  NI    VIRT    RES    SHR S  %CPU  %MEM     TIME+ COMMAND
1363575 23mUeno   20   0    8228   6384   2372 S   8.6   0.0   3:51.37 afl-fuzz

top - 00:11:37 up 93 days, 12:02,  6 users,  load average: 0.32, 0.55, 0.54
Tasks:   1 total,   0 running,   1 sleeping,   0 stopped,   0 zombie
%Cpu(s):  0.2 us,  0.4 sy,  0.0 ni, 99.4 id,  0.0 wa,  0.0 hi,  0.0 si,  0.0 st
MiB Mem : 128490.0 total,  40288.7 free,   6745.2 used,  81456.2 buff/cache
MiB Swap:   2048.0 total,   1980.0 free,     68.0 used. 119917.4 avail Mem 

    PID USER      PR  NI    VIRT    RES    SHR S  %CPU  %MEM     TIME+ COMMAND
1363575 23mUeno   20   0    8228   6384   2372 S  12.4   0.0   3:51.99 afl-fuzz

top - 00:11:42 up 93 days, 12:02,  6 users,  load average: 0.30, 0.54, 0.54
Tasks:   1 total,   0 running,   1 sleeping,   0 stopped,   0 zombie
%Cpu(s):  0.2 us,  0.3 sy,  0.0 ni, 99.4 id,  0.0 wa,  0.0 hi,  0.0 si,  0.0 st
MiB Mem : 128490.0 total,  40288.9 free,   6744.9 used,  81456.2 buff/cache
MiB Swap:   2048.0 total,   1980.0 free,     68.0 used. 119917.6 avail Mem 

    PID USER      PR  NI    VIRT    RES    SHR S  %CPU  %MEM     TIME+ COMMAND
1363575 23mUeno   20   0    8228   6384   2372 S  11.8   0.0   3:52.58 afl-fuzz

top - 00:11:47 up 93 days, 12:02,  6 users,  load average: 0.51, 0.58, 0.55
Tasks:   1 total,   0 running,   1 sleeping,   0 stopped,   0 zombie
%Cpu(s):  0.2 us,  0.4 sy,  0.0 ni, 99.4 id,  0.0 wa,  0.0 hi,  0.0 si,  0.0 st
MiB Mem : 128490.0 total,  40288.9 free,   6744.9 used,  81456.2 buff/cache
MiB Swap:   2048.0 total,   1980.0 free,     68.0 used. 119917.7 avail Mem 

    PID USER      PR  NI    VIRT    RES    SHR S  %CPU  %MEM     TIME+ COMMAND
1363575 23mUeno   20   0    8228   6384   2372 S  12.8   0.0   3:53.22 afl-fuzz

top - 00:11:52 up 93 days, 12:03,  6 users,  load average: 0.47, 0.57, 0.55
Tasks:   1 total,   1 running,   0 sleeping,   0 stopped,   0 zombie
%Cpu(s):  0.2 us,  0.5 sy,  0.0 ni, 99.3 id,  0.0 wa,  0.0 hi,  0.0 si,  0.0 st
MiB Mem : 128490.0 total,  40288.9 free,   6744.9 used,  81456.2 buff/cache
MiB Swap:   2048.0 total,   1980.0 free,     68.0 used. 119917.7 avail Mem 

    PID USER      PR  NI    VIRT    RES    SHR S  %CPU  %MEM     TIME+ COMMAND
1363575 23mUeno   20   0    8228   6384   2372 R  14.4   0.0   3:53.94 afl-fuzz

top - 00:11:57 up 93 days, 12:03,  6 users,  load average: 0.52, 0.58, 0.55
Tasks:   1 total,   1 running,   0 sleeping,   0 stopped,   0 zombie
%Cpu(s):  0.2 us,  0.4 sy,  0.0 ni, 99.4 id,  0.0 wa,  0.0 hi,  0.0 si,  0.0 st
MiB Mem : 128490.0 total,  40288.9 free,   6744.9 used,  81456.2 buff/cache
MiB Swap:   2048.0 total,   1980.0 free,     68.0 used. 119917.7 avail Mem 

    PID USER      PR  NI    VIRT    RES    SHR S  %CPU  %MEM     TIME+ COMMAND
1363575 23mUeno   20   0    8228   6384   2372 R  13.0   0.0   3:54.59 afl-fuzz

top - 00:12:02 up 93 days, 12:03,  6 users,  load average: 0.55, 0.59, 0.55
Tasks:   1 total,   1 running,   0 sleeping,   0 stopped,   0 zombie
%Cpu(s):  0.2 us,  0.3 sy,  0.0 ni, 99.5 id,  0.0 wa,  0.0 hi,  0.0 si,  0.0 st
MiB Mem : 128490.0 total,  40288.9 free,   6744.9 used,  81456.2 buff/cache
MiB Swap:   2048.0 total,   1980.0 free,     68.0 used. 119917.7 avail Mem 

    PID USER      PR  NI    VIRT    RES    SHR S  %CPU  %MEM     TIME+ COMMAND
1363575 23mUeno   20   0    8228   6384   2372 R  10.0   0.0   3:55.09 afl-fuzz

top - 00:12:07 up 93 days, 12:03,  6 users,  load average: 0.51, 0.58, 0.55
Tasks:   1 total,   0 running,   1 sleeping,   0 stopped,   0 zombie
%Cpu(s):  0.2 us,  0.3 sy,  0.0 ni, 99.5 id,  0.0 wa,  0.0 hi,  0.0 si,  0.0 st
MiB Mem : 128490.0 total,  40288.9 free,   6744.9 used,  81456.2 buff/cache
MiB Swap:   2048.0 total,   1980.0 free,     68.0 used. 119917.7 avail Mem 

    PID USER      PR  NI    VIRT    RES    SHR S  %CPU  %MEM     TIME+ COMMAND
1363575 23mUeno   20   0    8228   6384   2372 S   8.8   0.0   3:55.53 afl-fuzz

top - 00:12:12 up 93 days, 12:03,  6 users,  load average: 0.47, 0.57, 0.55
Tasks:   1 total,   1 running,   0 sleeping,   0 stopped,   0 zombie
%Cpu(s):  0.2 us,  0.3 sy,  0.0 ni, 99.5 id,  0.0 wa,  0.0 hi,  0.0 si,  0.0 st
MiB Mem : 128490.0 total,  40288.9 free,   6744.9 used,  81456.2 buff/cache
MiB Swap:   2048.0 total,   1980.0 free,     68.0 used. 119917.7 avail Mem 

    PID USER      PR  NI    VIRT    RES    SHR S  %CPU  %MEM     TIME+ COMMAND
1363575 23mUeno   20   0    8228   6384   2372 R   9.4   0.0   3:56.00 afl-fuzz

top - 00:12:17 up 93 days, 12:03,  6 users,  load average: 0.51, 0.57, 0.55
Tasks:   1 total,   0 running,   1 sleeping,   0 stopped,   0 zombie
%Cpu(s):  0.2 us,  0.3 sy,  0.0 ni, 99.5 id,  0.0 wa,  0.0 hi,  0.0 si,  0.0 st
MiB Mem : 128490.0 total,  40288.9 free,   6744.9 used,  81456.2 buff/cache
MiB Swap:   2048.0 total,   1980.0 free,     68.0 used. 119917.7 avail Mem 

    PID USER      PR  NI    VIRT    RES    SHR S  %CPU  %MEM     TIME+ COMMAND
1363575 23mUeno   20   0    8228   6384   2372 S   8.8   0.0   3:56.44 afl-fuzz

top - 00:12:22 up 93 days, 12:03,  6 users,  load average: 0.55, 0.58, 0.55
Tasks:   1 total,   0 running,   1 sleeping,   0 stopped,   0 zombie
%Cpu(s):  0.2 us,  0.3 sy,  0.0 ni, 99.5 id,  0.0 wa,  0.0 hi,  0.0 si,  0.0 st
MiB Mem : 128490.0 total,  40288.7 free,   6745.2 used,  81456.2 buff/cache
MiB Swap:   2048.0 total,   1980.0 free,     68.0 used. 119917.4 avail Mem 

    PID USER      PR  NI    VIRT    RES    SHR S  %CPU  %MEM     TIME+ COMMAND
1363575 23mUeno   20   0    8228   6384   2372 S   9.0   0.0   3:56.89 afl-fuzz

top - 00:12:27 up 93 days, 12:03,  6 users,  load average: 0.51, 0.57, 0.55
Tasks:   1 total,   0 running,   1 sleeping,   0 stopped,   0 zombie
%Cpu(s):  0.3 us,  0.1 sy,  0.0 ni, 99.6 id,  0.0 wa,  0.0 hi,  0.0 si,  0.0 st
MiB Mem : 128490.0 total,  40288.7 free,   6745.1 used,  81456.2 buff/cache
MiB Swap:   2048.0 total,   1980.0 free,     68.0 used. 119917.4 avail Mem 

    PID USER      PR  NI    VIRT    RES    SHR S  %CPU  %MEM     TIME+ COMMAND
1363575 23mUeno   20   0    8228   6384   2372 S   3.0   0.0   3:57.04 afl-fuzz

top - 00:12:32 up 93 days, 12:03,  6 users,  load average: 0.47, 0.56, 0.55
Tasks:   1 total,   0 running,   1 sleeping,   0 stopped,   0 zombie
%Cpu(s):  0.2 us,  0.1 sy,  0.0 ni, 99.7 id,  0.0 wa,  0.0 hi,  0.0 si,  0.0 st
MiB Mem : 128490.0 total,  40288.7 free,   6745.1 used,  81456.2 buff/cache
MiB Swap:   2048.0 total,   1980.0 free,     68.0 used. 119917.4 avail Mem 

    PID USER      PR  NI    VIRT    RES    SHR S  %CPU  %MEM     TIME+ COMMAND
1363575 23mUeno   20   0    8228   6384   2372 S   1.6   0.0   3:57.12 afl-fuzz

top - 00:12:37 up 93 days, 12:03,  6 users,  load average: 0.51, 0.57, 0.55
Tasks:   1 total,   0 running,   1 sleeping,   0 stopped,   0 zombie
%Cpu(s):  0.2 us,  0.1 sy,  0.0 ni, 99.7 id,  0.0 wa,  0.0 hi,  0.0 si,  0.0 st
MiB Mem : 128490.0 total,  40288.7 free,   6745.1 used,  81456.2 buff/cache
MiB Swap:   2048.0 total,   1980.0 free,     68.0 used. 119917.4 avail Mem 

    PID USER      PR  NI    VIRT    RES    SHR S  %CPU  %MEM     TIME+ COMMAND
1363575 23mUeno   20   0    8228   6384   2372 S   1.6   0.0   3:57.20 afl-fuzz

top - 00:12:42 up 93 days, 12:03,  6 users,  load average: 0.47, 0.56, 0.54
Tasks:   1 total,   0 running,   1 sleeping,   0 stopped,   0 zombie
%Cpu(s):  0.2 us,  0.1 sy,  0.0 ni, 99.7 id,  0.0 wa,  0.0 hi,  0.0 si,  0.0 st
MiB Mem : 128490.0 total,  40288.7 free,   6745.1 used,  81456.2 buff/cache
MiB Swap:   2048.0 total,   1980.0 free,     68.0 used. 119917.4 avail Mem 

    PID USER      PR  NI    VIRT    RES    SHR S  %CPU  %MEM     TIME+ COMMAND
1363575 23mUeno   20   0    8228   6384   2372 S   1.8   0.0   3:57.29 afl-fuzz

top - 00:12:47 up 93 days, 12:03,  6 users,  load average: 0.43, 0.55, 0.54
Tasks:   1 total,   0 running,   1 sleeping,   0 stopped,   0 zombie
%Cpu(s):  0.2 us,  0.1 sy,  0.0 ni, 99.7 id,  0.0 wa,  0.0 hi,  0.0 si,  0.0 st
MiB Mem : 128490.0 total,  40288.7 free,   6745.1 used,  81456.2 buff/cache
MiB Swap:   2048.0 total,   1980.0 free,     68.0 used. 119917.4 avail Mem 

    PID USER      PR  NI    VIRT    RES    SHR S  %CPU  %MEM     TIME+ COMMAND
1363575 23mUeno   20   0    8228   6384   2372 S   1.6   0.0   3:57.37 afl-fuzz

top - 00:12:52 up 93 days, 12:04,  6 users,  load average: 0.48, 0.56, 0.54
Tasks:   1 total,   0 running,   1 sleeping,   0 stopped,   0 zombie
%Cpu(s):  0.2 us,  0.1 sy,  0.0 ni, 99.7 id,  0.0 wa,  0.0 hi,  0.0 si,  0.0 st
MiB Mem : 128490.0 total,  40288.7 free,   6745.1 used,  81456.2 buff/cache
MiB Swap:   2048.0 total,   1980.0 free,     68.0 used. 119917.4 avail Mem 

    PID USER      PR  NI    VIRT    RES    SHR S  %CPU  %MEM     TIME+ COMMAND
1363575 23mUeno   20   0    8228   6384   2372 S   1.8   0.0   3:57.46 afl-fuzz

top - 00:12:57 up 93 days, 12:04,  6 users,  load average: 0.44, 0.55, 0.54
Tasks:   1 total,   0 running,   1 sleeping,   0 stopped,   0 zombie
%Cpu(s):  0.2 us,  0.3 sy,  0.0 ni, 99.5 id,  0.0 wa,  0.0 hi,  0.0 si,  0.0 st
MiB Mem : 128490.0 total,  40288.4 free,   6745.4 used,  81456.2 buff/cache
MiB Swap:   2048.0 total,   1980.0 free,     68.0 used. 119917.2 avail Mem 

    PID USER      PR  NI    VIRT    RES    SHR S  %CPU  %MEM     TIME+ COMMAND
1363575 23mUeno   20   0    8228   6384   2372 S   9.8   0.0   3:57.95 afl-fuzz

top - 00:13:02 up 93 days, 12:04,  6 users,  load average: 0.56, 0.57, 0.55
Tasks:   1 total,   1 running,   0 sleeping,   0 stopped,   0 zombie
%Cpu(s):  0.2 us,  0.5 sy,  0.0 ni, 99.3 id,  0.0 wa,  0.0 hi,  0.0 si,  0.0 st
MiB Mem : 128490.0 total,  40288.4 free,   6745.4 used,  81456.2 buff/cache
MiB Swap:   2048.0 total,   1980.0 free,     68.0 used. 119917.2 avail Mem 

    PID USER      PR  NI    VIRT    RES    SHR S  %CPU  %MEM     TIME+ COMMAND
1363575 23mUeno   20   0    8228   6384   2372 R  15.4   0.0   3:58.72 afl-fuzz

top - 00:13:07 up 93 days, 12:04,  6 users,  load average: 0.68, 0.60, 0.56
Tasks:   1 total,   0 running,   1 sleeping,   0 stopped,   0 zombie
%Cpu(s):  0.2 us,  0.5 sy,  0.0 ni, 99.3 id,  0.0 wa,  0.0 hi,  0.0 si,  0.0 st
MiB Mem : 128490.0 total,  40288.4 free,   6745.3 used,  81456.2 buff/cache
MiB Swap:   2048.0 total,   1980.0 free,     68.0 used. 119917.2 avail Mem 

    PID USER      PR  NI    VIRT    RES    SHR S  %CPU  %MEM     TIME+ COMMAND
1363575 23mUeno   20   0    8228   6384   2372 S  16.8   0.0   3:59.56 afl-fuzz

top - 00:13:12 up 93 days, 12:04,  6 users,  load average: 0.62, 0.59, 0.55
Tasks:   1 total,   1 running,   0 sleeping,   0 stopped,   0 zombie
%Cpu(s):  0.3 us,  0.5 sy,  0.0 ni, 99.2 id,  0.0 wa,  0.0 hi,  0.0 si,  0.0 st
MiB Mem : 128490.0 total,  40288.4 free,   6745.3 used,  81456.2 buff/cache
MiB Swap:   2048.0 total,   1980.0 free,     68.0 used. 119917.3 avail Mem 

    PID USER      PR  NI    VIRT    RES    SHR S  %CPU  %MEM     TIME+ COMMAND
1363575 23mUeno   20   0    8228   6384   2372 R  18.6   0.0   4:00.49 afl-fuzz

top - 00:13:18 up 93 days, 12:04,  6 users,  load average: 0.57, 0.58, 0.55
Tasks:   1 total,   0 running,   1 sleeping,   0 stopped,   0 zombie
%Cpu(s):  0.2 us,  0.5 sy,  0.0 ni, 99.3 id,  0.0 wa,  0.0 hi,  0.0 si,  0.0 st
MiB Mem : 128490.0 total,  40288.4 free,   6745.3 used,  81456.2 buff/cache
MiB Swap:   2048.0 total,   1980.0 free,     68.0 used. 119917.3 avail Mem 

    PID USER      PR  NI    VIRT    RES    SHR S  %CPU  %MEM     TIME+ COMMAND
1363575 23mUeno   20   0    8228   6384   2372 S  16.2   0.0   4:01.30 afl-fuzz

top - 00:13:23 up 93 days, 12:04,  6 users,  load average: 0.61, 0.58, 0.55
Tasks:   1 total,   0 running,   1 sleeping,   0 stopped,   0 zombie
%Cpu(s):  0.3 us,  0.5 sy,  0.0 ni, 99.2 id,  0.0 wa,  0.0 hi,  0.0 si,  0.0 st
MiB Mem : 128490.0 total,  40288.4 free,   6745.3 used,  81456.2 buff/cache
MiB Swap:   2048.0 total,   1980.0 free,     68.0 used. 119917.3 avail Mem 

    PID USER      PR  NI    VIRT    RES    SHR S  %CPU  %MEM     TIME+ COMMAND
1363575 23mUeno   20   0    8228   6384   2372 S  18.0   0.0   4:02.20 afl-fuzz

top - 00:13:28 up 93 days, 12:04,  6 users,  load average: 0.72, 0.61, 0.56
Tasks:   1 total,   0 running,   1 sleeping,   0 stopped,   0 zombie
%Cpu(s):  0.2 us,  0.6 sy,  0.0 ni, 99.2 id,  0.0 wa,  0.0 hi,  0.0 si,  0.0 st
MiB Mem : 128490.0 total,  40288.0 free,   6745.7 used,  81456.3 buff/cache
MiB Swap:   2048.0 total,   1980.0 free,     68.0 used. 119916.9 avail Mem 

    PID USER      PR  NI    VIRT    RES    SHR S  %CPU  %MEM     TIME+ COMMAND
1363575 23mUeno   20   0    8228   6384   2372 S  18.4   0.0   4:03.12 afl-fuzz

top - 00:13:33 up 93 days, 12:04,  6 users,  load average: 0.66, 0.60, 0.56
Tasks:   1 total,   0 running,   1 sleeping,   0 stopped,   0 zombie
%Cpu(s):  0.2 us,  0.4 sy,  0.0 ni, 99.3 id,  0.0 wa,  0.0 hi,  0.0 si,  0.0 st
MiB Mem : 128490.0 total,  40288.0 free,   6745.7 used,  81456.3 buff/cache
MiB Swap:   2048.0 total,   1980.0 free,     68.0 used. 119916.9 avail Mem 

    PID USER      PR  NI    VIRT    RES    SHR S  %CPU  %MEM     TIME+ COMMAND
1363575 23mUeno   20   0    8228   6384   2372 S  14.0   0.0   4:03.82 afl-fuzz

top - 00:13:38 up 93 days, 12:04,  6 users,  load average: 0.69, 0.60, 0.56
Tasks:   1 total,   1 running,   0 sleeping,   0 stopped,   0 zombie
%Cpu(s):  0.2 us,  0.5 sy,  0.0 ni, 99.3 id,  0.0 wa,  0.0 hi,  0.0 si,  0.0 st
MiB Mem : 128490.0 total,  40288.0 free,   6745.7 used,  81456.3 buff/cache
MiB Swap:   2048.0 total,   1980.0 free,     68.0 used. 119916.9 avail Mem 

    PID USER      PR  NI    VIRT    RES    SHR S  %CPU  %MEM     TIME+ COMMAND
1363575 23mUeno   20   0    8228   6384   2372 R  16.2   0.0   4:04.63 afl-fuzz

top - 00:13:43 up 93 days, 12:04,  6 users,  load average: 0.63, 0.59, 0.56
Tasks:   1 total,   0 running,   1 sleeping,   0 stopped,   0 zombie
%Cpu(s):  0.2 us,  0.4 sy,  0.0 ni, 99.4 id,  0.0 wa,  0.0 hi,  0.0 si,  0.0 st
MiB Mem : 128490.0 total,  40288.0 free,   6745.7 used,  81456.3 buff/cache
MiB Swap:   2048.0 total,   1980.0 free,     68.0 used. 119916.9 avail Mem 

    PID USER      PR  NI    VIRT    RES    SHR S  %CPU  %MEM     TIME+ COMMAND
1363575 23mUeno   20   0    8228   6384   2372 S  12.8   0.0   4:05.27 afl-fuzz

top - 00:13:48 up 93 days, 12:04,  6 users,  load average: 0.58, 0.58, 0.55
Tasks:   1 total,   0 running,   1 sleeping,   0 stopped,   0 zombie
%Cpu(s):  0.2 us,  0.4 sy,  0.0 ni, 99.3 id,  0.0 wa,  0.0 hi,  0.0 si,  0.0 st
MiB Mem : 128490.0 total,  40288.0 free,   6745.7 used,  81456.3 buff/cache
MiB Swap:   2048.0 total,   1980.0 free,     68.0 used. 119916.9 avail Mem 

    PID USER      PR  NI    VIRT    RES    SHR S  %CPU  %MEM     TIME+ COMMAND
1363575 23mUeno   20   0    8228   6384   2372 S  14.4   0.0   4:05.99 afl-fuzz

top - 00:13:53 up 93 days, 12:05,  6 users,  load average: 0.62, 0.59, 0.56
Tasks:   1 total,   0 running,   1 sleeping,   0 stopped,   0 zombie
%Cpu(s):  0.3 us,  0.6 sy,  0.0 ni, 99.1 id,  0.0 wa,  0.0 hi,  0.0 si,  0.0 st
MiB Mem : 128490.0 total,  40288.0 free,   6745.7 used,  81456.3 buff/cache
MiB Swap:   2048.0 total,   1980.0 free,     68.0 used. 119916.9 avail Mem 

    PID USER      PR  NI    VIRT    RES    SHR S  %CPU  %MEM     TIME+ COMMAND
1363575 23mUeno   20   0    8228   6384   2372 S  19.8   0.0   4:06.98 afl-fuzz

top - 00:13:58 up 93 days, 12:05,  6 users,  load average: 0.81, 0.63, 0.57
Tasks:   1 total,   0 running,   1 sleeping,   0 stopped,   0 zombie
%Cpu(s):  0.3 us,  0.6 sy,  0.0 ni, 99.1 id,  0.0 wa,  0.0 hi,  0.0 si,  0.0 st
MiB Mem : 128490.0 total,  40288.2 free,   6745.5 used,  81456.3 buff/cache
MiB Swap:   2048.0 total,   1980.0 free,     68.0 used. 119917.1 avail Mem 

    PID USER      PR  NI    VIRT    RES    SHR S  %CPU  %MEM     TIME+ COMMAND
1363575 23mUeno   20   0    8228   6384   2372 S  20.8   0.0   4:08.02 afl-fuzz

top - 00:14:03 up 93 days, 12:05,  6 users,  load average: 0.82, 0.64, 0.57
Tasks:   1 total,   0 running,   1 sleeping,   0 stopped,   0 zombie
%Cpu(s):  0.2 us,  0.6 sy,  0.0 ni, 99.2 id,  0.0 wa,  0.0 hi,  0.0 si,  0.0 st
MiB Mem : 128490.0 total,  40288.2 free,   6745.5 used,  81456.3 buff/cache
MiB Swap:   2048.0 total,   1980.0 free,     68.0 used. 119917.1 avail Mem 

    PID USER      PR  NI    VIRT    RES    SHR S  %CPU  %MEM     TIME+ COMMAND
1363575 23mUeno   20   0    8228   6384   2372 S  17.6   0.0   4:08.90 afl-fuzz

top - 00:14:08 up 93 days, 12:05,  6 users,  load average: 1.08, 0.69, 0.59
Tasks:   1 total,   0 running,   1 sleeping,   0 stopped,   0 zombie
%Cpu(s):  0.2 us,  0.6 sy,  0.0 ni, 99.2 id,  0.0 wa,  0.0 hi,  0.0 si,  0.0 st
MiB Mem : 128490.0 total,  40288.2 free,   6745.5 used,  81456.3 buff/cache
MiB Swap:   2048.0 total,   1980.0 free,     68.0 used. 119917.1 avail Mem 

    PID USER      PR  NI    VIRT    RES    SHR S  %CPU  %MEM     TIME+ COMMAND
1363575 23mUeno   20   0    8228   6384   2372 S  17.6   0.0   4:09.78 afl-fuzz

top - 00:14:13 up 93 days, 12:05,  6 users,  load average: 0.99, 0.68, 0.59
Tasks:   1 total,   0 running,   1 sleeping,   0 stopped,   0 zombie
%Cpu(s):  0.2 us,  0.6 sy,  0.0 ni, 99.1 id,  0.0 wa,  0.0 hi,  0.0 si,  0.0 st
MiB Mem : 128490.0 total,  40288.2 free,   6745.5 used,  81456.3 buff/cache
MiB Swap:   2048.0 total,   1980.0 free,     68.0 used. 119917.1 avail Mem 

    PID USER      PR  NI    VIRT    RES    SHR S  %CPU  %MEM     TIME+ COMMAND
1363575 23mUeno   20   0    8228   6384   2372 S  20.2   0.0   4:10.79 afl-fuzz

top - 00:14:18 up 93 days, 12:05,  6 users,  load average: 0.91, 0.67, 0.58
Tasks:   1 total,   0 running,   1 sleeping,   0 stopped,   0 zombie
%Cpu(s):  0.3 us,  0.5 sy,  0.0 ni, 99.3 id,  0.0 wa,  0.0 hi,  0.0 si,  0.0 st
MiB Mem : 128490.0 total,  40288.2 free,   6745.4 used,  81456.3 buff/cache
MiB Swap:   2048.0 total,   1980.0 free,     68.0 used. 119917.1 avail Mem 

    PID USER      PR  NI    VIRT    RES    SHR S  %CPU  %MEM     TIME+ COMMAND
1363575 23mUeno   20   0    8228   6384   2372 S  16.2   0.0   4:11.60 afl-fuzz

top - 00:14:23 up 93 days, 12:05,  6 users,  load average: 0.92, 0.68, 0.59
Tasks:   1 total,   0 running,   1 sleeping,   0 stopped,   0 zombie
%Cpu(s):  0.2 us,  0.4 sy,  0.0 ni, 99.3 id,  0.0 wa,  0.0 hi,  0.0 si,  0.0 st
MiB Mem : 128490.0 total,  40288.2 free,   6745.4 used,  81456.3 buff/cache
MiB Swap:   2048.0 total,   1980.0 free,     68.0 used. 119917.1 avail Mem 

    PID USER      PR  NI    VIRT    RES    SHR S  %CPU  %MEM     TIME+ COMMAND
1363575 23mUeno   20   0    8228   6384   2372 S  13.6   0.0   4:12.28 afl-fuzz

top - 00:14:28 up 93 days, 12:05,  6 users,  load average: 0.93, 0.68, 0.59
Tasks:   1 total,   0 running,   1 sleeping,   0 stopped,   0 zombie
%Cpu(s):  0.2 us,  0.3 sy,  0.0 ni, 99.5 id,  0.0 wa,  0.0 hi,  0.0 si,  0.0 st
MiB Mem : 128490.0 total,  40288.2 free,   6745.4 used,  81456.3 buff/cache
MiB Swap:   2048.0 total,   1980.0 free,     68.0 used. 119917.1 avail Mem 

    PID USER      PR  NI    VIRT    RES    SHR S  %CPU  %MEM     TIME+ COMMAND
1363575 23mUeno   20   0    8228   6384   2372 S   8.8   0.0   4:12.72 afl-fuzz

top - 00:14:33 up 93 days, 12:05,  6 users,  load average: 1.09, 0.72, 0.60
Tasks:   1 total,   0 running,   1 sleeping,   0 stopped,   0 zombie
%Cpu(s):  0.2 us,  0.4 sy,  0.0 ni, 99.4 id,  0.0 wa,  0.0 hi,  0.0 si,  0.0 st
MiB Mem : 128490.0 total,  40288.2 free,   6745.4 used,  81456.3 buff/cache
MiB Swap:   2048.0 total,   1980.0 free,     68.0 used. 119917.1 avail Mem 

    PID USER      PR  NI    VIRT    RES    SHR S  %CPU  %MEM     TIME+ COMMAND
1363575 23mUeno   20   0    8228   6384   2372 S  11.4   0.0   4:13.29 afl-fuzz

top - 00:14:38 up 93 days, 12:05,  6 users,  load average: 1.08, 0.72, 0.60
Tasks:   1 total,   0 running,   1 sleeping,   0 stopped,   0 zombie
%Cpu(s):  0.3 us,  0.3 sy,  0.0 ni, 99.4 id,  0.0 wa,  0.0 hi,  0.0 si,  0.0 st
MiB Mem : 128490.0 total,  40288.2 free,   6745.4 used,  81456.3 buff/cache
MiB Swap:   2048.0 total,   1980.0 free,     68.0 used. 119917.1 avail Mem 

    PID USER      PR  NI    VIRT    RES    SHR S  %CPU  %MEM     TIME+ COMMAND
1363575 23mUeno   20   0    8228   6384   2372 S   9.2   0.0   4:13.75 afl-fuzz

top - 00:14:43 up 93 days, 12:05,  6 users,  load average: 1.00, 0.71, 0.60
Tasks:   1 total,   0 running,   1 sleeping,   0 stopped,   0 zombie
%Cpu(s):  0.2 us,  0.3 sy,  0.0 ni, 99.6 id,  0.0 wa,  0.0 hi,  0.0 si,  0.0 st
MiB Mem : 128490.0 total,  40288.2 free,   6745.4 used,  81456.3 buff/cache
MiB Swap:   2048.0 total,   1980.0 free,     68.0 used. 119917.1 avail Mem 

    PID USER      PR  NI    VIRT    RES    SHR S  %CPU  %MEM     TIME+ COMMAND
1363575 23mUeno   20   0    8228   6384   2372 S   7.2   0.0   4:14.11 afl-fuzz

top - 00:14:48 up 93 days, 12:05,  6 users,  load average: 1.08, 0.73, 0.61
Tasks:   1 total,   0 running,   1 sleeping,   0 stopped,   0 zombie
%Cpu(s):  0.2 us,  0.5 sy,  0.0 ni, 99.3 id,  0.0 wa,  0.0 hi,  0.0 si,  0.0 st
MiB Mem : 128490.0 total,  40288.2 free,   6745.4 used,  81456.3 buff/cache
MiB Swap:   2048.0 total,   1980.0 free,     68.0 used. 119917.1 avail Mem 

    PID USER      PR  NI    VIRT    RES    SHR S  %CPU  %MEM     TIME+ COMMAND
1363575 23mUeno   20   0    8228   6384   2372 S  15.2   0.0   4:14.87 afl-fuzz

top - 00:14:53 up 93 days, 12:06,  6 users,  load average: 1.31, 0.79, 0.63
Tasks:   1 total,   1 running,   0 sleeping,   0 stopped,   0 zombie
%Cpu(s):  0.2 us,  0.4 sy,  0.0 ni, 99.4 id,  0.0 wa,  0.0 hi,  0.0 si,  0.0 st
MiB Mem : 128490.0 total,  40288.0 free,   6745.7 used,  81456.3 buff/cache
MiB Swap:   2048.0 total,   1980.0 free,     68.0 used. 119916.9 avail Mem 

    PID USER      PR  NI    VIRT    RES    SHR S  %CPU  %MEM     TIME+ COMMAND
1363575 23mUeno   20   0    8228   6384   2372 R  14.0   0.0   4:15.57 afl-fuzz

top - 00:14:58 up 93 days, 12:06,  6 users,  load average: 1.29, 0.79, 0.63
Tasks:   1 total,   1 running,   0 sleeping,   0 stopped,   0 zombie
%Cpu(s):  0.2 us,  0.4 sy,  0.0 ni, 99.4 id,  0.0 wa,  0.0 hi,  0.0 si,  0.0 st
MiB Mem : 128490.0 total,  40288.0 free,   6745.7 used,  81456.3 buff/cache
MiB Swap:   2048.0 total,   1980.0 free,     68.0 used. 119916.9 avail Mem 

    PID USER      PR  NI    VIRT    RES    SHR S  %CPU  %MEM     TIME+ COMMAND
1363575 23mUeno   20   0    8228   6384   2372 R  12.8   0.0   4:16.21 afl-fuzz

top - 00:15:03 up 93 days, 12:06,  6 users,  load average: 1.18, 0.78, 0.63
Tasks:   1 total,   1 running,   0 sleeping,   0 stopped,   0 zombie
%Cpu(s):  0.2 us,  0.4 sy,  0.0 ni, 99.4 id,  0.0 wa,  0.0 hi,  0.0 si,  0.0 st
MiB Mem : 128490.0 total,  40288.0 free,   6745.7 used,  81456.3 buff/cache
MiB Swap:   2048.0 total,   1980.0 free,     68.0 used. 119916.9 avail Mem 

    PID USER      PR  NI    VIRT    RES    SHR S  %CPU  %MEM     TIME+ COMMAND
1363575 23mUeno   20   0    8228   6384   2372 R  13.2   0.0   4:16.87 afl-fuzz

top - 00:15:08 up 93 days, 12:06,  6 users,  load average: 1.33, 0.82, 0.64
Tasks:   1 total,   0 running,   1 sleeping,   0 stopped,   0 zombie
%Cpu(s):  0.2 us,  0.3 sy,  0.0 ni, 99.5 id,  0.0 wa,  0.0 hi,  0.0 si,  0.0 st
MiB Mem : 128490.0 total,  40288.0 free,   6745.7 used,  81456.3 buff/cache
MiB Swap:   2048.0 total,   1980.0 free,     68.0 used. 119916.9 avail Mem 

    PID USER      PR  NI    VIRT    RES    SHR S  %CPU  %MEM     TIME+ COMMAND
1363575 23mUeno   20   0    8228   6384   2372 S  10.6   0.0   4:17.40 afl-fuzz

top - 00:15:13 up 93 days, 12:06,  6 users,  load average: 1.38, 0.84, 0.65
Tasks:   1 total,   0 running,   1 sleeping,   0 stopped,   0 zombie
%Cpu(s):  0.2 us,  0.3 sy,  0.0 ni, 99.4 id,  0.0 wa,  0.0 hi,  0.0 si,  0.0 st
MiB Mem : 128490.0 total,  40288.0 free,   6745.7 used,  81456.4 buff/cache
MiB Swap:   2048.0 total,   1980.0 free,     68.0 used. 119916.9 avail Mem 

    PID USER      PR  NI    VIRT    RES    SHR S  %CPU  %MEM     TIME+ COMMAND
1363575 23mUeno   20   0    8228   6384   2372 S  12.0   0.0   4:18.00 afl-fuzz

top - 00:15:18 up 93 days, 12:06,  6 users,  load average: 1.27, 0.82, 0.64
Tasks:   1 total,   0 running,   1 sleeping,   0 stopped,   0 zombie
%Cpu(s):  0.2 us,  0.3 sy,  0.0 ni, 99.4 id,  0.0 wa,  0.0 hi,  0.0 si,  0.0 st
MiB Mem : 128490.0 total,  40288.0 free,   6745.7 used,  81456.4 buff/cache
MiB Swap:   2048.0 total,   1980.0 free,     68.0 used. 119916.9 avail Mem 

    PID USER      PR  NI    VIRT    RES    SHR S  %CPU  %MEM     TIME+ COMMAND
1363575 23mUeno   20   0    8228   6384   2372 S  11.6   0.0   4:18.58 afl-fuzz

top - 00:15:23 up 93 days, 12:06,  6 users,  load average: 1.33, 0.84, 0.65
Tasks:   1 total,   0 running,   1 sleeping,   0 stopped,   0 zombie
%Cpu(s):  0.2 us,  0.4 sy,  0.0 ni, 99.3 id,  0.0 wa,  0.0 hi,  0.0 si,  0.0 st
MiB Mem : 128490.0 total,  40288.0 free,   6745.7 used,  81456.4 buff/cache
MiB Swap:   2048.0 total,   1980.0 free,     68.0 used. 119916.9 avail Mem 

    PID USER      PR  NI    VIRT    RES    SHR S  %CPU  %MEM     TIME+ COMMAND
1363575 23mUeno   20   0    8228   6384   2372 S  14.8   0.0   4:19.32 afl-fuzz

top - 00:15:28 up 93 days, 12:06,  6 users,  load average: 1.22, 0.83, 0.65
Tasks:   1 total,   0 running,   1 sleeping,   0 stopped,   0 zombie
%Cpu(s):  0.2 us,  0.5 sy,  0.0 ni, 99.3 id,  0.0 wa,  0.0 hi,  0.0 si,  0.0 st
MiB Mem : 128490.0 total,  40287.8 free,   6745.9 used,  81456.4 buff/cache
MiB Swap:   2048.0 total,   1980.0 free,     68.0 used. 119916.7 avail Mem 

    PID USER      PR  NI    VIRT    RES    SHR S  %CPU  %MEM     TIME+ COMMAND
1363575 23mUeno   20   0    8228   6384   2372 S  15.8   0.0   4:20.11 afl-fuzz

top - 00:15:33 up 93 days, 12:06,  6 users,  load average: 1.13, 0.81, 0.64
Tasks:   1 total,   0 running,   1 sleeping,   0 stopped,   0 zombie
%Cpu(s):  0.2 us,  0.4 sy,  0.0 ni, 99.3 id,  0.0 wa,  0.0 hi,  0.0 si,  0.0 st
MiB Mem : 128490.0 total,  40287.8 free,   6745.9 used,  81456.4 buff/cache
MiB Swap:   2048.0 total,   1980.0 free,     68.0 used. 119916.7 avail Mem 

    PID USER      PR  NI    VIRT    RES    SHR S  %CPU  %MEM     TIME+ COMMAND
1363575 23mUeno   20   0    8228   6384   2372 S  14.6   0.0   4:20.84 afl-fuzz

top - 00:15:38 up 93 days, 12:06,  6 users,  load average: 1.04, 0.80, 0.64
Tasks:   1 total,   0 running,   1 sleeping,   0 stopped,   0 zombie
%Cpu(s):  0.2 us,  0.4 sy,  0.0 ni, 99.4 id,  0.0 wa,  0.0 hi,  0.0 si,  0.0 st
MiB Mem : 128490.0 total,  40287.5 free,   6746.1 used,  81456.4 buff/cache
MiB Swap:   2048.0 total,   1980.0 free,     68.0 used. 119916.5 avail Mem 

    PID USER      PR  NI    VIRT    RES    SHR S  %CPU  %MEM     TIME+ COMMAND
1363575 23mUeno   20   0    8228   6384   2372 S  13.0   0.0   4:21.49 afl-fuzz

top - 00:15:43 up 93 days, 12:06,  6 users,  load average: 1.11, 0.82, 0.65
Tasks:   1 total,   0 running,   1 sleeping,   0 stopped,   0 zombie
%Cpu(s):  0.2 us,  0.5 sy,  0.0 ni, 99.3 id,  0.0 wa,  0.0 hi,  0.0 si,  0.0 st
MiB Mem : 128490.0 total,  40287.8 free,   6745.8 used,  81456.4 buff/cache
MiB Swap:   2048.0 total,   1980.0 free,     68.0 used. 119916.8 avail Mem 

    PID USER      PR  NI    VIRT    RES    SHR S  %CPU  %MEM     TIME+ COMMAND
1363575 23mUeno   20   0    8264   6384   2372 D  16.2   0.0   4:22.30 afl-fuzz

top - 00:15:48 up 93 days, 12:06,  6 users,  load average: 1.26, 0.86, 0.66
Tasks:   1 total,   1 running,   0 sleeping,   0 stopped,   0 zombie
%Cpu(s):  0.3 us,  0.5 sy,  0.0 ni, 99.2 id,  0.0 wa,  0.0 hi,  0.0 si,  0.0 st
MiB Mem : 128490.0 total,  40287.8 free,   6745.8 used,  81456.4 buff/cache
MiB Swap:   2048.0 total,   1980.0 free,     68.0 used. 119916.8 avail Mem 

    PID USER      PR  NI    VIRT    RES    SHR S  %CPU  %MEM     TIME+ COMMAND
1363575 23mUeno   20   0    8228   6384   2372 R  16.2   0.0   4:23.11 afl-fuzz

top - 00:15:53 up 93 days, 12:07,  6 users,  load average: 1.16, 0.84, 0.65
Tasks:   1 total,   0 running,   1 sleeping,   0 stopped,   0 zombie
%Cpu(s):  0.2 us,  0.6 sy,  0.0 ni, 99.2 id,  0.0 wa,  0.0 hi,  0.0 si,  0.0 st
MiB Mem : 128490.0 total,  40287.8 free,   6745.8 used,  81456.4 buff/cache
MiB Swap:   2048.0 total,   1980.0 free,     68.0 used. 119916.8 avail Mem 

    PID USER      PR  NI    VIRT    RES    SHR S  %CPU  %MEM     TIME+ COMMAND
1363575 23mUeno   20   0    8228   6384   2372 S  19.4   0.0   4:24.08 afl-fuzz

top - 00:15:58 up 93 days, 12:07,  6 users,  load average: 1.07, 0.83, 0.65
Tasks:   1 total,   0 running,   1 sleeping,   0 stopped,   0 zombie
%Cpu(s):  0.2 us,  0.5 sy,  0.0 ni, 99.3 id,  0.0 wa,  0.0 hi,  0.0 si,  0.0 st
MiB Mem : 128490.0 total,  40287.8 free,   6745.8 used,  81456.4 buff/cache
MiB Swap:   2048.0 total,   1980.0 free,     68.0 used. 119916.8 avail Mem 

    PID USER      PR  NI    VIRT    RES    SHR S  %CPU  %MEM     TIME+ COMMAND
1363575 23mUeno   20   0    8228   6384   2372 S  15.6   0.0   4:24.86 afl-fuzz

top - 00:16:03 up 93 days, 12:07,  6 users,  load average: 1.14, 0.85, 0.66
Tasks:   1 total,   0 running,   1 sleeping,   0 stopped,   0 zombie
%Cpu(s):  0.2 us,  0.5 sy,  0.0 ni, 99.3 id,  0.0 wa,  0.0 hi,  0.0 si,  0.0 st
MiB Mem : 128490.0 total,  40288.3 free,   6745.3 used,  81456.4 buff/cache
MiB Swap:   2048.0 total,   1980.0 free,     68.0 used. 119917.3 avail Mem 

    PID USER      PR  NI    VIRT    RES    SHR S  %CPU  %MEM     TIME+ COMMAND
1363575 23mUeno   20   0    8264   6384   2372 D  14.6   0.0   4:25.59 afl-fuzz

top - 00:16:08 up 93 days, 12:07,  6 users,  load average: 1.05, 0.83, 0.65
Tasks:   1 total,   0 running,   1 sleeping,   0 stopped,   0 zombie
%Cpu(s):  0.2 us,  0.5 sy,  0.0 ni, 99.3 id,  0.0 wa,  0.0 hi,  0.0 si,  0.0 st
MiB Mem : 128490.0 total,  40288.3 free,   6745.3 used,  81456.4 buff/cache
MiB Swap:   2048.0 total,   1980.0 free,     68.0 used. 119917.3 avail Mem 

    PID USER      PR  NI    VIRT    RES    SHR S  %CPU  %MEM     TIME+ COMMAND
1363575 23mUeno   20   0    8228   6384   2372 S  16.0   0.0   4:26.39 afl-fuzz

top - 00:16:13 up 93 days, 12:07,  6 users,  load average: 0.97, 0.82, 0.65
Tasks:   1 total,   0 running,   1 sleeping,   0 stopped,   0 zombie
%Cpu(s):  0.2 us,  0.5 sy,  0.0 ni, 99.2 id,  0.0 wa,  0.0 hi,  0.0 si,  0.0 st
MiB Mem : 128490.0 total,  40288.3 free,   6745.3 used,  81456.4 buff/cache
MiB Swap:   2048.0 total,   1980.0 free,     68.0 used. 119917.3 avail Mem 

    PID USER      PR  NI    VIRT    RES    SHR S  %CPU  %MEM     TIME+ COMMAND
1363575 23mUeno   20   0    8228   6384   2372 S  17.2   0.0   4:27.25 afl-fuzz

top - 00:16:18 up 93 days, 12:07,  6 users,  load average: 0.89, 0.81, 0.65
Tasks:   1 total,   1 running,   0 sleeping,   0 stopped,   0 zombie
%Cpu(s):  0.2 us,  0.4 sy,  0.0 ni, 99.4 id,  0.0 wa,  0.0 hi,  0.0 si,  0.0 st
MiB Mem : 128490.0 total,  40288.1 free,   6745.5 used,  81456.5 buff/cache
MiB Swap:   2048.0 total,   1980.0 free,     68.0 used. 119917.1 avail Mem 

    PID USER      PR  NI    VIRT    RES    SHR S  %CPU  %MEM     TIME+ COMMAND
1363575 23mUeno   20   0    8228   6384   2372 R  12.8   0.0   4:27.89 afl-fuzz

top - 00:16:23 up 93 days, 12:07,  6 users,  load average: 0.82, 0.79, 0.64
Tasks:   1 total,   0 running,   1 sleeping,   0 stopped,   0 zombie
%Cpu(s):  0.2 us,  0.5 sy,  0.0 ni, 99.3 id,  0.0 wa,  0.0 hi,  0.0 si,  0.0 st
MiB Mem : 128490.0 total,  40288.1 free,   6745.4 used,  81456.5 buff/cache
MiB Swap:   2048.0 total,   1980.0 free,     68.0 used. 119917.1 avail Mem 

    PID USER      PR  NI    VIRT    RES    SHR S  %CPU  %MEM     TIME+ COMMAND
1363575 23mUeno   20   0    8228   6384   2372 S  14.8   0.0   4:28.63 afl-fuzz

top - 00:16:28 up 93 days, 12:07,  6 users,  load average: 0.75, 0.78, 0.64
Tasks:   1 total,   0 running,   1 sleeping,   0 stopped,   0 zombie
%Cpu(s):  0.2 us,  0.5 sy,  0.0 ni, 99.3 id,  0.0 wa,  0.0 hi,  0.0 si,  0.0 st
MiB Mem : 128490.0 total,  40288.1 free,   6745.4 used,  81456.5 buff/cache
MiB Swap:   2048.0 total,   1980.0 free,     68.0 used. 119917.1 avail Mem 

    PID USER      PR  NI    VIRT    RES    SHR S  %CPU  %MEM     TIME+ COMMAND
1363575 23mUeno   20   0    8228   6384   2372 S  16.4   0.0   4:29.45 afl-fuzz

top - 00:16:33 up 93 days, 12:07,  6 users,  load average: 0.85, 0.80, 0.65
Tasks:   1 total,   0 running,   1 sleeping,   0 stopped,   0 zombie
%Cpu(s):  0.2 us,  0.5 sy,  0.0 ni, 99.3 id,  0.0 wa,  0.0 hi,  0.0 si,  0.0 st
MiB Mem : 128490.0 total,  40288.1 free,   6745.4 used,  81456.5 buff/cache
MiB Swap:   2048.0 total,   1980.0 free,     68.0 used. 119917.1 avail Mem 

    PID USER      PR  NI    VIRT    RES    SHR S  %CPU  %MEM     TIME+ COMMAND
1363575 23mUeno   20   0    8264   6384   2372 D  14.8   0.0   4:30.19 afl-fuzz

top - 00:16:38 up 93 days, 12:07,  6 users,  load average: 0.78, 0.79, 0.64
Tasks:   1 total,   0 running,   1 sleeping,   0 stopped,   0 zombie
%Cpu(s):  0.2 us,  0.4 sy,  0.0 ni, 99.4 id,  0.0 wa,  0.0 hi,  0.0 si,  0.0 st
MiB Mem : 128490.0 total,  40288.1 free,   6745.4 used,  81456.5 buff/cache
MiB Swap:   2048.0 total,   1980.0 free,     68.0 used. 119917.1 avail Mem 

    PID USER      PR  NI    VIRT    RES    SHR S  %CPU  %MEM     TIME+ COMMAND
1363575 23mUeno   20   0    8228   6384   2372 S  11.4   0.0   4:30.76 afl-fuzz

top - 00:16:43 up 93 days, 12:07,  6 users,  load average: 0.72, 0.77, 0.64
Tasks:   1 total,   0 running,   1 sleeping,   0 stopped,   0 zombie
%Cpu(s):  0.2 us,  0.4 sy,  0.0 ni, 99.4 id,  0.0 wa,  0.0 hi,  0.0 si,  0.0 st
MiB Mem : 128490.0 total,  40288.1 free,   6745.4 used,  81456.5 buff/cache
MiB Swap:   2048.0 total,   1980.0 free,     68.0 used. 119917.1 avail Mem 

    PID USER      PR  NI    VIRT    RES    SHR S  %CPU  %MEM     TIME+ COMMAND
1363575 23mUeno   20   0    8228   6384   2372 S  11.2   0.0   4:31.32 afl-fuzz

top - 00:16:48 up 93 days, 12:07,  6 users,  load average: 0.90, 0.81, 0.65
Tasks:   1 total,   0 running,   1 sleeping,   0 stopped,   0 zombie
%Cpu(s):  0.2 us,  0.4 sy,  0.0 ni, 99.4 id,  0.0 wa,  0.0 hi,  0.0 si,  0.0 st
MiB Mem : 128490.0 total,  40287.8 free,   6745.6 used,  81456.5 buff/cache
MiB Swap:   2048.0 total,   1980.0 free,     68.0 used. 119916.9 avail Mem 

    PID USER      PR  NI    VIRT    RES    SHR S  %CPU  %MEM     TIME+ COMMAND
1363575 23mUeno   20   0    8228   6384   2372 S  11.2   0.0   4:31.88 afl-fuzz

top - 00:16:53 up 93 days, 12:08,  6 users,  load average: 0.91, 0.81, 0.65
Tasks:   1 total,   0 running,   1 sleeping,   0 stopped,   0 zombie
%Cpu(s):  0.2 us,  0.4 sy,  0.0 ni, 99.4 id,  0.0 wa,  0.0 hi,  0.0 si,  0.0 st
MiB Mem : 128490.0 total,  40287.8 free,   6745.6 used,  81456.5 buff/cache
MiB Swap:   2048.0 total,   1980.0 free,     68.0 used. 119916.9 avail Mem 

    PID USER      PR  NI    VIRT    RES    SHR S  %CPU  %MEM     TIME+ COMMAND
1363575 23mUeno   20   0    8228   6384   2372 S  10.8   0.0   4:32.42 afl-fuzz

top - 00:16:58 up 93 days, 12:08,  6 users,  load average: 0.84, 0.80, 0.65
Tasks:   1 total,   0 running,   1 sleeping,   0 stopped,   0 zombie
%Cpu(s):  0.2 us,  0.3 sy,  0.0 ni, 99.5 id,  0.0 wa,  0.0 hi,  0.0 si,  0.0 st
MiB Mem : 128490.0 total,  40287.8 free,   6745.6 used,  81456.5 buff/cache
MiB Swap:   2048.0 total,   1980.0 free,     68.0 used. 119916.9 avail Mem 

    PID USER      PR  NI    VIRT    RES    SHR S  %CPU  %MEM     TIME+ COMMAND
1363575 23mUeno   20   0    8228   6384   2372 S   9.8   0.0   4:32.91 afl-fuzz

top - 00:17:03 up 93 days, 12:08,  6 users,  load average: 0.77, 0.79, 0.64
Tasks:   1 total,   0 running,   1 sleeping,   0 stopped,   0 zombie
%Cpu(s):  0.2 us,  0.4 sy,  0.0 ni, 99.5 id,  0.0 wa,  0.0 hi,  0.0 si,  0.0 st
MiB Mem : 128490.0 total,  40287.6 free,   6745.9 used,  81456.5 buff/cache
MiB Swap:   2048.0 total,   1980.0 free,     68.0 used. 119916.7 avail Mem 

    PID USER      PR  NI    VIRT    RES    SHR S  %CPU  %MEM     TIME+ COMMAND
1363575 23mUeno   20   0    8228   6384   2372 S  11.0   0.0   4:33.46 afl-fuzz

top - 00:17:08 up 93 days, 12:08,  6 users,  load average: 0.87, 0.81, 0.65
Tasks:   1 total,   0 running,   1 sleeping,   0 stopped,   0 zombie
%Cpu(s):  0.2 us,  0.4 sy,  0.0 ni, 99.4 id,  0.0 wa,  0.0 hi,  0.0 si,  0.0 st
MiB Mem : 128490.0 total,  40287.6 free,   6745.9 used,  81456.5 buff/cache
MiB Swap:   2048.0 total,   1980.0 free,     68.0 used. 119916.7 avail Mem 

    PID USER      PR  NI    VIRT    RES    SHR S  %CPU  %MEM     TIME+ COMMAND
1363575 23mUeno   20   0    8228   6384   2372 S  12.2   0.0   4:34.07 afl-fuzz

top - 00:17:13 up 93 days, 12:08,  6 users,  load average: 0.80, 0.79, 0.65
Tasks:   1 total,   0 running,   1 sleeping,   0 stopped,   0 zombie
%Cpu(s):  0.2 us,  0.3 sy,  0.0 ni, 99.5 id,  0.0 wa,  0.0 hi,  0.0 si,  0.0 st
MiB Mem : 128490.0 total,  40287.6 free,   6745.9 used,  81456.5 buff/cache
MiB Swap:   2048.0 total,   1980.0 free,     68.0 used. 119916.7 avail Mem 

    PID USER      PR  NI    VIRT    RES    SHR S  %CPU  %MEM     TIME+ COMMAND
1363575 23mUeno   20   0    8228   6384   2372 S  10.0   0.0   4:34.57 afl-fuzz

top - 00:17:18 up 93 days, 12:08,  6 users,  load average: 0.98, 0.83, 0.66
Tasks:   1 total,   0 running,   1 sleeping,   0 stopped,   0 zombie
%Cpu(s):  0.2 us,  0.3 sy,  0.0 ni, 99.5 id,  0.0 wa,  0.0 hi,  0.0 si,  0.0 st
MiB Mem : 128490.0 total,  40287.6 free,   6745.9 used,  81456.5 buff/cache
MiB Swap:   2048.0 total,   1980.0 free,     68.0 used. 119916.7 avail Mem 

    PID USER      PR  NI    VIRT    RES    SHR S  %CPU  %MEM     TIME+ COMMAND
1363575 23mUeno   20   0    8228   6384   2372 S   9.0   0.0   4:35.02 afl-fuzz

top - 00:17:23 up 93 days, 12:08,  6 users,  load average: 1.14, 0.87, 0.67
Tasks:   1 total,   0 running,   1 sleeping,   0 stopped,   0 zombie
%Cpu(s):  0.2 us,  0.3 sy,  0.0 ni, 99.6 id,  0.0 wa,  0.0 hi,  0.0 si,  0.0 st
MiB Mem : 128490.0 total,  40287.6 free,   6745.9 used,  81456.5 buff/cache
MiB Swap:   2048.0 total,   1980.0 free,     68.0 used. 119916.7 avail Mem 

    PID USER      PR  NI    VIRT    RES    SHR S  %CPU  %MEM     TIME+ COMMAND
1363575 23mUeno   20   0    8228   6384   2372 S   7.6   0.0   4:35.40 afl-fuzz

top - 00:17:28 up 93 days, 12:08,  6 users,  load average: 1.05, 0.85, 0.67
Tasks:   1 total,   0 running,   1 sleeping,   0 stopped,   0 zombie
%Cpu(s):  0.2 us,  0.3 sy,  0.0 ni, 99.5 id,  0.0 wa,  0.0 hi,  0.0 si,  0.0 st
MiB Mem : 128490.0 total,  40287.4 free,   6746.0 used,  81456.5 buff/cache
MiB Swap:   2048.0 total,   1980.0 free,     68.0 used. 119916.5 avail Mem 

    PID USER      PR  NI    VIRT    RES    SHR S  %CPU  %MEM     TIME+ COMMAND
1363575 23mUeno   20   0    8228   6384   2372 S   8.6   0.0   4:35.83 afl-fuzz

top - 00:17:33 up 93 days, 12:08,  6 users,  load average: 0.96, 0.84, 0.67
Tasks:   1 total,   0 running,   1 sleeping,   0 stopped,   0 zombie
%Cpu(s):  0.2 us,  0.3 sy,  0.0 ni, 99.5 id,  0.0 wa,  0.0 hi,  0.0 si,  0.0 st
MiB Mem : 128490.0 total,  40287.4 free,   6746.0 used,  81456.5 buff/cache
MiB Swap:   2048.0 total,   1980.0 free,     68.0 used. 119916.5 avail Mem 

    PID USER      PR  NI    VIRT    RES    SHR S  %CPU  %MEM     TIME+ COMMAND
1363575 23mUeno   20   0    8228   6384   2372 S   9.8   0.0   4:36.32 afl-fuzz

top - 00:17:38 up 93 days, 12:08,  6 users,  load average: 0.97, 0.84, 0.67
Tasks:   1 total,   0 running,   1 sleeping,   0 stopped,   0 zombie
%Cpu(s):  0.2 us,  0.3 sy,  0.0 ni, 99.5 id,  0.0 wa,  0.0 hi,  0.0 si,  0.0 st
MiB Mem : 128490.0 total,  40287.4 free,   6746.0 used,  81456.5 buff/cache
MiB Swap:   2048.0 total,   1980.0 free,     68.0 used. 119916.5 avail Mem 

    PID USER      PR  NI    VIRT    RES    SHR S  %CPU  %MEM     TIME+ COMMAND
1363575 23mUeno   20   0    8228   6384   2372 S   7.6   0.0   4:36.70 afl-fuzz

top - 00:17:43 up 93 days, 12:08,  6 users,  load average: 0.89, 0.83, 0.66
Tasks:   1 total,   0 running,   1 sleeping,   0 stopped,   0 zombie
%Cpu(s):  0.2 us,  0.3 sy,  0.0 ni, 99.5 id,  0.0 wa,  0.0 hi,  0.0 si,  0.0 st
MiB Mem : 128490.0 total,  40287.4 free,   6746.0 used,  81456.5 buff/cache
MiB Swap:   2048.0 total,   1980.0 free,     68.0 used. 119916.5 avail Mem 

    PID USER      PR  NI    VIRT    RES    SHR S  %CPU  %MEM     TIME+ COMMAND
1363575 23mUeno   20   0    8228   6384   2372 S  10.2   0.0   4:37.21 afl-fuzz

top - 00:17:48 up 93 days, 12:08,  6 users,  load average: 0.82, 0.81, 0.66
Tasks:   1 total,   0 running,   1 sleeping,   0 stopped,   0 zombie
%Cpu(s):  0.2 us,  0.3 sy,  0.0 ni, 99.5 id,  0.0 wa,  0.0 hi,  0.0 si,  0.0 st
MiB Mem : 128490.0 total,  40287.4 free,   6746.0 used,  81456.5 buff/cache
MiB Swap:   2048.0 total,   1980.0 free,     68.0 used. 119916.5 avail Mem 

    PID USER      PR  NI    VIRT    RES    SHR S  %CPU  %MEM     TIME+ COMMAND
1363575 23mUeno   20   0    8228   6384   2372 S   9.4   0.0   4:37.68 afl-fuzz

top - 00:17:53 up 93 days, 12:09,  6 users,  load average: 0.75, 0.80, 0.66
Tasks:   1 total,   0 running,   1 sleeping,   0 stopped,   0 zombie
%Cpu(s):  0.2 us,  0.3 sy,  0.0 ni, 99.5 id,  0.0 wa,  0.0 hi,  0.0 si,  0.0 st
MiB Mem : 128490.0 total,  40287.4 free,   6746.0 used,  81456.5 buff/cache
MiB Swap:   2048.0 total,   1980.0 free,     68.0 used. 119916.5 avail Mem 

    PID USER      PR  NI    VIRT    RES    SHR S  %CPU  %MEM     TIME+ COMMAND
1363575 23mUeno   20   0    8228   6384   2372 S   7.8   0.0   4:38.07 afl-fuzz

top - 00:17:58 up 93 days, 12:09,  6 users,  load average: 0.69, 0.78, 0.65
Tasks:   1 total,   0 running,   1 sleeping,   0 stopped,   0 zombie
%Cpu(s):  0.2 us,  0.2 sy,  0.0 ni, 99.6 id,  0.0 wa,  0.0 hi,  0.0 si,  0.0 st
MiB Mem : 128490.0 total,  40287.4 free,   6746.0 used,  81456.5 buff/cache
MiB Swap:   2048.0 total,   1980.0 free,     68.0 used. 119916.5 avail Mem 

    PID USER      PR  NI    VIRT    RES    SHR S  %CPU  %MEM     TIME+ COMMAND
1363575 23mUeno   20   0    8228   6384   2372 S   7.4   0.0   4:38.44 afl-fuzz

top - 00:18:03 up 93 days, 12:09,  6 users,  load average: 0.64, 0.77, 0.65
Tasks:   1 total,   0 running,   1 sleeping,   0 stopped,   0 zombie
%Cpu(s):  0.2 us,  0.3 sy,  0.0 ni, 99.5 id,  0.0 wa,  0.0 hi,  0.0 si,  0.0 st
MiB Mem : 128490.0 total,  40287.7 free,   6745.8 used,  81456.5 buff/cache
MiB Swap:   2048.0 total,   1980.0 free,     68.0 used. 119916.8 avail Mem 

    PID USER      PR  NI    VIRT    RES    SHR S  %CPU  %MEM     TIME+ COMMAND
1363575 23mUeno   20   0    8228   6384   2372 S   8.4   0.0   4:38.86 afl-fuzz

top - 00:18:08 up 93 days, 12:09,  6 users,  load average: 0.58, 0.76, 0.64
Tasks:   1 total,   0 running,   1 sleeping,   0 stopped,   0 zombie
%Cpu(s):  0.2 us,  0.4 sy,  0.0 ni, 99.4 id,  0.0 wa,  0.0 hi,  0.0 si,  0.0 st
MiB Mem : 128490.0 total,  40287.7 free,   6745.8 used,  81456.5 buff/cache
MiB Swap:   2048.0 total,   1980.0 free,     68.0 used. 119916.8 avail Mem 

    PID USER      PR  NI    VIRT    RES    SHR S  %CPU  %MEM     TIME+ COMMAND
1363575 23mUeno   20   0    8228   6384   2372 S  12.2   0.0   4:39.47 afl-fuzz

top - 00:18:13 up 93 days, 12:09,  6 users,  load average: 0.70, 0.78, 0.65
Tasks:   1 total,   1 running,   0 sleeping,   0 stopped,   0 zombie
%Cpu(s):  0.3 us,  0.6 sy,  0.0 ni, 99.1 id,  0.0 wa,  0.0 hi,  0.0 si,  0.0 st
MiB Mem : 128490.0 total,  40288.5 free,   6745.0 used,  81456.5 buff/cache
MiB Swap:   2048.0 total,   1980.0 free,     68.0 used. 119917.6 avail Mem 

    PID USER      PR  NI    VIRT    RES    SHR S  %CPU  %MEM     TIME+ COMMAND
1363575 23mUeno   20   0    7156   5440   2372 R  21.0   0.0   4:40.52 afl-fuzz

top - 00:18:18 up 93 days, 12:09,  6 users,  load average: 0.72, 0.78, 0.65
Tasks:   1 total,   0 running,   1 sleeping,   0 stopped,   0 zombie
%Cpu(s):  0.3 us,  0.6 sy,  0.0 ni, 99.1 id,  0.0 wa,  0.0 hi,  0.0 si,  0.0 st
MiB Mem : 128490.0 total,  40288.3 free,   6745.2 used,  81456.5 buff/cache
MiB Swap:   2048.0 total,   1980.0 free,     68.0 used. 119917.4 avail Mem 

    PID USER      PR  NI    VIRT    RES    SHR S  %CPU  %MEM     TIME+ COMMAND
1363575 23mUeno   20   0    7156   5440   2372 S  19.6   0.0   4:41.50 afl-fuzz

top - 00:18:23 up 93 days, 12:09,  6 users,  load average: 0.75, 0.79, 0.66
Tasks:   1 total,   1 running,   0 sleeping,   0 stopped,   0 zombie
%Cpu(s):  0.3 us,  0.5 sy,  0.0 ni, 99.2 id,  0.0 wa,  0.0 hi,  0.0 si,  0.0 st
MiB Mem : 128490.0 total,  40288.3 free,   6745.1 used,  81456.5 buff/cache
MiB Swap:   2048.0 total,   1980.0 free,     68.0 used. 119917.4 avail Mem 

    PID USER      PR  NI    VIRT    RES    SHR S  %CPU  %MEM     TIME+ COMMAND
1363575 23mUeno   20   0    7156   5440   2372 R  18.0   0.0   4:42.40 afl-fuzz

top - 00:18:28 up 93 days, 12:09,  6 users,  load average: 0.68, 0.77, 0.65
Tasks:   1 total,   1 running,   0 sleeping,   0 stopped,   0 zombie
%Cpu(s):  0.2 us,  0.6 sy,  0.0 ni, 99.2 id,  0.0 wa,  0.0 hi,  0.0 si,  0.0 st
MiB Mem : 128490.0 total,  40288.3 free,   6745.1 used,  81456.5 buff/cache
MiB Swap:   2048.0 total,   1980.0 free,     68.0 used. 119917.4 avail Mem 

    PID USER      PR  NI    VIRT    RES    SHR S  %CPU  %MEM     TIME+ COMMAND
1363575 23mUeno   20   0    7156   5440   2372 R  18.4   0.0   4:43.32 afl-fuzz

top - 00:18:33 up 93 days, 12:09,  6 users,  load average: 0.79, 0.79, 0.66
Tasks:   1 total,   0 running,   1 sleeping,   0 stopped,   0 zombie
%Cpu(s):  0.2 us,  0.6 sy,  0.0 ni, 99.2 id,  0.0 wa,  0.0 hi,  0.0 si,  0.0 st
MiB Mem : 128490.0 total,  40288.3 free,   6745.1 used,  81456.5 buff/cache
MiB Swap:   2048.0 total,   1980.0 free,     68.0 used. 119917.4 avail Mem 

    PID USER      PR  NI    VIRT    RES    SHR S  %CPU  %MEM     TIME+ COMMAND
1363575 23mUeno   20   0    7304   5460   2372 S  18.6   0.0   4:44.25 afl-fuzz

top - 00:18:38 up 93 days, 12:09,  6 users,  load average: 0.81, 0.80, 0.66
Tasks:   1 total,   0 running,   1 sleeping,   0 stopped,   0 zombie
%Cpu(s):  0.2 us,  0.4 sy,  0.0 ni, 99.4 id,  0.0 wa,  0.0 hi,  0.0 si,  0.0 st
MiB Mem : 128490.0 total,  40288.3 free,   6745.1 used,  81456.5 buff/cache
MiB Swap:   2048.0 total,   1980.0 free,     68.0 used. 119917.4 avail Mem 

    PID USER      PR  NI    VIRT    RES    SHR S  %CPU  %MEM     TIME+ COMMAND
1363575 23mUeno   20   0    7304   5460   2372 S  13.4   0.0   4:44.92 afl-fuzz

top - 00:18:43 up 93 days, 12:09,  6 users,  load average: 0.98, 0.83, 0.67
Tasks:   1 total,   0 running,   1 sleeping,   0 stopped,   0 zombie
%Cpu(s):  0.2 us,  0.3 sy,  0.0 ni, 99.5 id,  0.0 wa,  0.0 hi,  0.0 si,  0.0 st
MiB Mem : 128490.0 total,  40288.3 free,   6745.1 used,  81456.5 buff/cache
MiB Swap:   2048.0 total,   1980.0 free,     68.0 used. 119917.4 avail Mem 

    PID USER      PR  NI    VIRT    RES    SHR S  %CPU  %MEM     TIME+ COMMAND
1363575 23mUeno   20   0    7304   5508   2372 S  10.0   0.0   4:45.42 afl-fuzz

top - 00:18:48 up 93 days, 12:09,  6 users,  load average: 1.06, 0.85, 0.68
Tasks:   1 total,   0 running,   1 sleeping,   0 stopped,   0 zombie
%Cpu(s):  0.3 us,  0.3 sy,  0.0 ni, 99.4 id,  0.0 wa,  0.0 hi,  0.0 si,  0.0 st
MiB Mem : 128490.0 total,  40288.3 free,   6745.1 used,  81456.5 buff/cache
MiB Swap:   2048.0 total,   1980.0 free,     68.0 used. 119917.4 avail Mem 

    PID USER      PR  NI    VIRT    RES    SHR S  %CPU  %MEM     TIME+ COMMAND
1363575 23mUeno   20   0    7304   5508   2372 S  10.8   0.0   4:45.96 afl-fuzz

top - 00:18:53 up 93 days, 12:10,  6 users,  load average: 1.14, 0.87, 0.69
Tasks:   1 total,   0 running,   1 sleeping,   0 stopped,   0 zombie
%Cpu(s):  0.2 us,  0.3 sy,  0.0 ni, 99.5 id,  0.0 wa,  0.0 hi,  0.0 si,  0.0 st
MiB Mem : 128490.0 total,  40288.3 free,   6745.1 used,  81456.5 buff/cache
MiB Swap:   2048.0 total,   1980.0 free,     68.0 used. 119917.4 avail Mem 

    PID USER      PR  NI    VIRT    RES    SHR S  %CPU  %MEM     TIME+ COMMAND
1363575 23mUeno   20   0    7304   5508   2372 S   9.2   0.0   4:46.42 afl-fuzz

top - 00:18:58 up 93 days, 12:10,  6 users,  load average: 1.29, 0.91, 0.70
Tasks:   1 total,   0 running,   1 sleeping,   0 stopped,   0 zombie
%Cpu(s):  0.2 us,  0.3 sy,  0.0 ni, 99.5 id,  0.0 wa,  0.0 hi,  0.0 si,  0.0 st
MiB Mem : 128490.0 total,  40288.3 free,   6745.1 used,  81456.5 buff/cache
MiB Swap:   2048.0 total,   1980.0 free,     68.0 used. 119917.4 avail Mem 

    PID USER      PR  NI    VIRT    RES    SHR S  %CPU  %MEM     TIME+ COMMAND
1363575 23mUeno   20   0    7340   5508   2372 D  10.8   0.0   4:46.96 afl-fuzz

top - 00:19:03 up 93 days, 12:10,  6 users,  load average: 1.19, 0.89, 0.70
Tasks:   1 total,   0 running,   1 sleeping,   0 stopped,   0 zombie
%Cpu(s):  0.2 us,  0.3 sy,  0.0 ni, 99.5 id,  0.0 wa,  0.0 hi,  0.0 si,  0.0 st
MiB Mem : 128490.0 total,  40288.1 free,   6745.4 used,  81456.6 buff/cache
MiB Swap:   2048.0 total,   1980.0 free,     68.0 used. 119917.2 avail Mem 

    PID USER      PR  NI    VIRT    RES    SHR S  %CPU  %MEM     TIME+ COMMAND
1363575 23mUeno   20   0    7304   5508   2372 S  10.8   0.0   4:47.50 afl-fuzz

top - 00:19:08 up 93 days, 12:10,  6 users,  load average: 1.09, 0.88, 0.69
Tasks:   1 total,   0 running,   1 sleeping,   0 stopped,   0 zombie
%Cpu(s):  0.3 us,  0.4 sy,  0.0 ni, 99.4 id,  0.0 wa,  0.0 hi,  0.0 si,  0.0 st
MiB Mem : 128490.0 total,  40288.1 free,   6745.4 used,  81456.6 buff/cache
MiB Swap:   2048.0 total,   1980.0 free,     68.0 used. 119917.2 avail Mem 

    PID USER      PR  NI    VIRT    RES    SHR S  %CPU  %MEM     TIME+ COMMAND
1363575 23mUeno   20   0    7304   5508   2372 S  13.0   0.0   4:48.15 afl-fuzz

top - 00:19:13 up 93 days, 12:10,  6 users,  load average: 1.00, 0.86, 0.69
Tasks:   1 total,   0 running,   1 sleeping,   0 stopped,   0 zombie
%Cpu(s):  0.2 us,  0.4 sy,  0.0 ni, 99.4 id,  0.0 wa,  0.0 hi,  0.0 si,  0.0 st
MiB Mem : 128490.0 total,  40288.1 free,   6745.4 used,  81456.6 buff/cache
MiB Swap:   2048.0 total,   1980.0 free,     68.0 used. 119917.2 avail Mem 

    PID USER      PR  NI    VIRT    RES    SHR S  %CPU  %MEM     TIME+ COMMAND
1363575 23mUeno   20   0    7304   5508   2372 S  12.6   0.0   4:48.78 afl-fuzz

top - 00:19:18 up 93 days, 12:10,  6 users,  load average: 0.92, 0.85, 0.68
Tasks:   1 total,   0 running,   1 sleeping,   0 stopped,   0 zombie
%Cpu(s):  0.2 us,  0.4 sy,  0.0 ni, 99.4 id,  0.0 wa,  0.0 hi,  0.0 si,  0.0 st
MiB Mem : 128490.0 total,  40288.1 free,   6745.3 used,  81456.6 buff/cache
MiB Swap:   2048.0 total,   1980.0 free,     68.0 used. 119917.2 avail Mem 

    PID USER      PR  NI    VIRT    RES    SHR S  %CPU  %MEM     TIME+ COMMAND
1363575 23mUeno   20   0    7304   5508   2372 S  12.2   0.0   4:49.39 afl-fuzz

top - 00:19:23 up 93 days, 12:10,  6 users,  load average: 0.85, 0.83, 0.68
Tasks:   1 total,   0 running,   1 sleeping,   0 stopped,   0 zombie
%Cpu(s):  0.2 us,  0.4 sy,  0.0 ni, 99.4 id,  0.0 wa,  0.0 hi,  0.0 si,  0.0 st
MiB Mem : 128490.0 total,  40287.8 free,   6745.6 used,  81456.6 buff/cache
MiB Swap:   2048.0 total,   1980.0 free,     68.0 used. 119917.0 avail Mem 

    PID USER      PR  NI    VIRT    RES    SHR S  %CPU  %MEM     TIME+ COMMAND
1363575 23mUeno   20   0    7576   5732   2372 S  12.2   0.0   4:50.00 afl-fuzz

top - 00:19:28 up 93 days, 12:10,  6 users,  load average: 0.86, 0.84, 0.68
Tasks:   1 total,   0 running,   1 sleeping,   0 stopped,   0 zombie
%Cpu(s):  0.2 us,  0.3 sy,  0.0 ni, 99.5 id,  0.0 wa,  0.0 hi,  0.0 si,  0.0 st
MiB Mem : 128490.0 total,  40287.9 free,   6745.5 used,  81456.6 buff/cache
MiB Swap:   2048.0 total,   1980.0 free,     68.0 used. 119917.1 avail Mem 

    PID USER      PR  NI    VIRT    RES    SHR S  %CPU  %MEM     TIME+ COMMAND
1363575 23mUeno   20   0    7576   5732   2372 S   8.4   0.0   4:50.42 afl-fuzz

top - 00:19:33 up 93 days, 12:10,  6 users,  load average: 1.03, 0.87, 0.70
Tasks:   1 total,   0 running,   1 sleeping,   0 stopped,   0 zombie
%Cpu(s):  0.2 us,  0.4 sy,  0.0 ni, 99.4 id,  0.0 wa,  0.0 hi,  0.0 si,  0.0 st
MiB Mem : 128490.0 total,  40287.9 free,   6745.5 used,  81456.6 buff/cache
MiB Swap:   2048.0 total,   1980.0 free,     68.0 used. 119917.1 avail Mem 

    PID USER      PR  NI    VIRT    RES    SHR S  %CPU  %MEM     TIME+ COMMAND
1363575 23mUeno   20   0    7576   5732   2372 S  13.0   0.0   4:51.07 afl-fuzz

top - 00:19:38 up 93 days, 12:10,  6 users,  load average: 0.95, 0.86, 0.69
Tasks:   1 total,   0 running,   1 sleeping,   0 stopped,   0 zombie
%Cpu(s):  0.2 us,  0.4 sy,  0.0 ni, 99.4 id,  0.0 wa,  0.0 hi,  0.0 si,  0.0 st
MiB Mem : 128490.0 total,  40287.9 free,   6745.5 used,  81456.6 buff/cache
MiB Swap:   2048.0 total,   1980.0 free,     68.0 used. 119917.1 avail Mem 

    PID USER      PR  NI    VIRT    RES    SHR S  %CPU  %MEM     TIME+ COMMAND
1363575 23mUeno   20   0    7576   5732   2372 S  12.0   0.0   4:51.67 afl-fuzz

top - 00:19:43 up 93 days, 12:10,  6 users,  load average: 1.11, 0.89, 0.70
Tasks:   1 total,   0 running,   1 sleeping,   0 stopped,   0 zombie
%Cpu(s):  0.2 us,  0.3 sy,  0.0 ni, 99.5 id,  0.0 wa,  0.0 hi,  0.0 si,  0.0 st
MiB Mem : 128490.0 total,  40287.9 free,   6745.5 used,  81456.6 buff/cache
MiB Swap:   2048.0 total,   1980.0 free,     68.0 used. 119917.1 avail Mem 

    PID USER      PR  NI    VIRT    RES    SHR S  %CPU  %MEM     TIME+ COMMAND
1363575 23mUeno   20   0    7576   5732   2372 S  10.2   0.0   4:52.18 afl-fuzz

top - 00:19:48 up 93 days, 12:10,  6 users,  load average: 1.10, 0.90, 0.71
Tasks:   1 total,   0 running,   1 sleeping,   0 stopped,   0 zombie
%Cpu(s):  0.2 us,  0.3 sy,  0.0 ni, 99.4 id,  0.0 wa,  0.0 hi,  0.0 si,  0.0 st
MiB Mem : 128490.0 total,  40287.9 free,   6745.5 used,  81456.6 buff/cache
MiB Swap:   2048.0 total,   1980.0 free,     68.0 used. 119917.1 avail Mem 

    PID USER      PR  NI    VIRT    RES    SHR S  %CPU  %MEM     TIME+ COMMAND
1363575 23mUeno   20   0    7576   5732   2372 S  10.6   0.0   4:52.71 afl-fuzz

top - 00:19:53 up 93 days, 12:11,  6 users,  load average: 1.02, 0.88, 0.70
Tasks:   1 total,   0 running,   1 sleeping,   0 stopped,   0 zombie
%Cpu(s):  0.2 us,  0.4 sy,  0.0 ni, 99.4 id,  0.0 wa,  0.0 hi,  0.0 si,  0.0 st
MiB Mem : 128490.0 total,  40287.9 free,   6745.5 used,  81456.6 buff/cache
MiB Swap:   2048.0 total,   1980.0 free,     68.0 used. 119917.1 avail Mem 

    PID USER      PR  NI    VIRT    RES    SHR S  %CPU  %MEM     TIME+ COMMAND
1363575 23mUeno   20   0    7576   5732   2372 S  12.0   0.0   4:53.31 afl-fuzz

top - 00:19:58 up 93 days, 12:11,  6 users,  load average: 1.17, 0.92, 0.72
Tasks:   1 total,   0 running,   1 sleeping,   0 stopped,   0 zombie
%Cpu(s):  0.2 us,  0.4 sy,  0.0 ni, 99.4 id,  0.0 wa,  0.0 hi,  0.0 si,  0.0 st
MiB Mem : 128490.0 total,  40287.9 free,   6745.5 used,  81456.6 buff/cache
MiB Swap:   2048.0 total,   1980.0 free,     68.0 used. 119917.1 avail Mem 

    PID USER      PR  NI    VIRT    RES    SHR S  %CPU  %MEM     TIME+ COMMAND
1363575 23mUeno   20   0    7576   5732   2372 S  12.4   0.0   4:53.93 afl-fuzz

top - 00:20:03 up 93 days, 12:11,  6 users,  load average: 1.08, 0.90, 0.71
Tasks:   1 total,   0 running,   1 sleeping,   0 stopped,   0 zombie
%Cpu(s):  0.2 us,  0.4 sy,  0.0 ni, 99.4 id,  0.0 wa,  0.0 hi,  0.0 si,  0.0 st
MiB Mem : 128490.0 total,  40287.7 free,   6745.7 used,  81456.6 buff/cache
MiB Swap:   2048.0 total,   1980.0 free,     68.0 used. 119916.9 avail Mem 

    PID USER      PR  NI    VIRT    RES    SHR S  %CPU  %MEM     TIME+ COMMAND
1363575 23mUeno   20   0    7576   5732   2372 S  13.0   0.0   4:54.58 afl-fuzz

top - 00:20:08 up 93 days, 12:11,  6 users,  load average: 1.07, 0.90, 0.71
Tasks:   1 total,   0 running,   1 sleeping,   0 stopped,   0 zombie
%Cpu(s):  0.3 us,  0.7 sy,  0.0 ni, 99.1 id,  0.0 wa,  0.0 hi,  0.0 si,  0.0 st
MiB Mem : 128490.0 total,  40287.7 free,   6745.7 used,  81456.6 buff/cache
MiB Swap:   2048.0 total,   1980.0 free,     68.0 used. 119916.9 avail Mem 

    PID USER      PR  NI    VIRT    RES    SHR S  %CPU  %MEM     TIME+ COMMAND
1363575 23mUeno   20   0    7576   5732   2372 S  25.9   0.0   4:55.88 afl-fuzz

top - 00:20:13 up 93 days, 12:11,  6 users,  load average: 0.99, 0.89, 0.71
Tasks:   1 total,   0 running,   1 sleeping,   0 stopped,   0 zombie
%Cpu(s):  0.2 us,  0.3 sy,  0.0 ni, 99.4 id,  0.0 wa,  0.0 hi,  0.0 si,  0.0 st
MiB Mem : 128490.0 total,  40287.7 free,   6745.7 used,  81456.6 buff/cache
MiB Swap:   2048.0 total,   1980.0 free,     68.0 used. 119916.9 avail Mem 

    PID USER      PR  NI    VIRT    RES    SHR S  %CPU  %MEM     TIME+ COMMAND
1363575 23mUeno   20   0    7576   5732   2372 S  11.0   0.0   4:56.43 afl-fuzz

top - 00:20:18 up 93 days, 12:11,  6 users,  load average: 0.91, 0.87, 0.71
Tasks:   1 total,   0 running,   1 sleeping,   0 stopped,   0 zombie
%Cpu(s):  0.2 us,  0.4 sy,  0.0 ni, 99.4 id,  0.0 wa,  0.0 hi,  0.0 si,  0.0 st
MiB Mem : 128490.0 total,  40288.7 free,   6744.7 used,  81456.6 buff/cache
MiB Swap:   2048.0 total,   1980.0 free,     68.0 used. 119917.9 avail Mem 

    PID USER      PR  NI    VIRT    RES    SHR S  %CPU  %MEM     TIME+ COMMAND
1363575 23mUeno   20   0    7576   5732   2372 S  12.0   0.0   4:57.03 afl-fuzz

top - 00:20:23 up 93 days, 12:11,  6 users,  load average: 0.84, 0.86, 0.70
Tasks:   1 total,   0 running,   1 sleeping,   0 stopped,   0 zombie
%Cpu(s):  0.2 us,  0.3 sy,  0.0 ni, 99.5 id,  0.0 wa,  0.0 hi,  0.0 si,  0.0 st
MiB Mem : 128490.0 total,  40288.7 free,   6744.7 used,  81456.6 buff/cache
MiB Swap:   2048.0 total,   1980.0 free,     68.0 used. 119917.9 avail Mem 

    PID USER      PR  NI    VIRT    RES    SHR S  %CPU  %MEM     TIME+ COMMAND
1363575 23mUeno   20   0    7576   5732   2372 S   9.2   0.0   4:57.49 afl-fuzz

top - 00:20:28 up 93 days, 12:11,  6 users,  load average: 0.77, 0.84, 0.70
Tasks:   1 total,   0 running,   1 sleeping,   0 stopped,   0 zombie
%Cpu(s):  0.2 us,  0.3 sy,  0.0 ni, 99.5 id,  0.0 wa,  0.0 hi,  0.0 si,  0.0 st
MiB Mem : 128490.0 total,  40288.7 free,   6744.7 used,  81456.6 buff/cache
MiB Swap:   2048.0 total,   1980.0 free,     68.0 used. 119917.9 avail Mem 

    PID USER      PR  NI    VIRT    RES    SHR S  %CPU  %MEM     TIME+ COMMAND
1363575 23mUeno   20   0    7576   5732   2372 S   9.4   0.0   4:57.96 afl-fuzz

top - 00:20:33 up 93 days, 12:11,  6 users,  load average: 0.71, 0.83, 0.69
Tasks:   1 total,   0 running,   1 sleeping,   0 stopped,   0 zombie
%Cpu(s):  0.2 us,  0.3 sy,  0.0 ni, 99.5 id,  0.0 wa,  0.0 hi,  0.0 si,  0.0 st
MiB Mem : 128490.0 total,  40288.7 free,   6744.7 used,  81456.6 buff/cache
MiB Swap:   2048.0 total,   1980.0 free,     68.0 used. 119917.9 avail Mem 

    PID USER      PR  NI    VIRT    RES    SHR S  %CPU  %MEM     TIME+ COMMAND
1363575 23mUeno   20   0    7576   5732   2372 S  10.0   0.0   4:58.46 afl-fuzz

top - 00:20:38 up 93 days, 12:11,  6 users,  load average: 0.73, 0.83, 0.70
Tasks:   1 total,   1 running,   0 sleeping,   0 stopped,   0 zombie
%Cpu(s):  0.2 us,  0.3 sy,  0.0 ni, 99.5 id,  0.0 wa,  0.0 hi,  0.0 si,  0.0 st
MiB Mem : 128490.0 total,  40288.7 free,   6744.7 used,  81456.6 buff/cache
MiB Swap:   2048.0 total,   1980.0 free,     68.0 used. 119917.9 avail Mem 

    PID USER      PR  NI    VIRT    RES    SHR S  %CPU  %MEM     TIME+ COMMAND
1363575 23mUeno   20   0    7576   5732   2372 R   8.6   0.0   4:58.89 afl-fuzz

top - 00:20:43 up 93 days, 12:11,  6 users,  load average: 0.67, 0.82, 0.69
Tasks:   1 total,   0 running,   1 sleeping,   0 stopped,   0 zombie
%Cpu(s):  0.2 us,  0.3 sy,  0.0 ni, 99.5 id,  0.0 wa,  0.0 hi,  0.0 si,  0.0 st
MiB Mem : 128490.0 total,  40288.7 free,   6744.7 used,  81456.7 buff/cache
MiB Swap:   2048.0 total,   1980.0 free,     68.0 used. 119917.9 avail Mem 

    PID USER      PR  NI    VIRT    RES    SHR S  %CPU  %MEM     TIME+ COMMAND
1363575 23mUeno   20   0    7576   5732   2372 S   8.4   0.0   4:59.31 afl-fuzz

top - 00:20:48 up 93 days, 12:11,  6 users,  load average: 0.62, 0.81, 0.69
Tasks:   1 total,   0 running,   1 sleeping,   0 stopped,   0 zombie
%Cpu(s):  0.2 us,  0.3 sy,  0.0 ni, 99.5 id,  0.0 wa,  0.0 hi,  0.0 si,  0.0 st
MiB Mem : 128490.0 total,  40288.7 free,   6744.7 used,  81456.7 buff/cache
MiB Swap:   2048.0 total,   1980.0 free,     68.0 used. 119917.9 avail Mem 

    PID USER      PR  NI    VIRT    RES    SHR S  %CPU  %MEM     TIME+ COMMAND
1363575 23mUeno   20   0    7576   5732   2372 S   8.0   0.0   4:59.71 afl-fuzz

top - 00:20:53 up 93 days, 12:12,  6 users,  load average: 0.89, 0.86, 0.71
Tasks:   1 total,   0 running,   1 sleeping,   0 stopped,   0 zombie
%Cpu(s):  0.2 us,  0.3 sy,  0.0 ni, 99.5 id,  0.0 wa,  0.0 hi,  0.0 si,  0.0 st
MiB Mem : 128490.0 total,  40288.7 free,   6744.7 used,  81456.7 buff/cache
MiB Swap:   2048.0 total,   1980.0 free,     68.0 used. 119917.9 avail Mem 

    PID USER      PR  NI    VIRT    RES    SHR S  %CPU  %MEM     TIME+ COMMAND
1363575 23mUeno   20   0    7576   5732   2372 S  10.0   0.0   5:00.21 afl-fuzz

top - 00:20:58 up 93 days, 12:12,  6 users,  load average: 0.90, 0.86, 0.71
Tasks:   1 total,   1 running,   0 sleeping,   0 stopped,   0 zombie
%Cpu(s):  0.4 us,  0.5 sy,  0.0 ni, 99.1 id,  0.0 wa,  0.0 hi,  0.0 si,  0.0 st
MiB Mem : 128490.0 total,  40288.7 free,   6744.6 used,  81456.7 buff/cache
MiB Swap:   2048.0 total,   1980.0 free,     68.0 used. 119918.0 avail Mem 

    PID USER      PR  NI    VIRT    RES    SHR S  %CPU  %MEM     TIME+ COMMAND
1363575 23mUeno   20   0    7576   5732   2372 R  19.8   0.0   5:01.20 afl-fuzz

top - 00:21:03 up 93 days, 12:12,  6 users,  load average: 0.83, 0.85, 0.70
Tasks:   1 total,   0 running,   1 sleeping,   0 stopped,   0 zombie
%Cpu(s):  0.3 us,  0.5 sy,  0.0 ni, 99.2 id,  0.0 wa,  0.0 hi,  0.0 si,  0.0 st
MiB Mem : 128490.0 total,  40288.7 free,   6744.6 used,  81456.7 buff/cache
MiB Swap:   2048.0 total,   1980.0 free,     68.0 used. 119918.0 avail Mem 

    PID USER      PR  NI    VIRT    RES    SHR S  %CPU  %MEM     TIME+ COMMAND
1363575 23mUeno   20   0    7612   5732   2372 D  18.0   0.0   5:02.10 afl-fuzz

top - 00:21:08 up 93 days, 12:12,  6 users,  load average: 0.76, 0.83, 0.70
Tasks:   1 total,   1 running,   0 sleeping,   0 stopped,   0 zombie
%Cpu(s):  0.2 us,  0.5 sy,  0.0 ni, 99.3 id,  0.0 wa,  0.0 hi,  0.0 si,  0.0 st
MiB Mem : 128490.0 total,  40288.7 free,   6744.6 used,  81456.7 buff/cache
MiB Swap:   2048.0 total,   1980.0 free,     68.0 used. 119918.0 avail Mem 

    PID USER      PR  NI    VIRT    RES    SHR S  %CPU  %MEM     TIME+ COMMAND
1363575 23mUeno   20   0    7576   5732   2372 R  15.4   0.0   5:02.87 afl-fuzz

top - 00:21:13 up 93 days, 12:12,  6 users,  load average: 0.70, 0.82, 0.70
Tasks:   1 total,   0 running,   1 sleeping,   0 stopped,   0 zombie
%Cpu(s):  0.3 us,  0.5 sy,  0.0 ni, 99.3 id,  0.0 wa,  0.0 hi,  0.0 si,  0.0 st
MiB Mem : 128490.0 total,  40288.7 free,   6744.6 used,  81456.7 buff/cache
MiB Swap:   2048.0 total,   1980.0 free,     68.0 used. 119918.0 avail Mem 

    PID USER      PR  NI    VIRT    RES    SHR S  %CPU  %MEM     TIME+ COMMAND
1363575 23mUeno   20   0    7576   5732   2372 S  17.6   0.0   5:03.75 afl-fuzz

top - 00:21:18 up 93 days, 12:12,  6 users,  load average: 0.64, 0.80, 0.69
Tasks:   1 total,   0 running,   1 sleeping,   0 stopped,   0 zombie
%Cpu(s):  0.2 us,  0.5 sy,  0.0 ni, 99.3 id,  0.0 wa,  0.0 hi,  0.0 si,  0.0 st
MiB Mem : 128490.0 total,  40288.7 free,   6744.6 used,  81456.7 buff/cache
MiB Swap:   2048.0 total,   1980.0 free,     68.0 used. 119918.0 avail Mem 

    PID USER      PR  NI    VIRT    RES    SHR S  %CPU  %MEM     TIME+ COMMAND
1363575 23mUeno   20   0    7576   5732   2372 S  17.0   0.0   5:04.60 afl-fuzz

top - 00:21:23 up 93 days, 12:12,  6 users,  load average: 0.75, 0.82, 0.70
Tasks:   1 total,   0 running,   1 sleeping,   0 stopped,   0 zombie
%Cpu(s):  0.2 us,  0.5 sy,  0.0 ni, 99.3 id,  0.0 wa,  0.0 hi,  0.0 si,  0.0 st
MiB Mem : 128490.0 total,  40288.4 free,   6744.9 used,  81456.8 buff/cache
MiB Swap:   2048.0 total,   1980.0 free,     68.0 used. 119917.7 avail Mem 

    PID USER      PR  NI    VIRT    RES    SHR S  %CPU  %MEM     TIME+ COMMAND
1363575 23mUeno   20   0    7828   5984   2372 S  17.0   0.0   5:05.45 afl-fuzz

top - 00:21:28 up 93 days, 12:12,  6 users,  load average: 0.77, 0.83, 0.70
Tasks:   1 total,   1 running,   0 sleeping,   0 stopped,   0 zombie
%Cpu(s):  0.2 us,  0.5 sy,  0.0 ni, 99.3 id,  0.0 wa,  0.0 hi,  0.0 si,  0.0 st
MiB Mem : 128490.0 total,  40288.4 free,   6744.9 used,  81456.8 buff/cache
MiB Swap:   2048.0 total,   1980.0 free,     68.0 used. 119917.7 avail Mem 

    PID USER      PR  NI    VIRT    RES    SHR S  %CPU  %MEM     TIME+ COMMAND
1363575 23mUeno   20   0    7828   5984   2372 R  15.4   0.0   5:06.22 afl-fuzz

top - 00:21:33 up 93 days, 12:12,  6 users,  load average: 0.87, 0.85, 0.71
Tasks:   1 total,   0 running,   1 sleeping,   0 stopped,   0 zombie
%Cpu(s):  0.2 us,  0.4 sy,  0.0 ni, 99.4 id,  0.0 wa,  0.0 hi,  0.0 si,  0.0 st
MiB Mem : 128490.0 total,  40288.4 free,   6744.9 used,  81456.8 buff/cache
MiB Swap:   2048.0 total,   1980.0 free,     68.0 used. 119917.7 avail Mem 

    PID USER      PR  NI    VIRT    RES    SHR S  %CPU  %MEM     TIME+ COMMAND
1363575 23mUeno   20   0    7828   5984   2372 S  13.4   0.0   5:06.89 afl-fuzz

top - 00:21:38 up 93 days, 12:12,  6 users,  load average: 0.80, 0.83, 0.70
Tasks:   1 total,   0 running,   1 sleeping,   0 stopped,   0 zombie
%Cpu(s):  0.2 us,  0.5 sy,  0.0 ni, 99.3 id,  0.0 wa,  0.0 hi,  0.0 si,  0.0 st
MiB Mem : 128490.0 total,  40288.4 free,   6744.8 used,  81456.8 buff/cache
MiB Swap:   2048.0 total,   1980.0 free,     68.0 used. 119917.7 avail Mem 

    PID USER      PR  NI    VIRT    RES    SHR S  %CPU  %MEM     TIME+ COMMAND
1363575 23mUeno   20   0    7828   5984   2372 S  15.6   0.0   5:07.67 afl-fuzz

top - 00:21:43 up 93 days, 12:12,  6 users,  load average: 0.74, 0.82, 0.70
Tasks:   1 total,   0 running,   1 sleeping,   0 stopped,   0 zombie
%Cpu(s):  0.2 us,  0.4 sy,  0.0 ni, 99.4 id,  0.0 wa,  0.0 hi,  0.0 si,  0.0 st
MiB Mem : 128490.0 total,  40288.4 free,   6744.8 used,  81456.8 buff/cache
MiB Swap:   2048.0 total,   1980.0 free,     68.0 used. 119917.7 avail Mem 

    PID USER      PR  NI    VIRT    RES    SHR S  %CPU  %MEM     TIME+ COMMAND
1363575 23mUeno   20   0    7828   5984   2372 S  13.8   0.0   5:08.36 afl-fuzz

top - 00:21:48 up 93 days, 12:12,  6 users,  load average: 0.68, 0.80, 0.70
Tasks:   1 total,   0 running,   1 sleeping,   0 stopped,   0 zombie
%Cpu(s):  0.2 us,  0.5 sy,  0.0 ni, 99.2 id,  0.0 wa,  0.0 hi,  0.0 si,  0.0 st
MiB Mem : 128490.0 total,  40288.4 free,   6744.8 used,  81456.8 buff/cache
MiB Swap:   2048.0 total,   1980.0 free,     68.0 used. 119917.7 avail Mem 

    PID USER      PR  NI    VIRT    RES    SHR S  %CPU  %MEM     TIME+ COMMAND
1363575 23mUeno   20   0    7828   5984   2372 S  17.6   0.0   5:09.24 afl-fuzz

top - 00:21:53 up 93 days, 12:13,  6 users,  load average: 0.78, 0.82, 0.70
Tasks:   1 total,   0 running,   1 sleeping,   0 stopped,   0 zombie
%Cpu(s):  0.2 us,  0.5 sy,  0.0 ni, 99.3 id,  0.0 wa,  0.0 hi,  0.0 si,  0.0 st
MiB Mem : 128490.0 total,  40288.4 free,   6744.8 used,  81456.8 buff/cache
MiB Swap:   2048.0 total,   1980.0 free,     68.0 used. 119917.7 avail Mem 

    PID USER      PR  NI    VIRT    RES    SHR S  %CPU  %MEM     TIME+ COMMAND
1363575 23mUeno   20   0    7828   5984   2372 S  17.0   0.0   5:10.09 afl-fuzz

top - 00:21:58 up 93 days, 12:13,  6 users,  load average: 0.72, 0.81, 0.70
Tasks:   1 total,   1 running,   0 sleeping,   0 stopped,   0 zombie
%Cpu(s):  0.2 us,  0.4 sy,  0.0 ni, 99.3 id,  0.0 wa,  0.0 hi,  0.0 si,  0.0 st
MiB Mem : 128490.0 total,  40288.4 free,   6744.8 used,  81456.8 buff/cache
MiB Swap:   2048.0 total,   1980.0 free,     68.0 used. 119917.7 avail Mem 

    PID USER      PR  NI    VIRT    RES    SHR S  %CPU  %MEM     TIME+ COMMAND
1363575 23mUeno   20   0    7828   5984   2372 R  14.8   0.0   5:10.83 afl-fuzz

top - 00:22:03 up 93 days, 12:13,  6 users,  load average: 0.74, 0.81, 0.70
Tasks:   1 total,   0 running,   1 sleeping,   0 stopped,   0 zombie
%Cpu(s):  0.2 us,  0.5 sy,  0.0 ni, 99.3 id,  0.0 wa,  0.0 hi,  0.0 si,  0.0 st
MiB Mem : 128490.0 total,  40288.7 free,   6744.6 used,  81456.8 buff/cache
MiB Swap:   2048.0 total,   1980.0 free,     68.0 used. 119918.0 avail Mem 

    PID USER      PR  NI    VIRT    RES    SHR S  %CPU  %MEM     TIME+ COMMAND
1363575 23mUeno   20   0    7828   5984   2372 S  17.0   0.0   5:11.68 afl-fuzz

top - 00:22:08 up 93 days, 12:13,  6 users,  load average: 0.68, 0.80, 0.70
Tasks:   1 total,   0 running,   1 sleeping,   0 stopped,   0 zombie
%Cpu(s):  0.3 us,  0.4 sy,  0.0 ni, 99.3 id,  0.0 wa,  0.0 hi,  0.0 si,  0.0 st
MiB Mem : 128490.0 total,  40288.7 free,   6744.6 used,  81456.8 buff/cache
MiB Swap:   2048.0 total,   1980.0 free,     68.0 used. 119918.0 avail Mem 

    PID USER      PR  NI    VIRT    RES    SHR S  %CPU  %MEM     TIME+ COMMAND
1363575 23mUeno   20   0    7828   5984   2372 S  15.8   0.0   5:12.47 afl-fuzz

top - 00:22:13 up 93 days, 12:13,  6 users,  load average: 0.63, 0.79, 0.69
Tasks:   1 total,   0 running,   1 sleeping,   0 stopped,   0 zombie
%Cpu(s):  0.2 us,  0.5 sy,  0.0 ni, 99.3 id,  0.0 wa,  0.0 hi,  0.0 si,  0.0 st
MiB Mem : 128490.0 total,  40288.7 free,   6744.6 used,  81456.8 buff/cache
MiB Swap:   2048.0 total,   1980.0 free,     68.0 used. 119918.0 avail Mem 

    PID USER      PR  NI    VIRT    RES    SHR S  %CPU  %MEM     TIME+ COMMAND
1363575 23mUeno   20   0    7828   5984   2372 S  13.4   0.0   5:13.14 afl-fuzz

top - 00:22:18 up 93 days, 12:13,  6 users,  load average: 0.58, 0.77, 0.69
Tasks:   1 total,   0 running,   1 sleeping,   0 stopped,   0 zombie
%Cpu(s):  0.3 us,  0.4 sy,  0.0 ni, 99.3 id,  0.0 wa,  0.0 hi,  0.0 si,  0.0 st
MiB Mem : 128490.0 total,  40288.7 free,   6744.5 used,  81456.8 buff/cache
MiB Swap:   2048.0 total,   1980.0 free,     68.0 used. 119918.1 avail Mem 

    PID USER      PR  NI    VIRT    RES    SHR S  %CPU  %MEM     TIME+ COMMAND
1363575 23mUeno   20   0    7828   5984   2372 S  12.6   0.0   5:13.77 afl-fuzz

top - 00:22:23 up 93 days, 12:13,  6 users,  load average: 0.53, 0.76, 0.69
Tasks:   1 total,   0 running,   1 sleeping,   0 stopped,   0 zombie
%Cpu(s):  0.2 us,  0.4 sy,  0.0 ni, 99.4 id,  0.0 wa,  0.0 hi,  0.0 si,  0.0 st
MiB Mem : 128490.0 total,  40288.7 free,   6744.5 used,  81456.8 buff/cache
MiB Swap:   2048.0 total,   1980.0 free,     68.0 used. 119918.1 avail Mem 

    PID USER      PR  NI    VIRT    RES    SHR S  %CPU  %MEM     TIME+ COMMAND
1363575 23mUeno   20   0    7828   5984   2372 S  10.2   0.0   5:14.28 afl-fuzz

top - 00:22:28 up 93 days, 12:13,  6 users,  load average: 0.49, 0.75, 0.68
Tasks:   1 total,   0 running,   1 sleeping,   0 stopped,   0 zombie
%Cpu(s):  0.2 us,  0.4 sy,  0.0 ni, 99.4 id,  0.0 wa,  0.0 hi,  0.0 si,  0.0 st
MiB Mem : 128490.0 total,  40288.7 free,   6744.5 used,  81456.8 buff/cache
MiB Swap:   2048.0 total,   1980.0 free,     68.0 used. 119918.1 avail Mem 

    PID USER      PR  NI    VIRT    RES    SHR S  %CPU  %MEM     TIME+ COMMAND
1363575 23mUeno   20   0    7828   5984   2372 S  10.4   0.0   5:14.80 afl-fuzz

top - 00:22:33 up 93 days, 12:13,  6 users,  load average: 0.45, 0.73, 0.68
Tasks:   1 total,   0 running,   1 sleeping,   0 stopped,   0 zombie
%Cpu(s):  0.2 us,  0.3 sy,  0.0 ni, 99.5 id,  0.0 wa,  0.0 hi,  0.0 si,  0.0 st
MiB Mem : 128490.0 total,  40288.7 free,   6744.5 used,  81456.8 buff/cache
MiB Swap:   2048.0 total,   1980.0 free,     68.0 used. 119918.1 avail Mem 

    PID USER      PR  NI    VIRT    RES    SHR S  %CPU  %MEM     TIME+ COMMAND
1363575 23mUeno   20   0    7828   5984   2372 S   8.6   0.0   5:15.23 afl-fuzz

top - 00:22:38 up 93 days, 12:13,  6 users,  load average: 0.41, 0.72, 0.68
Tasks:   1 total,   0 running,   1 sleeping,   0 stopped,   0 zombie
%Cpu(s):  0.2 us,  0.3 sy,  0.0 ni, 99.4 id,  0.0 wa,  0.0 hi,  0.0 si,  0.0 st
MiB Mem : 128490.0 total,  40288.7 free,   6744.5 used,  81456.8 buff/cache
MiB Swap:   2048.0 total,   1980.0 free,     68.0 used. 119918.1 avail Mem 

    PID USER      PR  NI    VIRT    RES    SHR S  %CPU  %MEM     TIME+ COMMAND
1363575 23mUeno   20   0    7828   5984   2372 S   9.8   0.0   5:15.72 afl-fuzz

top - 00:22:43 up 93 days, 12:13,  6 users,  load average: 0.38, 0.71, 0.67
Tasks:   1 total,   0 running,   1 sleeping,   0 stopped,   0 zombie
%Cpu(s):  0.2 us,  0.4 sy,  0.0 ni, 99.4 id,  0.0 wa,  0.0 hi,  0.0 si,  0.0 st
MiB Mem : 128490.0 total,  40290.5 free,   6742.7 used,  81456.8 buff/cache
MiB Swap:   2048.0 total,   1980.0 free,     68.0 used. 119919.9 avail Mem 

    PID USER      PR  NI    VIRT    RES    SHR S  %CPU  %MEM     TIME+ COMMAND
1363575 23mUeno   20   0    7828   5984   2372 S  11.4   0.0   5:16.29 afl-fuzz

top - 00:22:48 up 93 days, 12:13,  6 users,  load average: 0.35, 0.70, 0.67
Tasks:   1 total,   0 running,   1 sleeping,   0 stopped,   0 zombie
%Cpu(s):  0.2 us,  0.4 sy,  0.0 ni, 99.4 id,  0.0 wa,  0.0 hi,  0.0 si,  0.0 st
MiB Mem : 128490.0 total,  40290.5 free,   6742.7 used,  81456.8 buff/cache
MiB Swap:   2048.0 total,   1980.0 free,     68.0 used. 119919.9 avail Mem 

    PID USER      PR  NI    VIRT    RES    SHR S  %CPU  %MEM     TIME+ COMMAND
1363575 23mUeno   20   0    7828   5984   2372 S  12.4   0.0   5:16.91 afl-fuzz

top - 00:22:53 up 93 days, 12:14,  6 users,  load average: 0.32, 0.69, 0.66
Tasks:   1 total,   0 running,   1 sleeping,   0 stopped,   0 zombie
%Cpu(s):  0.2 us,  0.4 sy,  0.0 ni, 99.4 id,  0.0 wa,  0.0 hi,  0.0 si,  0.0 st
MiB Mem : 128490.0 total,  40290.3 free,   6742.9 used,  81456.8 buff/cache
MiB Swap:   2048.0 total,   1980.0 free,     68.0 used. 119919.7 avail Mem 

    PID USER      PR  NI    VIRT    RES    SHR S  %CPU  %MEM     TIME+ COMMAND
1363575 23mUeno   20   0    7828   5984   2372 S  12.4   0.0   5:17.53 afl-fuzz

top - 00:22:58 up 93 days, 12:14,  6 users,  load average: 0.29, 0.67, 0.66
Tasks:   1 total,   0 running,   1 sleeping,   0 stopped,   0 zombie
%Cpu(s):  0.2 us,  0.4 sy,  0.0 ni, 99.4 id,  0.0 wa,  0.0 hi,  0.0 si,  0.0 st
MiB Mem : 128490.0 total,  40290.1 free,   6743.1 used,  81456.8 buff/cache
MiB Swap:   2048.0 total,   1980.0 free,     68.0 used. 119919.5 avail Mem 

    PID USER      PR  NI    VIRT    RES    SHR S  %CPU  %MEM     TIME+ COMMAND
1363575 23mUeno   20   0    7828   5984   2372 S  12.8   0.0   5:18.17 afl-fuzz

top - 00:23:03 up 93 days, 12:14,  6 users,  load average: 0.27, 0.66, 0.66
Tasks:   1 total,   0 running,   1 sleeping,   0 stopped,   0 zombie
%Cpu(s):  0.2 us,  0.4 sy,  0.0 ni, 99.4 id,  0.0 wa,  0.0 hi,  0.0 si,  0.0 st
MiB Mem : 128490.0 total,  40290.1 free,   6743.1 used,  81456.8 buff/cache
MiB Swap:   2048.0 total,   1980.0 free,     68.0 used. 119919.5 avail Mem 

    PID USER      PR  NI    VIRT    RES    SHR S  %CPU  %MEM     TIME+ COMMAND
1363575 23mUeno   20   0    7828   5984   2372 S  12.8   0.0   5:18.81 afl-fuzz

top - 00:23:08 up 93 days, 12:14,  6 users,  load average: 0.25, 0.65, 0.65
Tasks:   1 total,   0 running,   1 sleeping,   0 stopped,   0 zombie
%Cpu(s):  0.3 us,  0.4 sy,  0.0 ni, 99.4 id,  0.0 wa,  0.0 hi,  0.0 si,  0.0 st
MiB Mem : 128490.0 total,  40290.1 free,   6743.1 used,  81456.9 buff/cache
MiB Swap:   2048.0 total,   1980.0 free,     68.0 used. 119919.5 avail Mem 

    PID USER      PR  NI    VIRT    RES    SHR S  %CPU  %MEM     TIME+ COMMAND
1363575 23mUeno   20   0    7828   5984   2372 S  11.8   0.0   5:19.40 afl-fuzz

top - 00:23:13 up 93 days, 12:14,  6 users,  load average: 0.23, 0.64, 0.65
Tasks:   1 total,   0 running,   1 sleeping,   0 stopped,   0 zombie
%Cpu(s):  0.2 us,  0.3 sy,  0.0 ni, 99.5 id,  0.0 wa,  0.0 hi,  0.0 si,  0.0 st
MiB Mem : 128490.0 total,  40290.1 free,   6743.1 used,  81456.9 buff/cache
MiB Swap:   2048.0 total,   1980.0 free,     68.0 used. 119919.5 avail Mem 

    PID USER      PR  NI    VIRT    RES    SHR S  %CPU  %MEM     TIME+ COMMAND
1363575 23mUeno   20   0    7828   5984   2372 S  10.4   0.0   5:19.92 afl-fuzz

top - 00:23:18 up 93 days, 12:14,  6 users,  load average: 0.37, 0.66, 0.66
Tasks:   1 total,   0 running,   1 sleeping,   0 stopped,   0 zombie
%Cpu(s):  0.2 us,  0.4 sy,  0.0 ni, 99.4 id,  0.0 wa,  0.0 hi,  0.0 si,  0.0 st
MiB Mem : 128490.0 total,  40290.1 free,   6743.1 used,  81456.9 buff/cache
MiB Swap:   2048.0 total,   1980.0 free,     68.0 used. 119919.5 avail Mem 

    PID USER      PR  NI    VIRT    RES    SHR S  %CPU  %MEM     TIME+ COMMAND
1363575 23mUeno   20   0    7828   5984   2372 S  13.2   0.0   5:20.58 afl-fuzz

top - 00:23:23 up 93 days, 12:14,  6 users,  load average: 0.34, 0.65, 0.65
Tasks:   1 total,   0 running,   1 sleeping,   0 stopped,   0 zombie
%Cpu(s):  0.2 us,  0.5 sy,  0.0 ni, 99.3 id,  0.0 wa,  0.0 hi,  0.0 si,  0.0 st
MiB Mem : 128490.0 total,  40289.6 free,   6743.6 used,  81456.9 buff/cache
MiB Swap:   2048.0 total,   1980.0 free,     68.0 used. 119919.0 avail Mem 

    PID USER      PR  NI    VIRT    RES    SHR S  %CPU  %MEM     TIME+ COMMAND
1363575 23mUeno   20   0    7828   5984   2372 S  15.8   0.0   5:21.37 afl-fuzz

top - 00:23:28 up 93 days, 12:14,  6 users,  load average: 0.55, 0.69, 0.66
Tasks:   1 total,   0 running,   1 sleeping,   0 stopped,   0 zombie
%Cpu(s):  0.2 us,  0.4 sy,  0.0 ni, 99.4 id,  0.0 wa,  0.0 hi,  0.0 si,  0.0 st
MiB Mem : 128490.0 total,  40289.6 free,   6743.6 used,  81456.9 buff/cache
MiB Swap:   2048.0 total,   1980.0 free,     68.0 used. 119919.0 avail Mem 

    PID USER      PR  NI    VIRT    RES    SHR S  %CPU  %MEM     TIME+ COMMAND
1363575 23mUeno   20   0    7828   5984   2372 S  13.4   0.0   5:22.04 afl-fuzz

top - 00:23:33 up 93 days, 12:14,  6 users,  load average: 0.51, 0.68, 0.66
Tasks:   1 total,   0 running,   1 sleeping,   0 stopped,   0 zombie
%Cpu(s):  0.2 us,  0.4 sy,  0.0 ni, 99.4 id,  0.0 wa,  0.0 hi,  0.0 si,  0.0 st
MiB Mem : 128490.0 total,  40289.6 free,   6743.5 used,  81456.9 buff/cache
MiB Swap:   2048.0 total,   1980.0 free,     68.0 used. 119919.0 avail Mem 

    PID USER      PR  NI    VIRT    RES    SHR S  %CPU  %MEM     TIME+ COMMAND
1363575 23mUeno   20   0    7828   5984   2372 S  14.4   0.0   5:22.76 afl-fuzz

top - 00:23:38 up 93 days, 12:14,  6 users,  load average: 0.47, 0.67, 0.66
Tasks:   1 total,   0 running,   1 sleeping,   0 stopped,   0 zombie
%Cpu(s):  0.2 us,  0.4 sy,  0.0 ni, 99.4 id,  0.0 wa,  0.0 hi,  0.0 si,  0.0 st
MiB Mem : 128490.0 total,  40289.6 free,   6743.5 used,  81456.9 buff/cache
MiB Swap:   2048.0 total,   1980.0 free,     68.0 used. 119919.0 avail Mem 

    PID USER      PR  NI    VIRT    RES    SHR S  %CPU  %MEM     TIME+ COMMAND
1363575 23mUeno   20   0    7828   5984   2372 S  12.8   0.0   5:23.40 afl-fuzz

top - 00:23:43 up 93 days, 12:14,  6 users,  load average: 0.43, 0.66, 0.65
Tasks:   1 total,   0 running,   1 sleeping,   0 stopped,   0 zombie
%Cpu(s):  0.2 us,  0.4 sy,  0.0 ni, 99.4 id,  0.0 wa,  0.0 hi,  0.0 si,  0.0 st
MiB Mem : 128490.0 total,  40289.6 free,   6743.5 used,  81456.9 buff/cache
MiB Swap:   2048.0 total,   1980.0 free,     68.0 used. 119919.0 avail Mem 

    PID USER      PR  NI    VIRT    RES    SHR S  %CPU  %MEM     TIME+ COMMAND
1363575 23mUeno   20   0    7828   5984   2372 S  12.6   0.0   5:24.03 afl-fuzz

top - 00:23:48 up 93 days, 12:14,  6 users,  load average: 0.48, 0.66, 0.65
Tasks:   1 total,   0 running,   1 sleeping,   0 stopped,   0 zombie
%Cpu(s):  0.2 us,  0.4 sy,  0.0 ni, 99.4 id,  0.0 wa,  0.0 hi,  0.0 si,  0.0 st
MiB Mem : 128490.0 total,  40289.6 free,   6743.5 used,  81456.9 buff/cache
MiB Swap:   2048.0 total,   1980.0 free,     68.0 used. 119919.0 avail Mem 

    PID USER      PR  NI    VIRT    RES    SHR S  %CPU  %MEM     TIME+ COMMAND
1363575 23mUeno   20   0    7828   5984   2372 S  13.8   0.0   5:24.72 afl-fuzz

top - 00:23:53 up 93 days, 12:15,  6 users,  load average: 0.68, 0.70, 0.67
Tasks:   1 total,   0 running,   1 sleeping,   0 stopped,   0 zombie
%Cpu(s):  0.2 us,  0.4 sy,  0.0 ni, 99.3 id,  0.0 wa,  0.0 hi,  0.0 si,  0.0 st
MiB Mem : 128490.0 total,  40289.6 free,   6743.5 used,  81456.9 buff/cache
MiB Swap:   2048.0 total,   1980.0 free,     68.0 used. 119919.0 avail Mem 

    PID USER      PR  NI    VIRT    RES    SHR S  %CPU  %MEM     TIME+ COMMAND
1363575 23mUeno   20   0    7828   5984   2372 S  14.8   0.0   5:25.46 afl-fuzz

top - 00:23:58 up 93 days, 12:15,  6 users,  load average: 0.62, 0.69, 0.66
Tasks:   1 total,   0 running,   1 sleeping,   0 stopped,   0 zombie
%Cpu(s):  0.2 us,  0.5 sy,  0.0 ni, 99.3 id,  0.0 wa,  0.0 hi,  0.0 si,  0.0 st
MiB Mem : 128490.0 total,  40289.6 free,   6743.5 used,  81456.9 buff/cache
MiB Swap:   2048.0 total,   1980.0 free,     68.0 used. 119919.1 avail Mem 

    PID USER      PR  NI    VIRT    RES    SHR S  %CPU  %MEM     TIME+ COMMAND
1363575 23mUeno   20   0    7828   5984   2372 S  14.0   0.0   5:26.16 afl-fuzz

top - 00:24:03 up 93 days, 12:15,  6 users,  load average: 0.65, 0.70, 0.66
Tasks:   1 total,   0 running,   1 sleeping,   0 stopped,   0 zombie
%Cpu(s):  0.2 us,  0.4 sy,  0.0 ni, 99.4 id,  0.0 wa,  0.0 hi,  0.0 si,  0.0 st
MiB Mem : 128490.0 total,  40289.6 free,   6743.5 used,  81456.9 buff/cache
MiB Swap:   2048.0 total,   1980.0 free,     68.0 used. 119919.1 avail Mem 

    PID USER      PR  NI    VIRT    RES    SHR S  %CPU  %MEM     TIME+ COMMAND
1363575 23mUeno   20   0    7828   5984   2372 S  11.0   0.0   5:26.71 afl-fuzz

top - 00:24:08 up 93 days, 12:15,  6 users,  load average: 0.60, 0.68, 0.66
Tasks:   1 total,   1 running,   0 sleeping,   0 stopped,   0 zombie
%Cpu(s):  0.2 us,  0.4 sy,  0.0 ni, 99.4 id,  0.0 wa,  0.0 hi,  0.0 si,  0.0 st
MiB Mem : 128490.0 total,  40289.6 free,   6743.5 used,  81456.9 buff/cache
MiB Swap:   2048.0 total,   1980.0 free,     68.0 used. 119919.1 avail Mem 

    PID USER      PR  NI    VIRT    RES    SHR S  %CPU  %MEM     TIME+ COMMAND
1363575 23mUeno   20   0    7828   5984   2372 R  14.0   0.0   5:27.41 afl-fuzz

top - 00:24:13 up 93 days, 12:15,  6 users,  load average: 0.63, 0.69, 0.66
Tasks:   1 total,   1 running,   0 sleeping,   0 stopped,   0 zombie
%Cpu(s):  0.2 us,  0.4 sy,  0.0 ni, 99.4 id,  0.0 wa,  0.0 hi,  0.0 si,  0.0 st
MiB Mem : 128490.0 total,  40289.6 free,   6743.5 used,  81456.9 buff/cache
MiB Swap:   2048.0 total,   1980.0 free,     68.0 used. 119919.1 avail Mem 

    PID USER      PR  NI    VIRT    RES    SHR S  %CPU  %MEM     TIME+ COMMAND
1363575 23mUeno   20   0    7828   5984   2372 R  11.4   0.0   5:27.98 afl-fuzz

top - 00:24:18 up 93 days, 12:15,  6 users,  load average: 0.58, 0.68, 0.66
Tasks:   1 total,   0 running,   1 sleeping,   0 stopped,   0 zombie
%Cpu(s):  0.2 us,  0.4 sy,  0.0 ni, 99.4 id,  0.0 wa,  0.0 hi,  0.0 si,  0.0 st
MiB Mem : 128490.0 total,  40289.6 free,   6743.5 used,  81456.9 buff/cache
MiB Swap:   2048.0 total,   1980.0 free,     68.0 used. 119919.1 avail Mem 

    PID USER      PR  NI    VIRT    RES    SHR S  %CPU  %MEM     TIME+ COMMAND
1363575 23mUeno   20   0    7828   5984   2372 S  11.8   0.0   5:28.57 afl-fuzz

top - 00:24:23 up 93 days, 12:15,  6 users,  load average: 0.54, 0.67, 0.66
Tasks:   1 total,   0 running,   1 sleeping,   0 stopped,   0 zombie
%Cpu(s):  0.2 us,  0.4 sy,  0.0 ni, 99.4 id,  0.0 wa,  0.0 hi,  0.0 si,  0.0 st
MiB Mem : 128490.0 total,  40289.6 free,   6743.5 used,  81456.9 buff/cache
MiB Swap:   2048.0 total,   1980.0 free,     68.0 used. 119919.1 avail Mem 

    PID USER      PR  NI    VIRT    RES    SHR S  %CPU  %MEM     TIME+ COMMAND
1363575 23mUeno   20   0    7828   5984   2372 S  12.2   0.0   5:29.18 afl-fuzz

top - 00:24:28 up 93 days, 12:15,  6 users,  load average: 0.65, 0.69, 0.66
Tasks:   1 total,   0 running,   1 sleeping,   0 stopped,   0 zombie
%Cpu(s):  0.2 us,  0.3 sy,  0.0 ni, 99.6 id,  0.0 wa,  0.0 hi,  0.0 si,  0.0 st
MiB Mem : 128490.0 total,  40289.6 free,   6743.5 used,  81456.9 buff/cache
MiB Swap:   2048.0 total,   1980.0 free,     68.0 used. 119919.1 avail Mem 

    PID USER      PR  NI    VIRT    RES    SHR S  %CPU  %MEM     TIME+ COMMAND
1363575 23mUeno   20   0    7828   5984   2372 S   7.0   0.0   5:29.53 afl-fuzz

top - 00:24:33 up 93 days, 12:15,  6 users,  load average: 0.60, 0.68, 0.66
Tasks:   1 total,   0 running,   1 sleeping,   0 stopped,   0 zombie
%Cpu(s):  0.2 us,  0.3 sy,  0.0 ni, 99.5 id,  0.0 wa,  0.0 hi,  0.0 si,  0.0 st
MiB Mem : 128490.0 total,  40289.6 free,   6743.5 used,  81456.9 buff/cache
MiB Swap:   2048.0 total,   1980.0 free,     68.0 used. 119919.1 avail Mem 

    PID USER      PR  NI    VIRT    RES    SHR S  %CPU  %MEM     TIME+ COMMAND
1363575 23mUeno   20   0    7828   5984   2372 S   7.8   0.0   5:29.92 afl-fuzz

top - 00:24:38 up 93 days, 12:15,  6 users,  load average: 0.55, 0.66, 0.65
Tasks:   1 total,   0 running,   1 sleeping,   0 stopped,   0 zombie
%Cpu(s):  0.2 us,  0.3 sy,  0.0 ni, 99.5 id,  0.0 wa,  0.0 hi,  0.0 si,  0.0 st
MiB Mem : 128490.0 total,  40289.6 free,   6743.5 used,  81456.9 buff/cache
MiB Swap:   2048.0 total,   1980.0 free,     68.0 used. 119919.1 avail Mem 

    PID USER      PR  NI    VIRT    RES    SHR S  %CPU  %MEM     TIME+ COMMAND
1363575 23mUeno   20   0    7828   5984   2372 S   8.6   0.0   5:30.35 afl-fuzz

top - 00:24:43 up 93 days, 12:15,  6 users,  load average: 0.51, 0.65, 0.65
Tasks:   1 total,   1 running,   0 sleeping,   0 stopped,   0 zombie
%Cpu(s):  0.2 us,  0.3 sy,  0.0 ni, 99.6 id,  0.0 wa,  0.0 hi,  0.0 si,  0.0 st
MiB Mem : 128490.0 total,  40289.6 free,   6743.5 used,  81456.9 buff/cache
MiB Swap:   2048.0 total,   1980.0 free,     68.0 used. 119919.1 avail Mem 

    PID USER      PR  NI    VIRT    RES    SHR S  %CPU  %MEM     TIME+ COMMAND
1363575 23mUeno   20   0    7828   5984   2372 R   7.6   0.0   5:30.73 afl-fuzz

top - 00:24:48 up 93 days, 12:15,  6 users,  load average: 0.47, 0.64, 0.65
Tasks:   1 total,   0 running,   1 sleeping,   0 stopped,   0 zombie
%Cpu(s):  0.2 us,  0.2 sy,  0.0 ni, 99.6 id,  0.0 wa,  0.0 hi,  0.0 si,  0.0 st
MiB Mem : 128490.0 total,  40289.4 free,   6743.7 used,  81456.9 buff/cache
MiB Swap:   2048.0 total,   1980.0 free,     68.0 used. 119918.9 avail Mem 

    PID USER      PR  NI    VIRT    RES    SHR S  %CPU  %MEM     TIME+ COMMAND
1363575 23mUeno   20   0    7828   5984   2372 S   4.0   0.0   5:30.93 afl-fuzz

top - 00:24:53 up 93 days, 12:16,  6 users,  load average: 0.59, 0.67, 0.65
Tasks:   1 total,   0 running,   1 sleeping,   0 stopped,   0 zombie
%Cpu(s):  0.2 us,  0.1 sy,  0.0 ni, 99.7 id,  0.0 wa,  0.0 hi,  0.0 si,  0.0 st
MiB Mem : 128490.0 total,  40289.4 free,   6743.5 used,  81457.1 buff/cache
MiB Swap:   2048.0 total,   1980.0 free,     68.0 used. 119919.1 avail Mem 

    PID USER      PR  NI    VIRT    RES    SHR S  %CPU  %MEM     TIME+ COMMAND
1363575 23mUeno   20   0    7828   5984   2372 S   1.8   0.0   5:31.02 afl-fuzz

top - 00:24:58 up 93 days, 12:16,  6 users,  load average: 0.54, 0.65, 0.65
Tasks:   1 total,   0 running,   1 sleeping,   0 stopped,   0 zombie
%Cpu(s):  0.2 us,  0.1 sy,  0.0 ni, 99.7 id,  0.0 wa,  0.0 hi,  0.0 si,  0.0 st
MiB Mem : 128490.0 total,  40289.4 free,   6743.5 used,  81457.1 buff/cache
MiB Swap:   2048.0 total,   1980.0 free,     68.0 used. 119919.1 avail Mem 

    PID USER      PR  NI    VIRT    RES    SHR S  %CPU  %MEM     TIME+ COMMAND
1363575 23mUeno   20   0    7828   5984   2372 S   1.8   0.0   5:31.11 afl-fuzz

top - 00:25:03 up 93 days, 12:16,  6 users,  load average: 0.58, 0.66, 0.65
Tasks:   1 total,   0 running,   1 sleeping,   0 stopped,   0 zombie
%Cpu(s):  0.1 us,  0.1 sy,  0.0 ni, 99.7 id,  0.0 wa,  0.0 hi,  0.0 si,  0.0 st
MiB Mem : 128490.0 total,  40289.4 free,   6743.5 used,  81457.1 buff/cache
MiB Swap:   2048.0 total,   1980.0 free,     68.0 used. 119919.1 avail Mem 

    PID USER      PR  NI    VIRT    RES    SHR S  %CPU  %MEM     TIME+ COMMAND
1363575 23mUeno   20   0    7828   5984   2372 S   1.4   0.0   5:31.18 afl-fuzz

top - 00:25:08 up 93 days, 12:16,  6 users,  load average: 0.53, 0.65, 0.65
Tasks:   1 total,   0 running,   1 sleeping,   0 stopped,   0 zombie
%Cpu(s):  0.1 us,  0.1 sy,  0.0 ni, 99.7 id,  0.0 wa,  0.0 hi,  0.0 si,  0.0 st
MiB Mem : 128490.0 total,  40289.4 free,   6743.5 used,  81457.1 buff/cache
MiB Swap:   2048.0 total,   1980.0 free,     68.0 used. 119919.1 avail Mem 

    PID USER      PR  NI    VIRT    RES    SHR S  %CPU  %MEM     TIME+ COMMAND
1363575 23mUeno   20   0    7828   5984   2372 S   1.8   0.0   5:31.27 afl-fuzz

top - 00:25:13 up 93 days, 12:16,  6 users,  load average: 0.57, 0.65, 0.65
Tasks:   1 total,   0 running,   1 sleeping,   0 stopped,   0 zombie
%Cpu(s):  0.1 us,  0.1 sy,  0.0 ni, 99.7 id,  0.0 wa,  0.0 hi,  0.0 si,  0.0 st
MiB Mem : 128490.0 total,  40289.4 free,   6743.5 used,  81457.1 buff/cache
MiB Swap:   2048.0 total,   1980.0 free,     68.0 used. 119919.1 avail Mem 

    PID USER      PR  NI    VIRT    RES    SHR S  %CPU  %MEM     TIME+ COMMAND
1363575 23mUeno   20   0    7828   5984   2372 S   2.0   0.0   5:31.37 afl-fuzz

top - 00:25:18 up 93 days, 12:16,  6 users,  load average: 0.60, 0.66, 0.65
Tasks:   1 total,   0 running,   1 sleeping,   0 stopped,   0 zombie
%Cpu(s):  0.2 us,  0.1 sy,  0.0 ni, 99.6 id,  0.0 wa,  0.0 hi,  0.0 si,  0.0 st
MiB Mem : 128490.0 total,  40289.1 free,   6743.7 used,  81457.2 buff/cache
MiB Swap:   2048.0 total,   1980.0 free,     68.0 used. 119918.8 avail Mem 

    PID USER      PR  NI    VIRT    RES    SHR S  %CPU  %MEM     TIME+ COMMAND
1363575 23mUeno   20   0    7828   5984   2372 S   1.8   0.0   5:31.46 afl-fuzz

top - 00:25:23 up 93 days, 12:16,  6 users,  load average: 0.56, 0.65, 0.65
Tasks:   1 total,   0 running,   1 sleeping,   0 stopped,   0 zombie
%Cpu(s):  0.2 us,  0.4 sy,  0.0 ni, 99.4 id,  0.0 wa,  0.0 hi,  0.0 si,  0.0 st
MiB Mem : 128490.0 total,  40289.1 free,   6743.7 used,  81457.2 buff/cache
MiB Swap:   2048.0 total,   1980.0 free,     68.0 used. 119918.9 avail Mem 

    PID USER      PR  NI    VIRT    RES    SHR S  %CPU  %MEM     TIME+ COMMAND
1363575 23mUeno   20   0    7828   5984   2372 S  12.0   0.0   5:32.06 afl-fuzz

top - 00:25:28 up 93 days, 12:16,  6 users,  load average: 0.59, 0.66, 0.65
Tasks:   1 total,   0 running,   1 sleeping,   0 stopped,   0 zombie
%Cpu(s):  0.2 us,  0.4 sy,  0.0 ni, 99.4 id,  0.0 wa,  0.0 hi,  0.0 si,  0.0 st
MiB Mem : 128490.0 total,  40289.1 free,   6743.7 used,  81457.2 buff/cache
MiB Swap:   2048.0 total,   1980.0 free,     68.0 used. 119918.9 avail Mem 

    PID USER      PR  NI    VIRT    RES    SHR S  %CPU  %MEM     TIME+ COMMAND
1363575 23mUeno   20   0    7828   5984   2372 S  13.8   0.0   5:32.75 afl-fuzz

top - 00:25:33 up 93 days, 12:16,  6 users,  load average: 0.54, 0.64, 0.65
Tasks:   1 total,   0 running,   1 sleeping,   0 stopped,   0 zombie
%Cpu(s):  0.2 us,  0.4 sy,  0.0 ni, 99.3 id,  0.0 wa,  0.0 hi,  0.0 si,  0.0 st
MiB Mem : 128490.0 total,  40289.1 free,   6743.7 used,  81457.2 buff/cache
MiB Swap:   2048.0 total,   1980.0 free,     68.0 used. 119918.9 avail Mem 

    PID USER      PR  NI    VIRT    RES    SHR S  %CPU  %MEM     TIME+ COMMAND
1363575 23mUeno   20   0    7828   5984   2372 S  14.2   0.0   5:33.46 afl-fuzz

top - 00:25:38 up 93 days, 12:16,  6 users,  load average: 0.66, 0.67, 0.65
Tasks:   1 total,   0 running,   1 sleeping,   0 stopped,   0 zombie
%Cpu(s):  0.2 us,  0.4 sy,  0.0 ni, 99.4 id,  0.0 wa,  0.0 hi,  0.0 si,  0.0 st
MiB Mem : 128490.0 total,  40289.4 free,   6743.4 used,  81457.2 buff/cache
MiB Swap:   2048.0 total,   1980.0 free,     68.0 used. 119919.2 avail Mem 

    PID USER      PR  NI    VIRT    RES    SHR S  %CPU  %MEM     TIME+ COMMAND
1363575 23mUeno   20   0    7828   5984   2372 S  13.0   0.0   5:34.11 afl-fuzz

top - 00:25:43 up 93 days, 12:16,  6 users,  load average: 0.61, 0.66, 0.65
Tasks:   1 total,   1 running,   0 sleeping,   0 stopped,   0 zombie
%Cpu(s):  0.2 us,  0.4 sy,  0.0 ni, 99.4 id,  0.0 wa,  0.0 hi,  0.0 si,  0.0 st
MiB Mem : 128490.0 total,  40289.4 free,   6743.4 used,  81457.2 buff/cache
MiB Swap:   2048.0 total,   1980.0 free,     68.0 used. 119919.2 avail Mem 

    PID USER      PR  NI    VIRT    RES    SHR S  %CPU  %MEM     TIME+ COMMAND
1363575 23mUeno   20   0    7828   5984   2372 R  13.8   0.0   5:34.80 afl-fuzz

top - 00:25:48 up 93 days, 12:16,  6 users,  load average: 0.56, 0.64, 0.65
Tasks:   1 total,   1 running,   0 sleeping,   0 stopped,   0 zombie
%Cpu(s):  0.3 us,  0.5 sy,  0.0 ni, 99.2 id,  0.0 wa,  0.0 hi,  0.0 si,  0.0 st
MiB Mem : 128490.0 total,  40289.4 free,   6743.4 used,  81457.2 buff/cache
MiB Swap:   2048.0 total,   1980.0 free,     68.0 used. 119919.2 avail Mem 

    PID USER      PR  NI    VIRT    RES    SHR S  %CPU  %MEM     TIME+ COMMAND
1363575 23mUeno   20   0    7828   5984   2372 R  18.6   0.0   5:35.73 afl-fuzz

top - 00:25:53 up 93 days, 12:17,  6 users,  load average: 0.59, 0.65, 0.65
Tasks:   1 total,   0 running,   1 sleeping,   0 stopped,   0 zombie
%Cpu(s):  0.2 us,  0.6 sy,  0.0 ni, 99.2 id,  0.0 wa,  0.0 hi,  0.0 si,  0.0 st
MiB Mem : 128490.0 total,  40289.1 free,   6743.7 used,  81457.2 buff/cache
MiB Swap:   2048.0 total,   1980.0 free,     68.0 used. 119918.9 avail Mem 

    PID USER      PR  NI    VIRT    RES    SHR S  %CPU  %MEM     TIME+ COMMAND
1363575 23mUeno   20   0    7828   5984   2372 S  20.0   0.0   5:36.73 afl-fuzz

top - 00:25:58 up 93 days, 12:17,  6 users,  load average: 0.55, 0.64, 0.64
Tasks:   1 total,   0 running,   1 sleeping,   0 stopped,   0 zombie
%Cpu(s):  0.3 us,  0.5 sy,  0.0 ni, 99.2 id,  0.0 wa,  0.0 hi,  0.0 si,  0.0 st
MiB Mem : 128490.0 total,  40289.1 free,   6743.7 used,  81457.2 buff/cache
MiB Swap:   2048.0 total,   1980.0 free,     68.0 used. 119918.9 avail Mem 

    PID USER      PR  NI    VIRT    RES    SHR S  %CPU  %MEM     TIME+ COMMAND
1363575 23mUeno   20   0    7828   5984   2372 S  18.8   0.0   5:37.67 afl-fuzz

top - 00:26:03 up 93 days, 12:17,  6 users,  load average: 0.50, 0.63, 0.64
Tasks:   1 total,   0 running,   1 sleeping,   0 stopped,   0 zombie
%Cpu(s):  0.3 us,  0.5 sy,  0.0 ni, 99.3 id,  0.0 wa,  0.0 hi,  0.0 si,  0.0 st
MiB Mem : 128490.0 total,  40289.2 free,   6743.6 used,  81457.3 buff/cache
MiB Swap:   2048.0 total,   1980.0 free,     68.0 used. 119919.0 avail Mem 

    PID USER      PR  NI    VIRT    RES    SHR S  %CPU  %MEM     TIME+ COMMAND
1363575 23mUeno   20   0    7828   5984   2372 S  17.0   0.0   5:38.52 afl-fuzz

top - 00:26:08 up 93 days, 12:17,  6 users,  load average: 0.54, 0.64, 0.64
Tasks:   1 total,   0 running,   1 sleeping,   0 stopped,   0 zombie
%Cpu(s):  0.2 us,  0.5 sy,  0.0 ni, 99.3 id,  0.0 wa,  0.0 hi,  0.0 si,  0.0 st
MiB Mem : 128490.0 total,  40289.2 free,   6743.6 used,  81457.3 buff/cache
MiB Swap:   2048.0 total,   1980.0 free,     68.0 used. 119919.0 avail Mem 

    PID USER      PR  NI    VIRT    RES    SHR S  %CPU  %MEM     TIME+ COMMAND
1363575 23mUeno   20   0    7828   5984   2372 S  16.4   0.0   5:39.34 afl-fuzz

top - 00:26:13 up 93 days, 12:17,  6 users,  load average: 0.66, 0.66, 0.65
Tasks:   1 total,   0 running,   1 sleeping,   0 stopped,   0 zombie
%Cpu(s):  0.2 us,  0.5 sy,  0.0 ni, 99.2 id,  0.0 wa,  0.0 hi,  0.0 si,  0.0 st
MiB Mem : 128490.0 total,  40289.4 free,   6743.3 used,  81457.3 buff/cache
MiB Swap:   2048.0 total,   1980.0 free,     68.0 used. 119919.3 avail Mem 

    PID USER      PR  NI    VIRT    RES    SHR S  %CPU  %MEM     TIME+ COMMAND
1363575 23mUeno   20   0    7200   5484   2372 S  17.2   0.0   5:40.20 afl-fuzz

top - 00:26:18 up 93 days, 12:17,  6 users,  load average: 0.61, 0.65, 0.65
Tasks:   1 total,   0 running,   1 sleeping,   0 stopped,   0 zombie
%Cpu(s):  0.2 us,  0.5 sy,  0.0 ni, 99.3 id,  0.0 wa,  0.0 hi,  0.0 si,  0.0 st
MiB Mem : 128490.0 total,  40289.2 free,   6743.5 used,  81457.3 buff/cache
MiB Swap:   2048.0 total,   1980.0 free,     68.0 used. 119919.1 avail Mem 

    PID USER      PR  NI    VIRT    RES    SHR S  %CPU  %MEM     TIME+ COMMAND
1363575 23mUeno   20   0    7392   5656   2372 S  14.8   0.0   5:40.94 afl-fuzz

top - 00:26:23 up 93 days, 12:17,  6 users,  load average: 0.56, 0.64, 0.64
Tasks:   1 total,   1 running,   0 sleeping,   0 stopped,   0 zombie
%Cpu(s):  0.2 us,  0.5 sy,  0.0 ni, 99.3 id,  0.0 wa,  0.0 hi,  0.0 si,  0.0 st
MiB Mem : 128490.0 total,  40289.2 free,   6743.5 used,  81457.3 buff/cache
MiB Swap:   2048.0 total,   1980.0 free,     68.0 used. 119919.1 avail Mem 

    PID USER      PR  NI    VIRT    RES    SHR S  %CPU  %MEM     TIME+ COMMAND
1363575 23mUeno   20   0    7392   5656   2372 R  15.0   0.0   5:41.69 afl-fuzz

top - 00:26:28 up 93 days, 12:17,  6 users,  load average: 0.51, 0.63, 0.64
Tasks:   1 total,   0 running,   1 sleeping,   0 stopped,   0 zombie
%Cpu(s):  0.2 us,  0.5 sy,  0.0 ni, 99.3 id,  0.0 wa,  0.0 hi,  0.0 si,  0.0 st
MiB Mem : 128490.0 total,  40289.2 free,   6743.5 used,  81457.3 buff/cache
MiB Swap:   2048.0 total,   1980.0 free,     68.0 used. 119919.1 avail Mem 

    PID USER      PR  NI    VIRT    RES    SHR S  %CPU  %MEM     TIME+ COMMAND
1363575 23mUeno   20   0    7392   5656   2372 S  16.0   0.0   5:42.49 afl-fuzz

top - 00:26:33 up 93 days, 12:17,  6 users,  load average: 0.47, 0.61, 0.63
Tasks:   1 total,   1 running,   0 sleeping,   0 stopped,   0 zombie
%Cpu(s):  0.2 us,  0.5 sy,  0.0 ni, 99.3 id,  0.0 wa,  0.0 hi,  0.0 si,  0.0 st
MiB Mem : 128490.0 total,  40289.2 free,   6743.5 used,  81457.3 buff/cache
MiB Swap:   2048.0 total,   1980.0 free,     68.0 used. 119919.1 avail Mem 

    PID USER      PR  NI    VIRT    RES    SHR S  %CPU  %MEM     TIME+ COMMAND
1363575 23mUeno   20   0    7392   5656   2372 R  14.0   0.0   5:43.19 afl-fuzz

top - 00:26:38 up 93 days, 12:17,  6 users,  load average: 0.43, 0.60, 0.63
Tasks:   1 total,   0 running,   1 sleeping,   0 stopped,   0 zombie
%Cpu(s):  0.2 us,  0.4 sy,  0.0 ni, 99.4 id,  0.0 wa,  0.0 hi,  0.0 si,  0.0 st
MiB Mem : 128490.0 total,  40289.5 free,   6743.3 used,  81457.3 buff/cache
MiB Swap:   2048.0 total,   1980.0 free,     68.0 used. 119919.3 avail Mem 

    PID USER      PR  NI    VIRT    RES    SHR S  %CPU  %MEM     TIME+ COMMAND
1363575 23mUeno   20   0    7392   5656   2372 S  13.4   0.0   5:43.86 afl-fuzz

top - 00:26:43 up 93 days, 12:17,  6 users,  load average: 0.64, 0.64, 0.64
Tasks:   1 total,   0 running,   1 sleeping,   0 stopped,   0 zombie
%Cpu(s):  0.2 us,  0.5 sy,  0.0 ni, 99.3 id,  0.0 wa,  0.0 hi,  0.0 si,  0.0 st
MiB Mem : 128490.0 total,  40289.5 free,   6743.3 used,  81457.3 buff/cache
MiB Swap:   2048.0 total,   1980.0 free,     68.0 used. 119919.3 avail Mem 

    PID USER      PR  NI    VIRT    RES    SHR S  %CPU  %MEM     TIME+ COMMAND
1363575 23mUeno   20   0    7392   5656   2372 S  16.6   0.0   5:44.69 afl-fuzz

top - 00:26:48 up 93 days, 12:17,  6 users,  load average: 0.59, 0.63, 0.64
Tasks:   1 total,   0 running,   1 sleeping,   0 stopped,   0 zombie
%Cpu(s):  0.2 us,  0.5 sy,  0.0 ni, 99.3 id,  0.0 wa,  0.0 hi,  0.0 si,  0.0 st
MiB Mem : 128490.0 total,  40289.5 free,   6743.2 used,  81457.3 buff/cache
MiB Swap:   2048.0 total,   1980.0 free,     68.0 used. 119919.3 avail Mem 

    PID USER      PR  NI    VIRT    RES    SHR S  %CPU  %MEM     TIME+ COMMAND
1363575 23mUeno   20   0    7392   5656   2372 S  15.8   0.0   5:45.48 afl-fuzz

top - 00:26:53 up 93 days, 12:18,  6 users,  load average: 0.62, 0.64, 0.64
Tasks:   1 total,   0 running,   1 sleeping,   0 stopped,   0 zombie
%Cpu(s):  0.3 us,  0.5 sy,  0.0 ni, 99.2 id,  0.0 wa,  0.0 hi,  0.0 si,  0.0 st
MiB Mem : 128490.0 total,  40289.5 free,   6743.2 used,  81457.3 buff/cache
MiB Swap:   2048.0 total,   1980.0 free,     68.0 used. 119919.3 avail Mem 

    PID USER      PR  NI    VIRT    RES    SHR S  %CPU  %MEM     TIME+ COMMAND
1363575 23mUeno   20   0    7392   5656   2372 S  18.0   0.0   5:46.38 afl-fuzz

top - 00:26:58 up 93 days, 12:18,  6 users,  load average: 0.57, 0.63, 0.64
Tasks:   1 total,   0 running,   1 sleeping,   0 stopped,   0 zombie
%Cpu(s):  0.2 us,  0.6 sy,  0.0 ni, 99.2 id,  0.0 wa,  0.0 hi,  0.0 si,  0.0 st
MiB Mem : 128490.0 total,  40289.5 free,   6743.2 used,  81457.3 buff/cache
MiB Swap:   2048.0 total,   1980.0 free,     68.0 used. 119919.3 avail Mem 

    PID USER      PR  NI    VIRT    RES    SHR S  %CPU  %MEM     TIME+ COMMAND
1363575 23mUeno   20   0    7392   5656   2372 S  17.6   0.0   5:47.26 afl-fuzz

top - 00:27:03 up 93 days, 12:18,  6 users,  load average: 0.52, 0.62, 0.63
Tasks:   1 total,   0 running,   1 sleeping,   0 stopped,   0 zombie
%Cpu(s):  0.2 us,  0.5 sy,  0.0 ni, 99.2 id,  0.0 wa,  0.0 hi,  0.0 si,  0.0 st
MiB Mem : 128490.0 total,  40289.5 free,   6743.2 used,  81457.3 buff/cache
MiB Swap:   2048.0 total,   1980.0 free,     68.0 used. 119919.3 avail Mem 

    PID USER      PR  NI    VIRT    RES    SHR S  %CPU  %MEM     TIME+ COMMAND
1363575 23mUeno   20   0    7392   5656   2372 S  17.0   0.0   5:48.11 afl-fuzz

top - 00:27:08 up 93 days, 12:18,  6 users,  load average: 0.48, 0.61, 0.63
Tasks:   1 total,   0 running,   1 sleeping,   0 stopped,   0 zombie
%Cpu(s):  0.2 us,  0.5 sy,  0.0 ni, 99.3 id,  0.0 wa,  0.0 hi,  0.0 si,  0.0 st
MiB Mem : 128490.0 total,  40289.5 free,   6743.2 used,  81457.3 buff/cache
MiB Swap:   2048.0 total,   1980.0 free,     68.0 used. 119919.4 avail Mem 

    PID USER      PR  NI    VIRT    RES    SHR S  %CPU  %MEM     TIME+ COMMAND
1363575 23mUeno   20   0    7392   5656   2372 S  15.6   0.0   5:48.89 afl-fuzz

top - 00:27:13 up 93 days, 12:18,  6 users,  load average: 0.44, 0.60, 0.63
Tasks:   1 total,   0 running,   1 sleeping,   0 stopped,   0 zombie
%Cpu(s):  0.2 us,  0.4 sy,  0.0 ni, 99.3 id,  0.0 wa,  0.0 hi,  0.0 si,  0.0 st
MiB Mem : 128490.0 total,  40289.2 free,   6743.5 used,  81457.3 buff/cache
MiB Swap:   2048.0 total,   1980.0 free,     68.0 used. 119919.1 avail Mem 

    PID USER      PR  NI    VIRT    RES    SHR S  %CPU  %MEM     TIME+ COMMAND
1363575 23mUeno   20   0    7392   5656   2372 S  15.0   0.0   5:49.64 afl-fuzz

top - 00:27:18 up 93 days, 12:18,  6 users,  load average: 0.65, 0.64, 0.64
Tasks:   1 total,   0 running,   1 sleeping,   0 stopped,   0 zombie
%Cpu(s):  0.2 us,  0.4 sy,  0.0 ni, 99.3 id,  0.0 wa,  0.0 hi,  0.0 si,  0.0 st
MiB Mem : 128490.0 total,  40289.2 free,   6743.5 used,  81457.3 buff/cache
MiB Swap:   2048.0 total,   1980.0 free,     68.0 used. 119919.1 avail Mem 

    PID USER      PR  NI    VIRT    RES    SHR S  %CPU  %MEM     TIME+ COMMAND
1363575 23mUeno   20   0    7392   5656   2372 S  14.6   0.0   5:50.37 afl-fuzz

top - 00:27:23 up 93 days, 12:18,  6 users,  load average: 0.60, 0.63, 0.64
Tasks:   1 total,   0 running,   1 sleeping,   0 stopped,   0 zombie
%Cpu(s):  0.2 us,  0.4 sy,  0.0 ni, 99.4 id,  0.0 wa,  0.0 hi,  0.0 si,  0.0 st
MiB Mem : 128490.0 total,  40289.2 free,   6743.4 used,  81457.3 buff/cache
MiB Swap:   2048.0 total,   1980.0 free,     68.0 used. 119919.1 avail Mem 

    PID USER      PR  NI    VIRT    RES    SHR S  %CPU  %MEM     TIME+ COMMAND
1363575 23mUeno   20   0    7392   5656   2372 S  14.0   0.0   5:51.07 afl-fuzz

top - 00:27:28 up 93 days, 12:18,  6 users,  load average: 0.55, 0.62, 0.63
Tasks:   1 total,   0 running,   1 sleeping,   0 stopped,   0 zombie
%Cpu(s):  0.3 us,  0.4 sy,  0.0 ni, 99.3 id,  0.0 wa,  0.0 hi,  0.0 si,  0.0 st
MiB Mem : 128490.0 total,  40289.2 free,   6743.4 used,  81457.3 buff/cache
MiB Swap:   2048.0 total,   1980.0 free,     68.0 used. 119919.1 avail Mem 

    PID USER      PR  NI    VIRT    RES    SHR S  %CPU  %MEM     TIME+ COMMAND
1363575 23mUeno   20   0    7524   5780   2372 S  13.0   0.0   5:51.72 afl-fuzz

top - 00:27:33 up 93 days, 12:18,  6 users,  load average: 0.58, 0.62, 0.64
Tasks:   1 total,   0 running,   1 sleeping,   0 stopped,   0 zombie
%Cpu(s):  0.2 us,  0.3 sy,  0.0 ni, 99.5 id,  0.0 wa,  0.0 hi,  0.0 si,  0.0 st
MiB Mem : 128490.0 total,  40289.2 free,   6743.4 used,  81457.3 buff/cache
MiB Swap:   2048.0 total,   1980.0 free,     68.0 used. 119919.1 avail Mem 

    PID USER      PR  NI    VIRT    RES    SHR S  %CPU  %MEM     TIME+ COMMAND
1363575 23mUeno   20   0    7524   5780   2372 S   8.4   0.0   5:52.14 afl-fuzz

top - 00:27:38 up 93 days, 12:18,  6 users,  load average: 0.62, 0.63, 0.64
Tasks:   1 total,   0 running,   1 sleeping,   0 stopped,   0 zombie
%Cpu(s):  0.2 us,  0.3 sy,  0.0 ni, 99.5 id,  0.0 wa,  0.0 hi,  0.0 si,  0.0 st
MiB Mem : 128490.0 total,  40289.2 free,   6743.4 used,  81457.3 buff/cache
MiB Swap:   2048.0 total,   1980.0 free,     68.0 used. 119919.1 avail Mem 

    PID USER      PR  NI    VIRT    RES    SHR S  %CPU  %MEM     TIME+ COMMAND
1363575 23mUeno   20   0    7524   5780   2372 S   9.0   0.0   5:52.59 afl-fuzz

top - 00:27:43 up 93 days, 12:18,  6 users,  load average: 0.73, 0.65, 0.64
Tasks:   1 total,   0 running,   1 sleeping,   0 stopped,   0 zombie
%Cpu(s):  0.2 us,  0.3 sy,  0.0 ni, 99.5 id,  0.0 wa,  0.0 hi,  0.0 si,  0.0 st
MiB Mem : 128490.0 total,  40289.2 free,   6743.4 used,  81457.3 buff/cache
MiB Swap:   2048.0 total,   1980.0 free,     68.0 used. 119919.1 avail Mem 

    PID USER      PR  NI    VIRT    RES    SHR S  %CPU  %MEM     TIME+ COMMAND
1363575 23mUeno   20   0    7524   5780   2372 S   9.0   0.0   5:53.04 afl-fuzz

top - 00:27:48 up 93 days, 12:18,  6 users,  load average: 0.67, 0.64, 0.64
Tasks:   1 total,   0 running,   1 sleeping,   0 stopped,   0 zombie
%Cpu(s):  0.2 us,  0.3 sy,  0.0 ni, 99.5 id,  0.0 wa,  0.0 hi,  0.0 si,  0.0 st
MiB Mem : 128490.0 total,  40288.7 free,   6743.9 used,  81457.3 buff/cache
MiB Swap:   2048.0 total,   1980.0 free,     68.0 used. 119918.7 avail Mem 

    PID USER      PR  NI    VIRT    RES    SHR S  %CPU  %MEM     TIME+ COMMAND
1363575 23mUeno   20   0    7560   5780   2372 D   9.2   0.0   5:53.50 afl-fuzz

top - 00:27:53 up 93 days, 12:19,  6 users,  load average: 0.62, 0.63, 0.64
Tasks:   1 total,   0 running,   1 sleeping,   0 stopped,   0 zombie
%Cpu(s):  0.2 us,  0.3 sy,  0.0 ni, 99.5 id,  0.0 wa,  0.0 hi,  0.0 si,  0.0 st
MiB Mem : 128490.0 total,  40288.7 free,   6743.9 used,  81457.3 buff/cache
MiB Swap:   2048.0 total,   1980.0 free,     68.0 used. 119918.7 avail Mem 

    PID USER      PR  NI    VIRT    RES    SHR S  %CPU  %MEM     TIME+ COMMAND
1363575 23mUeno   20   0    7524   5780   2372 S   7.6   0.0   5:53.88 afl-fuzz

top - 00:27:58 up 93 days, 12:19,  6 users,  load average: 0.65, 0.64, 0.64
Tasks:   1 total,   0 running,   1 sleeping,   0 stopped,   0 zombie
%Cpu(s):  0.2 us,  0.3 sy,  0.0 ni, 99.5 id,  0.0 wa,  0.0 hi,  0.0 si,  0.0 st
MiB Mem : 128490.0 total,  40288.7 free,   6743.9 used,  81457.4 buff/cache
MiB Swap:   2048.0 total,   1980.0 free,     68.0 used. 119918.7 avail Mem 

    PID USER      PR  NI    VIRT    RES    SHR S  %CPU  %MEM     TIME+ COMMAND
1363575 23mUeno   20   0    7524   5780   2372 S   8.0   0.0   5:54.28 afl-fuzz

top - 00:28:03 up 93 days, 12:19,  6 users,  load average: 0.60, 0.63, 0.64
Tasks:   1 total,   0 running,   1 sleeping,   0 stopped,   0 zombie
%Cpu(s):  0.2 us,  0.4 sy,  0.0 ni, 99.4 id,  0.0 wa,  0.0 hi,  0.0 si,  0.0 st
MiB Mem : 128490.0 total,  40288.8 free,   6743.9 used,  81457.4 buff/cache
MiB Swap:   2048.0 total,   1980.0 free,     68.0 used. 119918.7 avail Mem 

    PID USER      PR  NI    VIRT    RES    SHR S  %CPU  %MEM     TIME+ COMMAND
1363575 23mUeno   20   0    7524   5780   2372 S  10.6   0.0   5:54.81 afl-fuzz

top - 00:28:08 up 93 days, 12:19,  6 users,  load average: 0.63, 0.63, 0.64
Tasks:   1 total,   1 running,   0 sleeping,   0 stopped,   0 zombie
%Cpu(s):  0.2 us,  0.3 sy,  0.0 ni, 99.5 id,  0.0 wa,  0.0 hi,  0.0 si,  0.0 st
MiB Mem : 128490.0 total,  40288.8 free,   6743.9 used,  81457.4 buff/cache
MiB Swap:   2048.0 total,   1980.0 free,     68.0 used. 119918.7 avail Mem 

    PID USER      PR  NI    VIRT    RES    SHR S  %CPU  %MEM     TIME+ COMMAND
1363575 23mUeno   20   0    7524   5780   2372 R   9.6   0.0   5:55.29 afl-fuzz

top - 00:28:13 up 93 days, 12:19,  6 users,  load average: 0.58, 0.62, 0.63
Tasks:   1 total,   0 running,   1 sleeping,   0 stopped,   0 zombie
%Cpu(s):  0.2 us,  0.3 sy,  0.0 ni, 99.5 id,  0.0 wa,  0.0 hi,  0.0 si,  0.0 st
MiB Mem : 128490.0 total,  40288.8 free,   6743.9 used,  81457.4 buff/cache
MiB Swap:   2048.0 total,   1980.0 free,     68.0 used. 119918.7 avail Mem 

    PID USER      PR  NI    VIRT    RES    SHR S  %CPU  %MEM     TIME+ COMMAND
1363575 23mUeno   20   0    7524   5780   2372 S   9.4   0.0   5:55.76 afl-fuzz

top - 00:28:18 up 93 days, 12:19,  6 users,  load average: 0.53, 0.61, 0.63
Tasks:   1 total,   0 running,   1 sleeping,   0 stopped,   0 zombie
%Cpu(s):  0.2 us,  0.3 sy,  0.0 ni, 99.5 id,  0.0 wa,  0.0 hi,  0.0 si,  0.0 st
MiB Mem : 128490.0 total,  40288.6 free,   6744.1 used,  81457.4 buff/cache
MiB Swap:   2048.0 total,   1980.0 free,     68.0 used. 119918.5 avail Mem 

    PID USER      PR  NI    VIRT    RES    SHR S  %CPU  %MEM     TIME+ COMMAND
1363575 23mUeno   20   0    7420   5692   2372 S   9.0   0.0   5:56.21 afl-fuzz

top - 00:28:23 up 93 days, 12:19,  6 users,  load average: 0.49, 0.60, 0.63
Tasks:   1 total,   0 running,   1 sleeping,   0 stopped,   0 zombie
%Cpu(s):  0.2 us,  0.3 sy,  0.0 ni, 99.5 id,  0.0 wa,  0.0 hi,  0.0 si,  0.0 st
MiB Mem : 128490.0 total,  40288.6 free,   6744.0 used,  81457.4 buff/cache
MiB Swap:   2048.0 total,   1980.0 free,     68.0 used. 119918.6 avail Mem 

    PID USER      PR  NI    VIRT    RES    SHR S  %CPU  %MEM     TIME+ COMMAND
1363575 23mUeno   20   0    7628   5784   2372 S  10.0   0.0   5:56.71 afl-fuzz

top - 00:28:28 up 93 days, 12:19,  6 users,  load average: 0.53, 0.61, 0.63
Tasks:   1 total,   0 running,   1 sleeping,   0 stopped,   0 zombie
%Cpu(s):  0.2 us,  0.4 sy,  0.0 ni, 99.4 id,  0.0 wa,  0.0 hi,  0.0 si,  0.0 st
MiB Mem : 128490.0 total,  40288.6 free,   6744.0 used,  81457.4 buff/cache
MiB Swap:   2048.0 total,   1980.0 free,     68.0 used. 119918.6 avail Mem 

    PID USER      PR  NI    VIRT    RES    SHR S  %CPU  %MEM     TIME+ COMMAND
1363575 23mUeno   20   0    7628   5784   2372 S  12.8   0.0   5:57.35 afl-fuzz

top - 00:28:34 up 93 days, 12:19,  6 users,  load average: 0.57, 0.61, 0.63
Tasks:   1 total,   0 running,   1 sleeping,   0 stopped,   0 zombie
%Cpu(s):  0.3 us,  0.8 sy,  0.0 ni, 98.9 id,  0.0 wa,  0.0 hi,  0.0 si,  0.0 st
MiB Mem : 128490.0 total,  40288.6 free,   6744.0 used,  81457.4 buff/cache
MiB Swap:   2048.0 total,   1980.0 free,     68.0 used. 119918.6 avail Mem 

    PID USER      PR  NI    VIRT    RES    SHR S  %CPU  %MEM     TIME+ COMMAND
1363575 23mUeno   20   0    7628   5784   2372 S  30.8   0.0   5:58.89 afl-fuzz

top - 00:28:39 up 93 days, 12:19,  6 users,  load average: 0.52, 0.60, 0.63
Tasks:   1 total,   0 running,   1 sleeping,   0 stopped,   0 zombie
%Cpu(s):  0.2 us,  0.5 sy,  0.0 ni, 99.3 id,  0.0 wa,  0.0 hi,  0.0 si,  0.0 st
MiB Mem : 128490.0 total,  40288.4 free,   6744.2 used,  81457.4 buff/cache
MiB Swap:   2048.0 total,   1980.0 free,     68.0 used. 119918.3 avail Mem 

    PID USER      PR  NI    VIRT    RES    SHR S  %CPU  %MEM     TIME+ COMMAND
1363575 23mUeno   20   0    7628   5784   2372 S  17.4   0.0   5:59.76 afl-fuzz

top - 00:28:44 up 93 days, 12:19,  6 users,  load average: 0.64, 0.63, 0.64
Tasks:   1 total,   0 running,   1 sleeping,   0 stopped,   0 zombie
%Cpu(s):  0.2 us,  0.5 sy,  0.0 ni, 99.2 id,  0.0 wa,  0.0 hi,  0.0 si,  0.0 st
MiB Mem : 128490.0 total,  40288.4 free,   6744.2 used,  81457.4 buff/cache
MiB Swap:   2048.0 total,   1980.0 free,     68.0 used. 119918.3 avail Mem 

    PID USER      PR  NI    VIRT    RES    SHR S  %CPU  %MEM     TIME+ COMMAND
1363575 23mUeno   20   0    7628   5784   2372 S  18.0   0.0   6:00.66 afl-fuzz

top - 00:28:49 up 93 days, 12:19,  6 users,  load average: 0.83, 0.67, 0.65
Tasks:   1 total,   0 running,   1 sleeping,   0 stopped,   0 zombie
%Cpu(s):  0.2 us,  0.5 sy,  0.0 ni, 99.2 id,  0.0 wa,  0.0 hi,  0.0 si,  0.0 st
MiB Mem : 128490.0 total,  40288.4 free,   6744.2 used,  81457.4 buff/cache
MiB Swap:   2048.0 total,   1980.0 free,     68.0 used. 119918.4 avail Mem 

    PID USER      PR  NI    VIRT    RES    SHR S  %CPU  %MEM     TIME+ COMMAND
1363575 23mUeno   20   0    7628   5784   2372 S  18.2   0.0   6:01.57 afl-fuzz

top - 00:28:54 up 93 days, 12:20,  6 users,  load average: 0.76, 0.66, 0.65
Tasks:   1 total,   0 running,   1 sleeping,   0 stopped,   0 zombie
%Cpu(s):  0.2 us,  0.5 sy,  0.0 ni, 99.2 id,  0.0 wa,  0.0 hi,  0.0 si,  0.0 st
MiB Mem : 128490.0 total,  40288.4 free,   6744.2 used,  81457.4 buff/cache
MiB Swap:   2048.0 total,   1980.0 free,     68.0 used. 119918.4 avail Mem 

    PID USER      PR  NI    VIRT    RES    SHR S  %CPU  %MEM     TIME+ COMMAND
1363575 23mUeno   20   0    7628   5784   2372 S  17.8   0.0   6:02.46 afl-fuzz

top - 00:28:59 up 93 days, 12:20,  6 users,  load average: 0.70, 0.64, 0.64
Tasks:   1 total,   0 running,   1 sleeping,   0 stopped,   0 zombie
%Cpu(s):  0.2 us,  0.5 sy,  0.0 ni, 99.2 id,  0.0 wa,  0.0 hi,  0.0 si,  0.0 st
MiB Mem : 128490.0 total,  40288.2 free,   6744.4 used,  81457.4 buff/cache
MiB Swap:   2048.0 total,   1980.0 free,     68.0 used. 119918.2 avail Mem 

    PID USER      PR  NI    VIRT    RES    SHR S  %CPU  %MEM     TIME+ COMMAND
1363575 23mUeno   20   0    7628   5784   2372 S  16.6   0.0   6:03.29 afl-fuzz

top - 00:29:04 up 93 days, 12:20,  6 users,  load average: 0.81, 0.67, 0.65
Tasks:   1 total,   0 running,   1 sleeping,   0 stopped,   0 zombie
%Cpu(s):  0.2 us,  0.5 sy,  0.0 ni, 99.2 id,  0.0 wa,  0.0 hi,  0.0 si,  0.0 st
MiB Mem : 128490.0 total,  40288.2 free,   6744.4 used,  81457.4 buff/cache
MiB Swap:   2048.0 total,   1980.0 free,     68.0 used. 119918.2 avail Mem 

    PID USER      PR  NI    VIRT    RES    SHR S  %CPU  %MEM     TIME+ COMMAND
1363575 23mUeno   20   0    7628   5784   2372 S  17.4   0.0   6:04.16 afl-fuzz

top - 00:29:09 up 93 days, 12:20,  6 users,  load average: 0.74, 0.66, 0.64
Tasks:   1 total,   0 running,   1 sleeping,   0 stopped,   0 zombie
%Cpu(s):  0.2 us,  0.6 sy,  0.0 ni, 99.2 id,  0.0 wa,  0.0 hi,  0.0 si,  0.0 st
MiB Mem : 128490.0 total,  40288.2 free,   6744.4 used,  81457.4 buff/cache
MiB Swap:   2048.0 total,   1980.0 free,     68.0 used. 119918.2 avail Mem 

    PID USER      PR  NI    VIRT    RES    SHR S  %CPU  %MEM     TIME+ COMMAND
1363575 23mUeno   20   0    7628   5784   2372 S  17.4   0.0   6:05.03 afl-fuzz

top - 00:29:14 up 93 days, 12:20,  6 users,  load average: 0.68, 0.64, 0.64
Tasks:   1 total,   0 running,   1 sleeping,   0 stopped,   0 zombie
%Cpu(s):  0.2 us,  0.5 sy,  0.0 ni, 99.2 id,  0.0 wa,  0.0 hi,  0.0 si,  0.0 st
MiB Mem : 128490.0 total,  40288.0 free,   6744.6 used,  81457.4 buff/cache
MiB Swap:   2048.0 total,   1980.0 free,     68.0 used. 119918.0 avail Mem 

    PID USER      PR  NI    VIRT    RES    SHR S  %CPU  %MEM     TIME+ COMMAND
1363575 23mUeno   20   0    7628   5784   2372 S  17.8   0.0   6:05.92 afl-fuzz

top - 00:29:19 up 93 days, 12:20,  6 users,  load average: 0.63, 0.63, 0.64
Tasks:   1 total,   0 running,   1 sleeping,   0 stopped,   0 zombie
%Cpu(s):  0.2 us,  0.5 sy,  0.0 ni, 99.2 id,  0.0 wa,  0.0 hi,  0.0 si,  0.0 st
MiB Mem : 128490.0 total,  40287.2 free,   6745.3 used,  81457.4 buff/cache
MiB Swap:   2048.0 total,   1980.0 free,     68.0 used. 119917.2 avail Mem 

    PID USER      PR  NI    VIRT    RES    SHR S  %CPU  %MEM     TIME+ COMMAND
1363575 23mUeno   20   0    8464   6620   2372 S  17.2   0.0   6:06.78 afl-fuzz

top - 00:29:24 up 93 days, 12:20,  6 users,  load average: 0.74, 0.66, 0.64
Tasks:   1 total,   0 running,   1 sleeping,   0 stopped,   0 zombie
%Cpu(s):  0.2 us,  0.5 sy,  0.0 ni, 99.3 id,  0.0 wa,  0.0 hi,  0.0 si,  0.0 st
MiB Mem : 128490.0 total,  40287.2 free,   6745.3 used,  81457.4 buff/cache
MiB Swap:   2048.0 total,   1980.0 free,     68.0 used. 119917.2 avail Mem 

    PID USER      PR  NI    VIRT    RES    SHR S  %CPU  %MEM     TIME+ COMMAND
1363575 23mUeno   20   0    8464   6620   2372 S  16.8   0.0   6:07.62 afl-fuzz

top - 00:29:29 up 93 days, 12:20,  6 users,  load average: 0.68, 0.65, 0.64
Tasks:   1 total,   0 running,   1 sleeping,   0 stopped,   0 zombie
%Cpu(s):  0.2 us,  0.6 sy,  0.0 ni, 99.2 id,  0.0 wa,  0.0 hi,  0.0 si,  0.0 st
MiB Mem : 128490.0 total,  40287.2 free,   6745.3 used,  81457.4 buff/cache
MiB Swap:   2048.0 total,   1980.0 free,     68.0 used. 119917.2 avail Mem 

    PID USER      PR  NI    VIRT    RES    SHR S  %CPU  %MEM     TIME+ COMMAND
1363575 23mUeno   20   0    8464   6620   2372 S  18.0   0.0   6:08.52 afl-fuzz

top - 00:29:34 up 93 days, 12:20,  6 users,  load average: 0.70, 0.65, 0.64
Tasks:   1 total,   0 running,   1 sleeping,   0 stopped,   0 zombie
%Cpu(s):  0.2 us,  0.5 sy,  0.0 ni, 99.2 id,  0.0 wa,  0.0 hi,  0.0 si,  0.0 st
MiB Mem : 128490.0 total,  40287.2 free,   6745.3 used,  81457.4 buff/cache
MiB Swap:   2048.0 total,   1980.0 free,     68.0 used. 119917.3 avail Mem 

    PID USER      PR  NI    VIRT    RES    SHR S  %CPU  %MEM     TIME+ COMMAND
1363575 23mUeno   20   0    8464   6620   2372 S  17.6   0.0   6:09.40 afl-fuzz

top - 00:29:39 up 93 days, 12:20,  6 users,  load average: 0.65, 0.64, 0.64
Tasks:   1 total,   0 running,   1 sleeping,   0 stopped,   0 zombie
%Cpu(s):  0.3 us,  0.5 sy,  0.0 ni, 99.1 id,  0.0 wa,  0.0 hi,  0.0 si,  0.0 st
MiB Mem : 128490.0 total,  40287.2 free,   6745.3 used,  81457.5 buff/cache
MiB Swap:   2048.0 total,   1980.0 free,     68.0 used. 119917.3 avail Mem 

    PID USER      PR  NI    VIRT    RES    SHR S  %CPU  %MEM     TIME+ COMMAND
1363575 23mUeno   20   0    8464   6620   2372 S  18.0   0.0   6:10.30 afl-fuzz

top - 00:29:44 up 93 days, 12:20,  6 users,  load average: 0.68, 0.65, 0.64
Tasks:   1 total,   1 running,   0 sleeping,   0 stopped,   0 zombie
%Cpu(s):  0.2 us,  0.6 sy,  0.0 ni, 99.2 id,  0.0 wa,  0.0 hi,  0.0 si,  0.0 st
MiB Mem : 128490.0 total,  40287.2 free,   6745.3 used,  81457.5 buff/cache
MiB Swap:   2048.0 total,   1980.0 free,     68.0 used. 119917.3 avail Mem 

    PID USER      PR  NI    VIRT    RES    SHR S  %CPU  %MEM     TIME+ COMMAND
1363575 23mUeno   20   0    8464   6620   2372 R  18.2   0.0   6:11.21 afl-fuzz

top - 00:29:49 up 93 days, 12:20,  6 users,  load average: 0.70, 0.65, 0.64
Tasks:   1 total,   0 running,   1 sleeping,   0 stopped,   0 zombie
%Cpu(s):  0.3 us,  0.5 sy,  0.0 ni, 99.3 id,  0.0 wa,  0.0 hi,  0.0 si,  0.0 st
MiB Mem : 128490.0 total,  40287.2 free,   6745.3 used,  81457.5 buff/cache
MiB Swap:   2048.0 total,   1980.0 free,     68.0 used. 119917.3 avail Mem 

    PID USER      PR  NI    VIRT    RES    SHR S  %CPU  %MEM     TIME+ COMMAND
1363575 23mUeno   20   0    8464   6620   2372 S  16.8   0.0   6:12.05 afl-fuzz

top - 00:29:54 up 93 days, 12:21,  6 users,  load average: 0.64, 0.64, 0.64
Tasks:   1 total,   0 running,   1 sleeping,   0 stopped,   0 zombie
%Cpu(s):  0.2 us,  0.4 sy,  0.0 ni, 99.3 id,  0.0 wa,  0.0 hi,  0.0 si,  0.0 st
MiB Mem : 128490.0 total,  40287.2 free,   6745.3 used,  81457.5 buff/cache
MiB Swap:   2048.0 total,   1980.0 free,     68.0 used. 119917.3 avail Mem 

    PID USER      PR  NI    VIRT    RES    SHR S  %CPU  %MEM     TIME+ COMMAND
1363575 23mUeno   20   0    8464   6620   2372 S  15.8   0.0   6:12.84 afl-fuzz

top - 00:29:59 up 93 days, 12:21,  6 users,  load average: 0.59, 0.63, 0.63
Tasks:   1 total,   0 running,   1 sleeping,   0 stopped,   0 zombie
%Cpu(s):  0.2 us,  0.5 sy,  0.0 ni, 99.3 id,  0.0 wa,  0.0 hi,  0.0 si,  0.0 st
MiB Mem : 128490.0 total,  40287.2 free,   6745.3 used,  81457.5 buff/cache
MiB Swap:   2048.0 total,   1980.0 free,     68.0 used. 119917.3 avail Mem 

    PID USER      PR  NI    VIRT    RES    SHR S  %CPU  %MEM     TIME+ COMMAND
1363575 23mUeno   20   0    8464   6620   2372 S  14.8   0.0   6:13.58 afl-fuzz

top - 00:30:04 up 93 days, 12:21,  6 users,  load average: 0.63, 0.64, 0.64
Tasks:   1 total,   0 running,   1 sleeping,   0 stopped,   0 zombie
%Cpu(s):  0.2 us,  0.5 sy,  0.0 ni, 99.2 id,  0.0 wa,  0.0 hi,  0.0 si,  0.0 st
MiB Mem : 128490.0 total,  40287.2 free,   6745.3 used,  81457.5 buff/cache
MiB Swap:   2048.0 total,   1980.0 free,     68.0 used. 119917.3 avail Mem 

    PID USER      PR  NI    VIRT    RES    SHR S  %CPU  %MEM     TIME+ COMMAND
1363575 23mUeno   20   0    8464   6620   2372 S  18.0   0.0   6:14.48 afl-fuzz

top - 00:30:09 up 93 days, 12:21,  6 users,  load average: 0.58, 0.63, 0.63
Tasks:   1 total,   0 running,   1 sleeping,   0 stopped,   0 zombie
%Cpu(s):  0.2 us,  0.5 sy,  0.0 ni, 99.3 id,  0.0 wa,  0.0 hi,  0.0 si,  0.0 st
MiB Mem : 128490.0 total,  40287.2 free,   6745.3 used,  81457.5 buff/cache
MiB Swap:   2048.0 total,   1980.0 free,     68.0 used. 119917.3 avail Mem 

    PID USER      PR  NI    VIRT    RES    SHR S  %CPU  %MEM     TIME+ COMMAND
1363575 23mUeno   20   0    8464   6620   2372 S  15.6   0.0   6:15.26 afl-fuzz

top - 00:30:14 up 93 days, 12:21,  6 users,  load average: 0.61, 0.63, 0.64
Tasks:   1 total,   0 running,   1 sleeping,   0 stopped,   0 zombie
%Cpu(s):  0.2 us,  0.5 sy,  0.0 ni, 99.3 id,  0.0 wa,  0.0 hi,  0.0 si,  0.0 st
MiB Mem : 128490.0 total,  40287.2 free,   6745.3 used,  81457.5 buff/cache
MiB Swap:   2048.0 total,   1980.0 free,     68.0 used. 119917.3 avail Mem 

    PID USER      PR  NI    VIRT    RES    SHR S  %CPU  %MEM     TIME+ COMMAND
1363575 23mUeno   20   0    8464   6620   2372 S  15.4   0.0   6:16.03 afl-fuzz

top - 00:30:19 up 93 days, 12:21,  6 users,  load average: 0.64, 0.64, 0.64
Tasks:   1 total,   0 running,   1 sleeping,   0 stopped,   0 zombie
%Cpu(s):  0.2 us,  0.5 sy,  0.0 ni, 99.2 id,  0.0 wa,  0.0 hi,  0.0 si,  0.0 st
MiB Mem : 128490.0 total,  40287.0 free,   6745.5 used,  81457.5 buff/cache
MiB Swap:   2048.0 total,   1980.0 free,     68.0 used. 119917.1 avail Mem 

    PID USER      PR  NI    VIRT    RES    SHR S  %CPU  %MEM     TIME+ COMMAND
1363575 23mUeno   20   0    8464   6620   2372 S  17.0   0.0   6:16.88 afl-fuzz

top - 00:30:24 up 93 days, 12:21,  6 users,  load average: 0.59, 0.63, 0.63
Tasks:   1 total,   1 running,   0 sleeping,   0 stopped,   0 zombie
%Cpu(s):  0.2 us,  0.5 sy,  0.0 ni, 99.3 id,  0.0 wa,  0.0 hi,  0.0 si,  0.0 st
MiB Mem : 128490.0 total,  40287.0 free,   6745.5 used,  81457.5 buff/cache
MiB Swap:   2048.0 total,   1980.0 free,     68.0 used. 119917.1 avail Mem 

    PID USER      PR  NI    VIRT    RES    SHR S  %CPU  %MEM     TIME+ COMMAND
1363575 23mUeno   20   0    8464   6620   2372 R  15.6   0.0   6:17.66 afl-fuzz

top - 00:30:29 up 93 days, 12:21,  6 users,  load average: 0.54, 0.62, 0.63
Tasks:   1 total,   0 running,   1 sleeping,   0 stopped,   0 zombie
%Cpu(s):  0.2 us,  0.3 sy,  0.0 ni, 99.5 id,  0.0 wa,  0.0 hi,  0.0 si,  0.0 st
MiB Mem : 128490.0 total,  40287.0 free,   6745.4 used,  81457.5 buff/cache
MiB Swap:   2048.0 total,   1980.0 free,     68.0 used. 119917.1 avail Mem 

    PID USER      PR  NI    VIRT    RES    SHR S  %CPU  %MEM     TIME+ COMMAND
1363575 23mUeno   20   0    8464   6720   2372 S  10.0   0.0   6:18.16 afl-fuzz

top - 00:30:34 up 93 days, 12:21,  6 users,  load average: 0.50, 0.61, 0.63
Tasks:   1 total,   0 running,   1 sleeping,   0 stopped,   0 zombie
%Cpu(s):  0.3 us,  0.3 sy,  0.0 ni, 99.4 id,  0.0 wa,  0.0 hi,  0.0 si,  0.0 st
MiB Mem : 128490.0 total,  40287.0 free,   6745.4 used,  81457.5 buff/cache
MiB Swap:   2048.0 total,   1980.0 free,     68.0 used. 119917.1 avail Mem 

    PID USER      PR  NI    VIRT    RES    SHR S  %CPU  %MEM     TIME+ COMMAND
1363575 23mUeno   20   0    8464   6720   2372 S  10.8   0.0   6:18.70 afl-fuzz

top - 00:30:39 up 93 days, 12:21,  6 users,  load average: 0.54, 0.61, 0.63
Tasks:   1 total,   0 running,   1 sleeping,   0 stopped,   0 zombie
%Cpu(s):  0.2 us,  0.3 sy,  0.0 ni, 99.4 id,  0.0 wa,  0.0 hi,  0.0 si,  0.0 st
MiB Mem : 128490.0 total,  40287.0 free,   6745.4 used,  81457.5 buff/cache
MiB Swap:   2048.0 total,   1980.0 free,     68.0 used. 119917.1 avail Mem 

    PID USER      PR  NI    VIRT    RES    SHR S  %CPU  %MEM     TIME+ COMMAND
1363575 23mUeno   20   0    8464   6720   2372 S  11.0   0.0   6:19.25 afl-fuzz

top - 00:30:44 up 93 days, 12:21,  6 users,  load average: 0.50, 0.60, 0.63
Tasks:   1 total,   0 running,   1 sleeping,   0 stopped,   0 zombie
%Cpu(s):  0.2 us,  0.3 sy,  0.0 ni, 99.5 id,  0.0 wa,  0.0 hi,  0.0 si,  0.0 st
MiB Mem : 128490.0 total,  40287.0 free,   6745.4 used,  81457.5 buff/cache
MiB Swap:   2048.0 total,   1980.0 free,     68.0 used. 119917.1 avail Mem 

    PID USER      PR  NI    VIRT    RES    SHR S  %CPU  %MEM     TIME+ COMMAND
1363575 23mUeno   20   0    8464   6720   2372 S  10.6   0.0   6:19.78 afl-fuzz

top - 00:30:49 up 93 days, 12:21,  6 users,  load average: 0.70, 0.64, 0.64
Tasks:   1 total,   1 running,   0 sleeping,   0 stopped,   0 zombie
%Cpu(s):  0.2 us,  0.3 sy,  0.0 ni, 99.5 id,  0.0 wa,  0.0 hi,  0.0 si,  0.0 st
MiB Mem : 128490.0 total,  40288.1 free,   6744.4 used,  81457.5 buff/cache
MiB Swap:   2048.0 total,   1980.0 free,     68.0 used. 119918.2 avail Mem 

    PID USER      PR  NI    VIRT    RES    SHR S  %CPU  %MEM     TIME+ COMMAND
1363575 23mUeno   20   0    7236   5520   2372 R  11.0   0.0   6:20.33 afl-fuzz

top - 00:30:54 up 93 days, 12:22,  6 users,  load average: 0.64, 0.63, 0.64
Tasks:   1 total,   0 running,   1 sleeping,   0 stopped,   0 zombie
%Cpu(s):  0.2 us,  0.3 sy,  0.0 ni, 99.5 id,  0.0 wa,  0.0 hi,  0.0 si,  0.0 st
MiB Mem : 128490.0 total,  40287.9 free,   6744.5 used,  81457.5 buff/cache
MiB Swap:   2048.0 total,   1980.0 free,     68.0 used. 119918.0 avail Mem 

    PID USER      PR  NI    VIRT    RES    SHR S  %CPU  %MEM     TIME+ COMMAND
1363575 23mUeno   20   0    7380   5616   2372 S   9.2   0.0   6:20.79 afl-fuzz

top - 00:30:59 up 93 days, 12:22,  6 users,  load average: 0.59, 0.62, 0.63
Tasks:   1 total,   1 running,   0 sleeping,   0 stopped,   0 zombie
%Cpu(s):  0.2 us,  0.3 sy,  0.0 ni, 99.4 id,  0.0 wa,  0.0 hi,  0.0 si,  0.0 st
MiB Mem : 128490.0 total,  40288.0 free,   6744.5 used,  81457.5 buff/cache
MiB Swap:   2048.0 total,   1980.0 free,     68.0 used. 119918.1 avail Mem 

    PID USER      PR  NI    VIRT    RES    SHR S  %CPU  %MEM     TIME+ COMMAND
1363575 23mUeno   20   0    7380   5616   2372 R  11.2   0.0   6:21.35 afl-fuzz

top - 00:31:04 up 93 days, 12:22,  6 users,  load average: 0.54, 0.61, 0.63
Tasks:   1 total,   0 running,   1 sleeping,   0 stopped,   0 zombie
%Cpu(s):  0.2 us,  0.4 sy,  0.0 ni, 99.4 id,  0.0 wa,  0.0 hi,  0.0 si,  0.0 st
MiB Mem : 128490.0 total,  40288.0 free,   6744.5 used,  81457.5 buff/cache
MiB Swap:   2048.0 total,   1980.0 free,     68.0 used. 119918.1 avail Mem 

    PID USER      PR  NI    VIRT    RES    SHR S  %CPU  %MEM     TIME+ COMMAND
1363575 23mUeno   20   0    7380   5616   2372 S  11.4   0.0   6:21.92 afl-fuzz

top - 00:31:09 up 93 days, 12:22,  6 users,  load average: 0.50, 0.60, 0.63
Tasks:   1 total,   0 running,   1 sleeping,   0 stopped,   0 zombie
%Cpu(s):  0.2 us,  0.4 sy,  0.0 ni, 99.4 id,  0.0 wa,  0.0 hi,  0.0 si,  0.0 st
MiB Mem : 128490.0 total,  40288.2 free,   6744.2 used,  81457.5 buff/cache
MiB Swap:   2048.0 total,   1980.0 free,     68.0 used. 119918.3 avail Mem 

    PID USER      PR  NI    VIRT    RES    SHR S  %CPU  %MEM     TIME+ COMMAND
1363575 23mUeno   20   0    7624   5780   2372 S  12.4   0.0   6:22.54 afl-fuzz

top - 00:31:14 up 93 days, 12:22,  6 users,  load average: 0.62, 0.62, 0.63
Tasks:   1 total,   1 running,   0 sleeping,   0 stopped,   0 zombie
%Cpu(s):  0.2 us,  0.4 sy,  0.0 ni, 99.4 id,  0.0 wa,  0.0 hi,  0.0 si,  0.0 st
MiB Mem : 128490.0 total,  40288.2 free,   6744.2 used,  81457.6 buff/cache
MiB Swap:   2048.0 total,   1980.0 free,     68.0 used. 119918.4 avail Mem 

    PID USER      PR  NI    VIRT    RES    SHR S  %CPU  %MEM     TIME+ COMMAND
1363575 23mUeno   20   0    7624   5780   2372 R  13.0   0.0   6:23.19 afl-fuzz

top - 00:31:19 up 93 days, 12:22,  6 users,  load average: 0.65, 0.63, 0.64
Tasks:   1 total,   0 running,   1 sleeping,   0 stopped,   0 zombie
%Cpu(s):  0.2 us,  0.3 sy,  0.0 ni, 99.5 id,  0.0 wa,  0.0 hi,  0.0 si,  0.0 st
MiB Mem : 128490.0 total,  40288.0 free,   6744.4 used,  81457.6 buff/cache
MiB Swap:   2048.0 total,   1980.0 free,     68.0 used. 119918.2 avail Mem 

    PID USER      PR  NI    VIRT    RES    SHR S  %CPU  %MEM     TIME+ COMMAND
1363575 23mUeno   20   0    7624   5780   2372 S  10.2   0.0   6:23.70 afl-fuzz

top - 00:31:24 up 93 days, 12:22,  6 users,  load average: 0.60, 0.62, 0.63
Tasks:   1 total,   0 running,   1 sleeping,   0 stopped,   0 zombie
%Cpu(s):  0.2 us,  0.4 sy,  0.0 ni, 99.4 id,  0.0 wa,  0.0 hi,  0.0 si,  0.0 st
MiB Mem : 128490.0 total,  40288.0 free,   6744.4 used,  81457.6 buff/cache
MiB Swap:   2048.0 total,   1980.0 free,     68.0 used. 119918.2 avail Mem 

    PID USER      PR  NI    VIRT    RES    SHR S  %CPU  %MEM     TIME+ COMMAND
1363575 23mUeno   20   0    7624   5780   2372 S  12.6   0.0   6:24.33 afl-fuzz

top - 00:31:29 up 93 days, 12:22,  6 users,  load average: 0.55, 0.61, 0.63
Tasks:   1 total,   0 running,   1 sleeping,   0 stopped,   0 zombie
%Cpu(s):  0.2 us,  0.4 sy,  0.0 ni, 99.4 id,  0.0 wa,  0.0 hi,  0.0 si,  0.0 st
MiB Mem : 128490.0 total,  40287.8 free,   6744.6 used,  81457.6 buff/cache
MiB Swap:   2048.0 total,   1980.0 free,     68.0 used. 119918.0 avail Mem 

    PID USER      PR  NI    VIRT    RES    SHR S  %CPU  %MEM     TIME+ COMMAND
1363575 23mUeno   20   0    7624   5780   2372 S  13.2   0.0   6:24.99 afl-fuzz

top - 00:31:34 up 93 days, 12:22,  6 users,  load average: 0.50, 0.60, 0.63
Tasks:   1 total,   0 running,   1 sleeping,   0 stopped,   0 zombie
%Cpu(s):  0.2 us,  0.4 sy,  0.0 ni, 99.3 id,  0.0 wa,  0.0 hi,  0.0 si,  0.0 st
MiB Mem : 128490.0 total,  40287.6 free,   6744.8 used,  81457.6 buff/cache
MiB Swap:   2048.0 total,   1980.0 free,     68.0 used. 119917.8 avail Mem 

    PID USER      PR  NI    VIRT    RES    SHR S  %CPU  %MEM     TIME+ COMMAND
1363575 23mUeno   20   0    7624   5780   2372 S  15.4   0.0   6:25.76 afl-fuzz

top - 00:31:39 up 93 days, 12:22,  6 users,  load average: 0.54, 0.61, 0.63
Tasks:   1 total,   0 running,   1 sleeping,   0 stopped,   0 zombie
%Cpu(s):  0.2 us,  0.3 sy,  0.0 ni, 99.4 id,  0.0 wa,  0.0 hi,  0.0 si,  0.0 st
MiB Mem : 128490.0 total,  40287.6 free,   6744.8 used,  81457.6 buff/cache
MiB Swap:   2048.0 total,   1980.0 free,     68.0 used. 119917.8 avail Mem 

    PID USER      PR  NI    VIRT    RES    SHR S  %CPU  %MEM     TIME+ COMMAND
1363575 23mUeno   20   0    7624   5780   2372 S  11.4   0.0   6:26.33 afl-fuzz

top - 00:31:44 up 93 days, 12:22,  6 users,  load average: 0.50, 0.60, 0.62
Tasks:   1 total,   0 running,   1 sleeping,   0 stopped,   0 zombie
%Cpu(s):  0.2 us,  0.4 sy,  0.0 ni, 99.4 id,  0.0 wa,  0.0 hi,  0.0 si,  0.0 st
MiB Mem : 128490.0 total,  40287.9 free,   6744.6 used,  81457.6 buff/cache
MiB Swap:   2048.0 total,   1980.0 free,     68.0 used. 119918.0 avail Mem 

    PID USER      PR  NI    VIRT    RES    SHR S  %CPU  %MEM     TIME+ COMMAND
1363575 23mUeno   20   0    7624   5780   2372 S  11.8   0.0   6:26.92 afl-fuzz

top - 00:31:49 up 93 days, 12:22,  6 users,  load average: 0.46, 0.59, 0.62
Tasks:   1 total,   0 running,   1 sleeping,   0 stopped,   0 zombie
%Cpu(s):  0.2 us,  0.3 sy,  0.0 ni, 99.4 id,  0.0 wa,  0.0 hi,  0.0 si,  0.0 st
MiB Mem : 128490.0 total,  40287.9 free,   6744.6 used,  81457.6 buff/cache
MiB Swap:   2048.0 total,   1980.0 free,     68.0 used. 119918.0 avail Mem 

    PID USER      PR  NI    VIRT    RES    SHR S  %CPU  %MEM     TIME+ COMMAND
1363575 23mUeno   20   0    7772   5928   2372 S  11.4   0.0   6:27.49 afl-fuzz

top - 00:31:54 up 93 days, 12:23,  6 users,  load average: 0.58, 0.61, 0.63
Tasks:   1 total,   1 running,   0 sleeping,   0 stopped,   0 zombie
%Cpu(s):  0.2 us,  0.4 sy,  0.0 ni, 99.4 id,  0.0 wa,  0.0 hi,  0.0 si,  0.0 st
MiB Mem : 128490.0 total,  40287.9 free,   6744.6 used,  81457.6 buff/cache
MiB Swap:   2048.0 total,   1980.0 free,     68.0 used. 119918.0 avail Mem 

    PID USER      PR  NI    VIRT    RES    SHR S  %CPU  %MEM     TIME+ COMMAND
1363575 23mUeno   20   0    7772   5928   2372 R  11.8   0.0   6:28.08 afl-fuzz

top - 00:31:59 up 93 days, 12:23,  6 users,  load average: 0.54, 0.60, 0.63
Tasks:   1 total,   0 running,   1 sleeping,   0 stopped,   0 zombie
%Cpu(s):  0.2 us,  0.4 sy,  0.0 ni, 99.4 id,  0.0 wa,  0.0 hi,  0.0 si,  0.0 st
MiB Mem : 128490.0 total,  40287.9 free,   6744.5 used,  81457.6 buff/cache
MiB Swap:   2048.0 total,   1980.0 free,     68.0 used. 119918.0 avail Mem 

    PID USER      PR  NI    VIRT    RES    SHR S  %CPU  %MEM     TIME+ COMMAND
1363575 23mUeno   20   0    7772   5928   2372 S  13.2   0.0   6:28.74 afl-fuzz

top - 00:32:04 up 93 days, 12:23,  6 users,  load average: 0.65, 0.62, 0.63
Tasks:   1 total,   0 running,   1 sleeping,   0 stopped,   0 zombie
%Cpu(s):  0.2 us,  0.3 sy,  0.0 ni, 99.5 id,  0.0 wa,  0.0 hi,  0.0 si,  0.0 st
MiB Mem : 128490.0 total,  40287.1 free,   6745.3 used,  81457.6 buff/cache
MiB Swap:   2048.0 total,   1980.0 free,     68.0 used. 119917.3 avail Mem 

    PID USER      PR  NI    VIRT    RES    SHR S  %CPU  %MEM     TIME+ COMMAND
1363575 23mUeno   20   0    8588   6744   2372 S   8.4   0.0   6:29.16 afl-fuzz

top - 00:32:09 up 93 days, 12:23,  6 users,  load average: 0.60, 0.61, 0.63
Tasks:   1 total,   1 running,   0 sleeping,   0 stopped,   0 zombie
%Cpu(s):  0.2 us,  0.3 sy,  0.0 ni, 99.5 id,  0.0 wa,  0.0 hi,  0.0 si,  0.0 st
MiB Mem : 128490.0 total,  40287.1 free,   6745.3 used,  81457.6 buff/cache
MiB Swap:   2048.0 total,   1980.0 free,     68.0 used. 119917.3 avail Mem 

    PID USER      PR  NI    VIRT    RES    SHR S  %CPU  %MEM     TIME+ COMMAND
1363575 23mUeno   20   0    8588   6744   2372 R   8.0   0.0   6:29.56 afl-fuzz

top - 00:32:14 up 93 days, 12:23,  6 users,  load average: 0.55, 0.60, 0.63
Tasks:   1 total,   0 running,   1 sleeping,   0 stopped,   0 zombie
%Cpu(s):  0.2 us,  0.3 sy,  0.0 ni, 99.5 id,  0.0 wa,  0.0 hi,  0.0 si,  0.0 st
MiB Mem : 128490.0 total,  40287.1 free,   6745.3 used,  81457.6 buff/cache
MiB Swap:   2048.0 total,   1980.0 free,     68.0 used. 119917.3 avail Mem 

    PID USER      PR  NI    VIRT    RES    SHR S  %CPU  %MEM     TIME+ COMMAND
1363575 23mUeno   20   0    8588   6744   2372 S  10.4   0.0   6:30.08 afl-fuzz

top - 00:32:19 up 93 days, 12:23,  6 users,  load average: 0.67, 0.63, 0.63
Tasks:   1 total,   0 running,   1 sleeping,   0 stopped,   0 zombie
%Cpu(s):  0.2 us,  0.2 sy,  0.0 ni, 99.5 id,  0.0 wa,  0.0 hi,  0.0 si,  0.0 st
MiB Mem : 128490.0 total,  40287.1 free,   6745.3 used,  81457.6 buff/cache
MiB Swap:   2048.0 total,   1980.0 free,     68.0 used. 119917.3 avail Mem 

    PID USER      PR  NI    VIRT    RES    SHR S  %CPU  %MEM     TIME+ COMMAND
1363575 23mUeno   20   0    8588   6744   2372 S   8.0   0.0   6:30.48 afl-fuzz

top - 00:32:24 up 93 days, 12:23,  6 users,  load average: 0.62, 0.61, 0.63
Tasks:   1 total,   0 running,   1 sleeping,   0 stopped,   0 zombie
%Cpu(s):  0.2 us,  0.3 sy,  0.0 ni, 99.5 id,  0.0 wa,  0.0 hi,  0.0 si,  0.0 st
MiB Mem : 128490.0 total,  40287.1 free,   6745.3 used,  81457.6 buff/cache
MiB Swap:   2048.0 total,   1980.0 free,     68.0 used. 119917.3 avail Mem 

    PID USER      PR  NI    VIRT    RES    SHR S  %CPU  %MEM     TIME+ COMMAND
1363575 23mUeno   20   0    8588   6744   2372 S   8.0   0.0   6:30.88 afl-fuzz

top - 00:32:29 up 93 days, 12:23,  6 users,  load average: 0.81, 0.65, 0.64
Tasks:   1 total,   0 running,   1 sleeping,   0 stopped,   0 zombie
%Cpu(s):  0.2 us,  0.3 sy,  0.0 ni, 99.5 id,  0.0 wa,  0.0 hi,  0.0 si,  0.0 st
MiB Mem : 128490.0 total,  40287.1 free,   6745.3 used,  81457.6 buff/cache
MiB Swap:   2048.0 total,   1980.0 free,     68.0 used. 119917.3 avail Mem 

    PID USER      PR  NI    VIRT    RES    SHR S  %CPU  %MEM     TIME+ COMMAND
1363575 23mUeno   20   0    8588   6744   2372 S   7.8   0.0   6:31.27 afl-fuzz

top - 00:32:34 up 93 days, 12:23,  6 users,  load average: 0.74, 0.64, 0.64
Tasks:   1 total,   1 running,   0 sleeping,   0 stopped,   0 zombie
%Cpu(s):  0.2 us,  0.5 sy,  0.0 ni, 99.2 id,  0.0 wa,  0.0 hi,  0.0 si,  0.0 st
MiB Mem : 128490.0 total,  40287.1 free,   6745.2 used,  81457.6 buff/cache
MiB Swap:   2048.0 total,   1980.0 free,     68.0 used. 119917.3 avail Mem 

    PID USER      PR  NI    VIRT    RES    SHR S  %CPU  %MEM     TIME+ COMMAND
1363575 23mUeno   20   0    8588   6744   2372 R  16.8   0.0   6:32.11 afl-fuzz

top - 00:32:39 up 93 days, 12:23,  6 users,  load average: 0.68, 0.63, 0.64
Tasks:   1 total,   0 running,   1 sleeping,   0 stopped,   0 zombie
%Cpu(s):  0.3 us,  0.6 sy,  0.0 ni, 99.1 id,  0.0 wa,  0.0 hi,  0.0 si,  0.0 st
MiB Mem : 128490.0 total,  40287.1 free,   6745.2 used,  81457.6 buff/cache
MiB Swap:   2048.0 total,   1980.0 free,     68.0 used. 119917.3 avail Mem 

    PID USER      PR  NI    VIRT    RES    SHR S  %CPU  %MEM     TIME+ COMMAND
1363575 23mUeno   20   0    8588   6744   2372 S  20.2   0.0   6:33.12 afl-fuzz

top - 00:32:44 up 93 days, 12:23,  6 users,  load average: 0.79, 0.66, 0.64
Tasks:   1 total,   0 running,   1 sleeping,   0 stopped,   0 zombie
%Cpu(s):  0.2 us,  0.6 sy,  0.0 ni, 99.1 id,  0.0 wa,  0.0 hi,  0.0 si,  0.0 st
MiB Mem : 128490.0 total,  40287.1 free,   6745.2 used,  81457.6 buff/cache
MiB Swap:   2048.0 total,   1980.0 free,     68.0 used. 119917.3 avail Mem 

    PID USER      PR  NI    VIRT    RES    SHR S  %CPU  %MEM     TIME+ COMMAND
1363575 23mUeno   20   0    8588   6744   2372 S  20.0   0.0   6:34.12 afl-fuzz

top - 00:32:49 up 93 days, 12:23,  6 users,  load average: 0.89, 0.68, 0.65
Tasks:   1 total,   0 running,   1 sleeping,   0 stopped,   0 zombie
%Cpu(s):  0.2 us,  0.5 sy,  0.0 ni, 99.2 id,  0.0 wa,  0.0 hi,  0.0 si,  0.0 st
MiB Mem : 128490.0 total,  40287.1 free,   6745.2 used,  81457.6 buff/cache
MiB Swap:   2048.0 total,   1980.0 free,     68.0 used. 119917.3 avail Mem 

    PID USER      PR  NI    VIRT    RES    SHR S  %CPU  %MEM     TIME+ COMMAND
1363575 23mUeno   20   0    8588   6744   2372 S  18.6   0.0   6:35.05 afl-fuzz

top - 00:32:54 up 93 days, 12:24,  6 users,  load average: 0.89, 0.68, 0.65
Tasks:   1 total,   0 running,   1 sleeping,   0 stopped,   0 zombie
%Cpu(s):  0.2 us,  0.5 sy,  0.0 ni, 99.2 id,  0.0 wa,  0.0 hi,  0.0 si,  0.0 st
MiB Mem : 128490.0 total,  40287.1 free,   6745.2 used,  81457.6 buff/cache
MiB Swap:   2048.0 total,   1980.0 free,     68.0 used. 119917.3 avail Mem 

    PID USER      PR  NI    VIRT    RES    SHR S  %CPU  %MEM     TIME+ COMMAND
1363575 23mUeno   20   0    8588   6744   2372 S  16.4   0.0   6:35.87 afl-fuzz

top - 00:32:59 up 93 days, 12:24,  6 users,  load average: 1.06, 0.72, 0.67
Tasks:   1 total,   1 running,   0 sleeping,   0 stopped,   0 zombie
%Cpu(s):  0.2 us,  0.5 sy,  0.0 ni, 99.3 id,  0.0 wa,  0.0 hi,  0.0 si,  0.0 st
MiB Mem : 128490.0 total,  40286.9 free,   6745.4 used,  81457.7 buff/cache
MiB Swap:   2048.0 total,   1980.0 free,     68.0 used. 119917.2 avail Mem 

    PID USER      PR  NI    VIRT    RES    SHR S  %CPU  %MEM     TIME+ COMMAND
1363575 23mUeno   20   0    8588   6744   2372 R  16.2   0.0   6:36.68 afl-fuzz

top - 00:33:04 up 93 days, 12:24,  6 users,  load average: 0.98, 0.71, 0.66
Tasks:   1 total,   0 running,   1 sleeping,   0 stopped,   0 zombie
%Cpu(s):  0.2 us,  0.4 sy,  0.0 ni, 99.3 id,  0.0 wa,  0.0 hi,  0.0 si,  0.0 st
MiB Mem : 128490.0 total,  40286.7 free,   6745.6 used,  81457.7 buff/cache
MiB Swap:   2048.0 total,   1980.0 free,     68.0 used. 119916.9 avail Mem 

    PID USER      PR  NI    VIRT    RES    SHR S  %CPU  %MEM     TIME+ COMMAND
1363575 23mUeno   20   0    8588   6744   2372 S  14.4   0.0   6:37.40 afl-fuzz

top - 00:33:09 up 93 days, 12:24,  6 users,  load average: 0.98, 0.71, 0.66
Tasks:   1 total,   1 running,   0 sleeping,   0 stopped,   0 zombie
%Cpu(s):  0.2 us,  0.4 sy,  0.0 ni, 99.3 id,  0.0 wa,  0.0 hi,  0.0 si,  0.0 st
MiB Mem : 128490.0 total,  40286.7 free,   6745.6 used,  81457.7 buff/cache
MiB Swap:   2048.0 total,   1980.0 free,     68.0 used. 119916.9 avail Mem 

    PID USER      PR  NI    VIRT    RES    SHR S  %CPU  %MEM     TIME+ COMMAND
1363575 23mUeno   20   0    8624   6744   2372 R  14.6   0.0   6:38.13 afl-fuzz

top - 00:33:14 up 93 days, 12:24,  6 users,  load average: 1.14, 0.75, 0.68
Tasks:   1 total,   0 running,   1 sleeping,   0 stopped,   0 zombie
%Cpu(s):  0.3 us,  0.5 sy,  0.0 ni, 99.3 id,  0.0 wa,  0.0 hi,  0.0 si,  0.0 st
MiB Mem : 128490.0 total,  40287.2 free,   6745.1 used,  81457.7 buff/cache
MiB Swap:   2048.0 total,   1980.0 free,     68.0 used. 119917.4 avail Mem 

    PID USER      PR  NI    VIRT    RES    SHR S  %CPU  %MEM     TIME+ COMMAND
1363575 23mUeno   20   0    8588   6744   2372 S  16.0   0.0   6:38.93 afl-fuzz

top - 00:33:19 up 93 days, 12:24,  6 users,  load average: 1.05, 0.74, 0.67
Tasks:   1 total,   0 running,   1 sleeping,   0 stopped,   0 zombie
%Cpu(s):  0.2 us,  0.5 sy,  0.0 ni, 99.3 id,  0.0 wa,  0.0 hi,  0.0 si,  0.0 st
MiB Mem : 128490.0 total,  40287.2 free,   6745.1 used,  81457.7 buff/cache
MiB Swap:   2048.0 total,   1980.0 free,     68.0 used. 119917.4 avail Mem 

    PID USER      PR  NI    VIRT    RES    SHR S  %CPU  %MEM     TIME+ COMMAND
1363575 23mUeno   20   0    8588   6744   2372 S  14.6   0.0   6:39.66 afl-fuzz

top - 00:33:24 up 93 days, 12:24,  6 users,  load average: 0.97, 0.73, 0.67
Tasks:   1 total,   0 running,   1 sleeping,   0 stopped,   0 zombie
%Cpu(s):  0.2 us,  0.4 sy,  0.0 ni, 99.4 id,  0.0 wa,  0.0 hi,  0.0 si,  0.0 st
MiB Mem : 128490.0 total,  40287.3 free,   6745.0 used,  81457.7 buff/cache
MiB Swap:   2048.0 total,   1980.0 free,     68.0 used. 119917.6 avail Mem 

    PID USER      PR  NI    VIRT    RES    SHR S  %CPU  %MEM     TIME+ COMMAND
1363575 23mUeno   20   0    8588   6744   2372 S  13.8   0.0   6:40.35 afl-fuzz

top - 00:33:29 up 93 days, 12:24,  6 users,  load average: 0.89, 0.72, 0.66
Tasks:   1 total,   0 running,   1 sleeping,   0 stopped,   0 zombie
%Cpu(s):  0.2 us,  0.4 sy,  0.0 ni, 99.4 id,  0.0 wa,  0.0 hi,  0.0 si,  0.0 st
MiB Mem : 128490.0 total,  40287.3 free,   6745.0 used,  81457.7 buff/cache
MiB Swap:   2048.0 total,   1980.0 free,     68.0 used. 119917.6 avail Mem 

    PID USER      PR  NI    VIRT    RES    SHR S  %CPU  %MEM     TIME+ COMMAND
1363575 23mUeno   20   0    8588   6744   2372 S  13.4   0.0   6:41.02 afl-fuzz

top - 00:33:34 up 93 days, 12:24,  6 users,  load average: 0.90, 0.72, 0.67
Tasks:   1 total,   0 running,   1 sleeping,   0 stopped,   0 zombie
%Cpu(s):  0.2 us,  0.4 sy,  0.0 ni, 99.4 id,  0.0 wa,  0.0 hi,  0.0 si,  0.0 st
MiB Mem : 128490.0 total,  40287.3 free,   6745.0 used,  81457.7 buff/cache
MiB Swap:   2048.0 total,   1980.0 free,     68.0 used. 119917.6 avail Mem 

    PID USER      PR  NI    VIRT    RES    SHR S  %CPU  %MEM     TIME+ COMMAND
1363575 23mUeno   20   0    8588   6744   2372 S  13.0   0.0   6:41.67 afl-fuzz

top - 00:33:39 up 93 days, 12:24,  6 users,  load average: 0.83, 0.71, 0.66
Tasks:   1 total,   1 running,   0 sleeping,   0 stopped,   0 zombie
%Cpu(s):  0.2 us,  0.5 sy,  0.0 ni, 99.3 id,  0.0 wa,  0.0 hi,  0.0 si,  0.0 st
MiB Mem : 128490.0 total,  40287.3 free,   6745.0 used,  81457.7 buff/cache
MiB Swap:   2048.0 total,   1980.0 free,     68.0 used. 119917.6 avail Mem 

    PID USER      PR  NI    VIRT    RES    SHR S  %CPU  %MEM     TIME+ COMMAND
1363575 23mUeno   20   0    8588   6744   2372 R  15.0   0.0   6:42.42 afl-fuzz

top - 00:33:44 up 93 days, 12:24,  6 users,  load average: 0.76, 0.70, 0.66
Tasks:   1 total,   0 running,   1 sleeping,   0 stopped,   0 zombie
%Cpu(s):  0.2 us,  0.3 sy,  0.0 ni, 99.4 id,  0.0 wa,  0.0 hi,  0.0 si,  0.0 st
MiB Mem : 128490.0 total,  40287.3 free,   6745.0 used,  81457.7 buff/cache
MiB Swap:   2048.0 total,   1980.0 free,     68.0 used. 119917.6 avail Mem 

    PID USER      PR  NI    VIRT    RES    SHR S  %CPU  %MEM     TIME+ COMMAND
1363575 23mUeno   20   0    8624   6744   2372 D  11.2   0.0   6:42.98 afl-fuzz

top - 00:33:49 up 93 days, 12:24,  6 users,  load average: 0.86, 0.72, 0.67
Tasks:   1 total,   0 running,   1 sleeping,   0 stopped,   0 zombie
%Cpu(s):  0.3 us,  0.4 sy,  0.0 ni, 99.3 id,  0.0 wa,  0.0 hi,  0.0 si,  0.0 st
MiB Mem : 128490.0 total,  40287.3 free,   6745.0 used,  81457.7 buff/cache
MiB Swap:   2048.0 total,   1980.0 free,     68.0 used. 119917.6 avail Mem 

    PID USER      PR  NI    VIRT    RES    SHR S  %CPU  %MEM     TIME+ COMMAND
1363575 23mUeno   20   0    8588   6744   2372 S  12.8   0.0   6:43.62 afl-fuzz

top - 00:33:54 up 93 days, 12:25,  6 users,  load average: 0.79, 0.71, 0.66
Tasks:   1 total,   0 running,   1 sleeping,   0 stopped,   0 zombie
%Cpu(s):  0.2 us,  0.5 sy,  0.0 ni, 99.3 id,  0.0 wa,  0.0 hi,  0.0 si,  0.0 st
MiB Mem : 128490.0 total,  40287.3 free,   6745.0 used,  81457.7 buff/cache
MiB Swap:   2048.0 total,   1980.0 free,     68.0 used. 119917.6 avail Mem 

    PID USER      PR  NI    VIRT    RES    SHR S  %CPU  %MEM     TIME+ COMMAND
1363575 23mUeno   20   0    8588   6744   2372 S  14.4   0.0   6:44.34 afl-fuzz

top - 00:33:59 up 93 days, 12:25,  6 users,  load average: 0.73, 0.69, 0.66
Tasks:   1 total,   0 running,   1 sleeping,   0 stopped,   0 zombie
%Cpu(s):  0.2 us,  0.3 sy,  0.0 ni, 99.5 id,  0.0 wa,  0.0 hi,  0.0 si,  0.0 st
MiB Mem : 128490.0 total,  40287.3 free,   6745.0 used,  81457.7 buff/cache
MiB Swap:   2048.0 total,   1980.0 free,     68.0 used. 119917.6 avail Mem 

    PID USER      PR  NI    VIRT    RES    SHR S  %CPU  %MEM     TIME+ COMMAND
1363575 23mUeno   20   0    8588   6744   2372 S   9.0   0.0   6:44.79 afl-fuzz

top - 00:34:04 up 93 days, 12:25,  6 users,  load average: 0.75, 0.70, 0.66
Tasks:   1 total,   0 running,   1 sleeping,   0 stopped,   0 zombie
%Cpu(s):  0.2 us,  0.3 sy,  0.0 ni, 99.5 id,  0.0 wa,  0.0 hi,  0.0 si,  0.0 st
MiB Mem : 128490.0 total,  40287.3 free,   6745.0 used,  81457.7 buff/cache
MiB Swap:   2048.0 total,   1980.0 free,     68.0 used. 119917.6 avail Mem 

    PID USER      PR  NI    VIRT    RES    SHR S  %CPU  %MEM     TIME+ COMMAND
1363575 23mUeno   20   0    8588   6744   2372 S   8.6   0.0   6:45.22 afl-fuzz

top - 00:34:09 up 93 days, 12:25,  6 users,  load average: 0.69, 0.69, 0.66
Tasks:   1 total,   0 running,   1 sleeping,   0 stopped,   0 zombie
%Cpu(s):  0.2 us,  0.3 sy,  0.0 ni, 99.5 id,  0.0 wa,  0.0 hi,  0.0 si,  0.0 st
MiB Mem : 128490.0 total,  40287.3 free,   6745.0 used,  81457.7 buff/cache
MiB Swap:   2048.0 total,   1980.0 free,     68.0 used. 119917.6 avail Mem 

    PID USER      PR  NI    VIRT    RES    SHR S  %CPU  %MEM     TIME+ COMMAND
1363575 23mUeno   20   0    8588   6744   2372 S  10.2   0.0   6:45.73 afl-fuzz

top - 00:34:14 up 93 days, 12:25,  6 users,  load average: 0.79, 0.71, 0.66
Tasks:   1 total,   0 running,   1 sleeping,   0 stopped,   0 zombie
%Cpu(s):  0.2 us,  0.3 sy,  0.0 ni, 99.5 id,  0.0 wa,  0.0 hi,  0.0 si,  0.0 st
MiB Mem : 128490.0 total,  40287.3 free,   6745.0 used,  81457.7 buff/cache
MiB Swap:   2048.0 total,   1980.0 free,     68.0 used. 119917.6 avail Mem 

    PID USER      PR  NI    VIRT    RES    SHR S  %CPU  %MEM     TIME+ COMMAND
1363575 23mUeno   20   0    8588   6744   2372 S   9.2   0.0   6:46.19 afl-fuzz

top - 00:34:19 up 93 days, 12:25,  6 users,  load average: 0.73, 0.70, 0.66
Tasks:   1 total,   0 running,   1 sleeping,   0 stopped,   0 zombie
%Cpu(s):  0.2 us,  0.4 sy,  0.0 ni, 99.4 id,  0.0 wa,  0.0 hi,  0.0 si,  0.0 st
MiB Mem : 128490.0 total,  40287.1 free,   6745.2 used,  81457.7 buff/cache
MiB Swap:   2048.0 total,   1980.0 free,     68.0 used. 119917.3 avail Mem 

    PID USER      PR  NI    VIRT    RES    SHR S  %CPU  %MEM     TIME+ COMMAND
1363575 23mUeno   20   0    8588   6744   2372 S  10.8   0.0   6:46.73 afl-fuzz

top - 00:34:24 up 93 days, 12:25,  6 users,  load average: 0.67, 0.69, 0.66
Tasks:   1 total,   0 running,   1 sleeping,   0 stopped,   0 zombie
%Cpu(s):  0.2 us,  0.3 sy,  0.0 ni, 99.5 id,  0.0 wa,  0.0 hi,  0.0 si,  0.0 st
MiB Mem : 128490.0 total,  40287.1 free,   6745.2 used,  81457.7 buff/cache
MiB Swap:   2048.0 total,   1980.0 free,     68.0 used. 119917.3 avail Mem 

    PID USER      PR  NI    VIRT    RES    SHR S  %CPU  %MEM     TIME+ COMMAND
1363575 23mUeno   20   0    8588   6744   2372 S   8.8   0.0   6:47.17 afl-fuzz

top - 00:34:29 up 93 days, 12:25,  6 users,  load average: 0.62, 0.67, 0.65
Tasks:   1 total,   0 running,   1 sleeping,   0 stopped,   0 zombie
%Cpu(s):  0.3 us,  0.5 sy,  0.0 ni, 99.3 id,  0.0 wa,  0.0 hi,  0.0 si,  0.0 st
MiB Mem : 128490.0 total,  40287.1 free,   6745.2 used,  81457.7 buff/cache
MiB Swap:   2048.0 total,   1980.0 free,     68.0 used. 119917.3 avail Mem 

    PID USER      PR  NI    VIRT    RES    SHR S  %CPU  %MEM     TIME+ COMMAND
1363575 23mUeno   20   0    8588   6744   2372 S  16.0   0.0   6:47.97 afl-fuzz

top - 00:34:34 up 93 days, 12:25,  6 users,  load average: 0.57, 0.66, 0.65
Tasks:   1 total,   0 running,   1 sleeping,   0 stopped,   0 zombie
%Cpu(s):  0.3 us,  0.6 sy,  0.0 ni, 99.1 id,  0.0 wa,  0.0 hi,  0.0 si,  0.0 st
MiB Mem : 128490.0 total,  40287.1 free,   6745.2 used,  81457.7 buff/cache
MiB Swap:   2048.0 total,   1980.0 free,     68.0 used. 119917.3 avail Mem 

    PID USER      PR  NI    VIRT    RES    SHR S  %CPU  %MEM     TIME+ COMMAND
1363575 23mUeno   20   0    8588   6744   2372 S  20.4   0.0   6:48.99 afl-fuzz

top - 00:34:39 up 93 days, 12:25,  6 users,  load average: 0.68, 0.68, 0.66
Tasks:   1 total,   0 running,   1 sleeping,   0 stopped,   0 zombie
%Cpu(s):  0.3 us,  0.6 sy,  0.0 ni, 99.1 id,  0.0 wa,  0.0 hi,  0.0 si,  0.0 st
MiB Mem : 128490.0 total,  40287.1 free,   6745.2 used,  81457.7 buff/cache
MiB Swap:   2048.0 total,   1980.0 free,     68.0 used. 119917.3 avail Mem 

    PID USER      PR  NI    VIRT    RES    SHR S  %CPU  %MEM     TIME+ COMMAND
1363575 23mUeno   20   0    8588   6744   2372 S  21.0   0.0   6:50.04 afl-fuzz

top - 00:34:44 up 93 days, 12:25,  6 users,  load average: 0.63, 0.67, 0.65
Tasks:   1 total,   1 running,   0 sleeping,   0 stopped,   0 zombie
%Cpu(s):  0.3 us,  0.6 sy,  0.0 ni, 99.1 id,  0.0 wa,  0.0 hi,  0.0 si,  0.0 st
MiB Mem : 128490.0 total,  40287.1 free,   6745.2 used,  81457.7 buff/cache
MiB Swap:   2048.0 total,   1980.0 free,     68.0 used. 119917.3 avail Mem 

    PID USER      PR  NI    VIRT    RES    SHR S  %CPU  %MEM     TIME+ COMMAND
1363575 23mUeno   20   0    8588   6744   2372 R  21.0   0.0   6:51.09 afl-fuzz

top - 00:34:49 up 93 days, 12:25,  6 users,  load average: 0.66, 0.68, 0.65
Tasks:   1 total,   0 running,   1 sleeping,   0 stopped,   0 zombie
%Cpu(s):  0.3 us,  0.6 sy,  0.0 ni, 99.1 id,  0.0 wa,  0.0 hi,  0.0 si,  0.0 st
MiB Mem : 128490.0 total,  40287.1 free,   6745.2 used,  81457.7 buff/cache
MiB Swap:   2048.0 total,   1980.0 free,     68.0 used. 119917.4 avail Mem 

    PID USER      PR  NI    VIRT    RES    SHR S  %CPU  %MEM     TIME+ COMMAND
1363575 23mUeno   20   0    8588   6744   2372 S  20.8   0.0   6:52.13 afl-fuzz

top - 00:34:54 up 93 days, 12:26,  6 users,  load average: 0.60, 0.67, 0.65
Tasks:   1 total,   0 running,   1 sleeping,   0 stopped,   0 zombie
%Cpu(s):  0.3 us,  0.6 sy,  0.0 ni, 99.1 id,  0.0 wa,  0.0 hi,  0.0 si,  0.0 st
MiB Mem : 128490.0 total,  40287.1 free,   6745.2 used,  81457.7 buff/cache
MiB Swap:   2048.0 total,   1980.0 free,     68.0 used. 119917.4 avail Mem 

    PID USER      PR  NI    VIRT    RES    SHR S  %CPU  %MEM     TIME+ COMMAND
1363575 23mUeno   20   0    8588   6744   2372 S  22.4   0.0   6:53.25 afl-fuzz

top - 00:34:59 up 93 days, 12:26,  6 users,  load average: 0.56, 0.66, 0.65
Tasks:   1 total,   0 running,   1 sleeping,   0 stopped,   0 zombie
%Cpu(s):  0.3 us,  0.6 sy,  0.0 ni, 99.1 id,  0.0 wa,  0.0 hi,  0.0 si,  0.0 st
MiB Mem : 128490.0 total,  40287.1 free,   6745.2 used,  81457.7 buff/cache
MiB Swap:   2048.0 total,   1980.0 free,     68.0 used. 119917.4 avail Mem 

    PID USER      PR  NI    VIRT    RES    SHR S  %CPU  %MEM     TIME+ COMMAND
1363575 23mUeno   20   0    8588   6744   2372 S  21.0   0.0   6:54.30 afl-fuzz

top - 00:35:04 up 93 days, 12:26,  6 users,  load average: 0.67, 0.68, 0.65
Tasks:   1 total,   0 running,   1 sleeping,   0 stopped,   0 zombie
%Cpu(s):  0.3 us,  0.6 sy,  0.0 ni, 99.1 id,  0.0 wa,  0.0 hi,  0.0 si,  0.0 st
MiB Mem : 128490.0 total,  40287.1 free,   6745.2 used,  81457.7 buff/cache
MiB Swap:   2048.0 total,   1980.0 free,     68.0 used. 119917.4 avail Mem 

    PID USER      PR  NI    VIRT    RES    SHR S  %CPU  %MEM     TIME+ COMMAND
1363575 23mUeno   20   0    8624   6744   2372 D  21.0   0.0   6:55.35 afl-fuzz

top - 00:35:09 up 93 days, 12:26,  6 users,  load average: 0.62, 0.67, 0.65
Tasks:   1 total,   0 running,   1 sleeping,   0 stopped,   0 zombie
%Cpu(s):  0.3 us,  0.7 sy,  0.0 ni, 99.0 id,  0.0 wa,  0.0 hi,  0.0 si,  0.0 st
MiB Mem : 128490.0 total,  40287.1 free,   6745.2 used,  81457.7 buff/cache
MiB Swap:   2048.0 total,   1980.0 free,     68.0 used. 119917.4 avail Mem 

    PID USER      PR  NI    VIRT    RES    SHR S  %CPU  %MEM     TIME+ COMMAND
1363575 23mUeno   20   0    8588   6744   2372 S  23.0   0.0   6:56.50 afl-fuzz

top - 00:35:14 up 93 days, 12:26,  6 users,  load average: 0.57, 0.66, 0.65
Tasks:   1 total,   0 running,   1 sleeping,   0 stopped,   0 zombie
%Cpu(s):  0.2 us,  0.6 sy,  0.0 ni, 99.2 id,  0.0 wa,  0.0 hi,  0.0 si,  0.0 st
MiB Mem : 128490.0 total,  40287.1 free,   6745.2 used,  81457.8 buff/cache
MiB Swap:   2048.0 total,   1980.0 free,     68.0 used. 119917.4 avail Mem 

    PID USER      PR  NI    VIRT    RES    SHR S  %CPU  %MEM     TIME+ COMMAND
1363575 23mUeno   20   0    8588   6744   2372 S  19.8   0.0   6:57.49 afl-fuzz

top - 00:35:19 up 93 days, 12:26,  6 users,  load average: 0.68, 0.68, 0.65
Tasks:   1 total,   0 running,   1 sleeping,   0 stopped,   0 zombie
%Cpu(s):  0.3 us,  0.6 sy,  0.0 ni, 99.1 id,  0.0 wa,  0.0 hi,  0.0 si,  0.0 st
MiB Mem : 128490.0 total,  40287.1 free,   6745.2 used,  81457.8 buff/cache
MiB Swap:   2048.0 total,   1980.0 free,     68.0 used. 119917.4 avail Mem 

    PID USER      PR  NI    VIRT    RES    SHR S  %CPU  %MEM     TIME+ COMMAND
1363575 23mUeno   20   0    8588   6744   2372 S  21.0   0.0   6:58.54 afl-fuzz

top - 00:35:24 up 93 days, 12:26,  6 users,  load average: 0.63, 0.67, 0.65
Tasks:   1 total,   0 running,   1 sleeping,   0 stopped,   0 zombie
%Cpu(s):  0.2 us,  0.5 sy,  0.0 ni, 99.3 id,  0.0 wa,  0.0 hi,  0.0 si,  0.0 st
MiB Mem : 128490.0 total,  40287.1 free,   6745.2 used,  81457.8 buff/cache
MiB Swap:   2048.0 total,   1980.0 free,     68.0 used. 119917.4 avail Mem 

    PID USER      PR  NI    VIRT    RES    SHR S  %CPU  %MEM     TIME+ COMMAND
1363575 23mUeno   20   0    8588   6744   2372 S  16.0   0.0   6:59.34 afl-fuzz

top - 00:35:29 up 93 days, 12:26,  6 users,  load average: 0.58, 0.66, 0.64
Tasks:   1 total,   0 running,   1 sleeping,   0 stopped,   0 zombie
%Cpu(s):  0.3 us,  0.5 sy,  0.0 ni, 99.2 id,  0.0 wa,  0.0 hi,  0.0 si,  0.0 st
MiB Mem : 128490.0 total,  40287.1 free,   6745.2 used,  81457.8 buff/cache
MiB Swap:   2048.0 total,   1980.0 free,     68.0 used. 119917.4 avail Mem 

    PID USER      PR  NI    VIRT    RES    SHR S  %CPU  %MEM     TIME+ COMMAND
1363575 23mUeno   20   0    8588   6744   2372 S  17.4   0.0   7:00.21 afl-fuzz

top - 00:35:34 up 93 days, 12:26,  6 users,  load average: 0.53, 0.64, 0.64
Tasks:   1 total,   0 running,   1 sleeping,   0 stopped,   0 zombie
%Cpu(s):  0.2 us,  0.4 sy,  0.0 ni, 99.4 id,  0.0 wa,  0.0 hi,  0.0 si,  0.0 st
MiB Mem : 128490.0 total,  40287.1 free,   6745.2 used,  81457.8 buff/cache
MiB Swap:   2048.0 total,   1980.0 free,     68.0 used. 119917.4 avail Mem 

    PID USER      PR  NI    VIRT    RES    SHR S  %CPU  %MEM     TIME+ COMMAND
1363575 23mUeno   20   0    8588   6744   2372 S  13.4   0.0   7:00.88 afl-fuzz

top - 00:35:39 up 93 days, 12:26,  6 users,  load average: 0.57, 0.65, 0.64
Tasks:   1 total,   0 running,   1 sleeping,   0 stopped,   0 zombie
%Cpu(s):  0.2 us,  0.5 sy,  0.0 ni, 99.3 id,  0.0 wa,  0.0 hi,  0.0 si,  0.0 st
MiB Mem : 128490.0 total,  40287.1 free,   6745.2 used,  81457.8 buff/cache
MiB Swap:   2048.0 total,   1980.0 free,     68.0 used. 119917.4 avail Mem 

    PID USER      PR  NI    VIRT    RES    SHR S  %CPU  %MEM     TIME+ COMMAND
1363575 23mUeno   20   0    8588   6744   2372 S  16.0   0.0   7:01.68 afl-fuzz

top - 00:35:44 up 93 days, 12:26,  6 users,  load average: 0.52, 0.64, 0.64
Tasks:   1 total,   0 running,   1 sleeping,   0 stopped,   0 zombie
%Cpu(s):  0.2 us,  0.4 sy,  0.0 ni, 99.4 id,  0.0 wa,  0.0 hi,  0.0 si,  0.0 st
MiB Mem : 128490.0 total,  40287.1 free,   6745.2 used,  81457.8 buff/cache
MiB Swap:   2048.0 total,   1980.0 free,     68.0 used. 119917.4 avail Mem 

    PID USER      PR  NI    VIRT    RES    SHR S  %CPU  %MEM     TIME+ COMMAND
1363575 23mUeno   20   0    8588   6744   2372 S  12.0   0.0   7:02.28 afl-fuzz

top - 00:35:49 up 93 days, 12:26,  6 users,  load average: 0.48, 0.63, 0.64
Tasks:   1 total,   0 running,   1 sleeping,   0 stopped,   0 zombie
%Cpu(s):  0.2 us,  0.3 sy,  0.0 ni, 99.4 id,  0.0 wa,  0.0 hi,  0.0 si,  0.0 st
MiB Mem : 128490.0 total,  40287.1 free,   6745.2 used,  81457.8 buff/cache
MiB Swap:   2048.0 total,   1980.0 free,     68.0 used. 119917.4 avail Mem 

    PID USER      PR  NI    VIRT    RES    SHR S  %CPU  %MEM     TIME+ COMMAND
1363575 23mUeno   20   0    8588   6744   2372 S   9.2   0.0   7:02.74 afl-fuzz

top - 00:35:54 up 93 days, 12:27,  6 users,  load average: 0.60, 0.65, 0.64
Tasks:   1 total,   0 running,   1 sleeping,   0 stopped,   0 zombie
%Cpu(s):  0.3 us,  0.4 sy,  0.0 ni, 99.3 id,  0.0 wa,  0.0 hi,  0.0 si,  0.0 st
MiB Mem : 128490.0 total,  40287.1 free,   6745.2 used,  81457.8 buff/cache
MiB Swap:   2048.0 total,   1980.0 free,     68.0 used. 119917.4 avail Mem 

    PID USER      PR  NI    VIRT    RES    SHR S  %CPU  %MEM     TIME+ COMMAND
1363575 23mUeno   20   0    8588   6744   2372 S  12.4   0.0   7:03.36 afl-fuzz

top - 00:35:59 up 93 days, 12:27,  6 users,  load average: 0.55, 0.64, 0.64
Tasks:   1 total,   0 running,   1 sleeping,   0 stopped,   0 zombie
%Cpu(s):  0.3 us,  0.3 sy,  0.0 ni, 99.4 id,  0.0 wa,  0.0 hi,  0.0 si,  0.0 st
MiB Mem : 128490.0 total,  40287.1 free,   6745.2 used,  81457.8 buff/cache
MiB Swap:   2048.0 total,   1980.0 free,     68.0 used. 119917.4 avail Mem 

    PID USER      PR  NI    VIRT    RES    SHR S  %CPU  %MEM     TIME+ COMMAND
1363575 23mUeno   20   0    8588   6744   2372 S   9.6   0.0   7:03.84 afl-fuzz

top - 00:36:04 up 93 days, 12:27,  6 users,  load average: 0.51, 0.63, 0.64
Tasks:   1 total,   1 running,   0 sleeping,   0 stopped,   0 zombie
%Cpu(s):  0.2 us,  0.3 sy,  0.0 ni, 99.5 id,  0.0 wa,  0.0 hi,  0.0 si,  0.0 st
MiB Mem : 128490.0 total,  40287.1 free,   6745.2 used,  81457.8 buff/cache
MiB Swap:   2048.0 total,   1980.0 free,     68.0 used. 119917.4 avail Mem 

    PID USER      PR  NI    VIRT    RES    SHR S  %CPU  %MEM     TIME+ COMMAND
1363575 23mUeno   20   0    8588   6744   2372 R   9.4   0.0   7:04.31 afl-fuzz

top - 00:36:09 up 93 days, 12:27,  6 users,  load average: 0.79, 0.69, 0.65
Tasks:   1 total,   0 running,   1 sleeping,   0 stopped,   0 zombie
%Cpu(s):  0.2 us,  0.3 sy,  0.0 ni, 99.4 id,  0.0 wa,  0.0 hi,  0.0 si,  0.0 st
MiB Mem : 128490.0 total,  40287.1 free,   6745.2 used,  81457.8 buff/cache
MiB Swap:   2048.0 total,   1980.0 free,     68.0 used. 119917.4 avail Mem 

    PID USER      PR  NI    VIRT    RES    SHR S  %CPU  %MEM     TIME+ COMMAND
1363575 23mUeno   20   0    8588   6744   2372 S  10.2   0.0   7:04.82 afl-fuzz

top - 00:36:14 up 93 days, 12:27,  6 users,  load average: 0.89, 0.71, 0.66
Tasks:   1 total,   0 running,   1 sleeping,   0 stopped,   0 zombie
%Cpu(s):  0.2 us,  0.5 sy,  0.0 ni, 99.3 id,  0.0 wa,  0.0 hi,  0.0 si,  0.0 st
MiB Mem : 128490.0 total,  40287.1 free,   6745.2 used,  81457.8 buff/cache
MiB Swap:   2048.0 total,   1980.0 free,     68.0 used. 119917.4 avail Mem 

    PID USER      PR  NI    VIRT    RES    SHR S  %CPU  %MEM     TIME+ COMMAND
1363575 23mUeno   20   0    8588   6744   2372 S  15.2   0.0   7:05.58 afl-fuzz

top - 00:36:19 up 93 days, 12:27,  6 users,  load average: 0.82, 0.70, 0.66
Tasks:   1 total,   0 running,   1 sleeping,   0 stopped,   0 zombie
%Cpu(s):  0.2 us,  0.4 sy,  0.0 ni, 99.4 id,  0.0 wa,  0.0 hi,  0.0 si,  0.0 st
MiB Mem : 128490.0 total,  40287.1 free,   6745.2 used,  81457.8 buff/cache
MiB Swap:   2048.0 total,   1980.0 free,     68.0 used. 119917.4 avail Mem 

    PID USER      PR  NI    VIRT    RES    SHR S  %CPU  %MEM     TIME+ COMMAND
1363575 23mUeno   20   0    8588   6744   2372 S  14.0   0.0   7:06.28 afl-fuzz

top - 00:36:24 up 93 days, 12:27,  6 users,  load average: 0.91, 0.72, 0.66
Tasks:   1 total,   0 running,   1 sleeping,   0 stopped,   0 zombie
%Cpu(s):  0.2 us,  0.4 sy,  0.0 ni, 99.4 id,  0.0 wa,  0.0 hi,  0.0 si,  0.0 st
MiB Mem : 128490.0 total,  40287.1 free,   6745.2 used,  81457.8 buff/cache
MiB Swap:   2048.0 total,   1980.0 free,     68.0 used. 119917.4 avail Mem 

    PID USER      PR  NI    VIRT    RES    SHR S  %CPU  %MEM     TIME+ COMMAND
1363575 23mUeno   20   0    8588   6744   2372 S  12.6   0.0   7:06.91 afl-fuzz

top - 00:36:29 up 93 days, 12:27,  6 users,  load average: 0.84, 0.70, 0.66
Tasks:   1 total,   0 running,   1 sleeping,   0 stopped,   0 zombie
%Cpu(s):  0.2 us,  0.4 sy,  0.0 ni, 99.4 id,  0.0 wa,  0.0 hi,  0.0 si,  0.0 st
MiB Mem : 128490.0 total,  40286.6 free,   6745.6 used,  81457.8 buff/cache
MiB Swap:   2048.0 total,   1980.0 free,     68.0 used. 119917.0 avail Mem 

    PID USER      PR  NI    VIRT    RES    SHR S  %CPU  %MEM     TIME+ COMMAND
1363575 23mUeno   20   0    8588   6744   2372 S  11.8   0.0   7:07.50 afl-fuzz

top - 00:36:34 up 93 days, 12:27,  6 users,  load average: 0.93, 0.73, 0.67
Tasks:   1 total,   0 running,   1 sleeping,   0 stopped,   0 zombie
%Cpu(s):  0.2 us,  0.4 sy,  0.0 ni, 99.4 id,  0.0 wa,  0.0 hi,  0.0 si,  0.0 st
MiB Mem : 128490.0 total,  40286.6 free,   6745.6 used,  81457.8 buff/cache
MiB Swap:   2048.0 total,   1980.0 free,     68.0 used. 119917.0 avail Mem 

    PID USER      PR  NI    VIRT    RES    SHR S  %CPU  %MEM     TIME+ COMMAND
1363575 23mUeno   20   0    8588   6744   2372 S  13.0   0.0   7:08.15 afl-fuzz

top - 00:36:39 up 93 days, 12:27,  6 users,  load average: 0.86, 0.71, 0.66
Tasks:   1 total,   1 running,   0 sleeping,   0 stopped,   0 zombie
%Cpu(s):  0.2 us,  0.3 sy,  0.0 ni, 99.5 id,  0.0 wa,  0.0 hi,  0.0 si,  0.0 st
MiB Mem : 128490.0 total,  40286.6 free,   6745.6 used,  81457.8 buff/cache
MiB Swap:   2048.0 total,   1980.0 free,     68.0 used. 119917.0 avail Mem 

    PID USER      PR  NI    VIRT    RES    SHR S  %CPU  %MEM     TIME+ COMMAND
1363575 23mUeno   20   0    8588   6744   2372 R   9.8   0.0   7:08.64 afl-fuzz

top - 00:36:44 up 93 days, 12:27,  6 users,  load average: 1.03, 0.75, 0.68
Tasks:   1 total,   0 running,   1 sleeping,   0 stopped,   0 zombie
%Cpu(s):  0.2 us,  0.3 sy,  0.0 ni, 99.4 id,  0.0 wa,  0.0 hi,  0.0 si,  0.0 st
MiB Mem : 128490.0 total,  40286.4 free,   6745.8 used,  81457.8 buff/cache
MiB Swap:   2048.0 total,   1980.0 free,     68.0 used. 119916.8 avail Mem 

    PID USER      PR  NI    VIRT    RES    SHR S  %CPU  %MEM     TIME+ COMMAND
1363575 23mUeno   20   0    8588   6744   2372 S  10.4   0.0   7:09.16 afl-fuzz

top - 00:36:49 up 93 days, 12:27,  6 users,  load average: 1.03, 0.76, 0.68
Tasks:   1 total,   0 running,   1 sleeping,   0 stopped,   0 zombie
%Cpu(s):  0.2 us,  0.4 sy,  0.0 ni, 99.4 id,  0.0 wa,  0.0 hi,  0.0 si,  0.0 st
MiB Mem : 128490.0 total,  40287.2 free,   6745.0 used,  81457.8 buff/cache
MiB Swap:   2048.0 total,   1980.0 free,     68.0 used. 119917.6 avail Mem 

    PID USER      PR  NI    VIRT    RES    SHR S  %CPU  %MEM     TIME+ COMMAND
1363575 23mUeno   20   0    7264   5548   2372 S  11.2   0.0   7:09.72 afl-fuzz

top - 00:36:54 up 93 days, 12:28,  6 users,  load average: 1.02, 0.76, 0.68
Tasks:   1 total,   0 running,   1 sleeping,   0 stopped,   0 zombie
%Cpu(s):  0.2 us,  0.3 sy,  0.0 ni, 99.5 id,  0.0 wa,  0.0 hi,  0.0 si,  0.0 st
MiB Mem : 128490.0 total,  40287.6 free,   6744.5 used,  81457.8 buff/cache
MiB Swap:   2048.0 total,   1980.0 free,     68.0 used. 119918.0 avail Mem 

    PID USER      PR  NI    VIRT    RES    SHR S  %CPU  %MEM     TIME+ COMMAND
1363575 23mUeno   20   0    7264   5548   2372 S   9.2   0.0   7:10.18 afl-fuzz

top - 00:36:59 up 93 days, 12:28,  6 users,  load average: 0.94, 0.75, 0.68
Tasks:   1 total,   0 running,   1 sleeping,   0 stopped,   0 zombie
%Cpu(s):  0.2 us,  0.3 sy,  0.0 ni, 99.5 id,  0.0 wa,  0.0 hi,  0.0 si,  0.0 st
MiB Mem : 128490.0 total,  40287.6 free,   6744.5 used,  81457.8 buff/cache
MiB Swap:   2048.0 total,   1980.0 free,     68.0 used. 119918.0 avail Mem 

    PID USER      PR  NI    VIRT    RES    SHR S  %CPU  %MEM     TIME+ COMMAND
1363575 23mUeno   20   0    7876   6032   2372 S   8.4   0.0   7:10.60 afl-fuzz

top - 00:37:04 up 93 days, 12:28,  6 users,  load average: 0.87, 0.74, 0.67
Tasks:   1 total,   0 running,   1 sleeping,   0 stopped,   0 zombie
%Cpu(s):  0.2 us,  0.3 sy,  0.0 ni, 99.5 id,  0.0 wa,  0.0 hi,  0.0 si,  0.0 st
MiB Mem : 128490.0 total,  40287.6 free,   6744.5 used,  81457.8 buff/cache
MiB Swap:   2048.0 total,   1980.0 free,     68.0 used. 119918.0 avail Mem 

    PID USER      PR  NI    VIRT    RES    SHR S  %CPU  %MEM     TIME+ COMMAND
1363575 23mUeno   20   0    7876   6032   2372 S   8.4   0.0   7:11.02 afl-fuzz

top - 00:37:09 up 93 days, 12:28,  6 users,  load average: 0.80, 0.72, 0.67
Tasks:   1 total,   0 running,   1 sleeping,   0 stopped,   0 zombie
%Cpu(s):  0.2 us,  0.3 sy,  0.0 ni, 99.5 id,  0.0 wa,  0.0 hi,  0.0 si,  0.0 st
MiB Mem : 128490.0 total,  40287.6 free,   6744.5 used,  81457.8 buff/cache
MiB Swap:   2048.0 total,   1980.0 free,     68.0 used. 119918.0 avail Mem 

    PID USER      PR  NI    VIRT    RES    SHR S  %CPU  %MEM     TIME+ COMMAND
1363575 23mUeno   20   0    7876   6032   2372 S   7.6   0.0   7:11.40 afl-fuzz

top - 00:37:14 up 93 days, 12:28,  6 users,  load average: 0.81, 0.73, 0.67
Tasks:   1 total,   0 running,   1 sleeping,   0 stopped,   0 zombie
%Cpu(s):  0.2 us,  0.4 sy,  0.0 ni, 99.4 id,  0.0 wa,  0.0 hi,  0.0 si,  0.0 st
MiB Mem : 128490.0 total,  40287.6 free,   6744.5 used,  81457.8 buff/cache
MiB Swap:   2048.0 total,   1980.0 free,     68.0 used. 119918.0 avail Mem 

    PID USER      PR  NI    VIRT    RES    SHR S  %CPU  %MEM     TIME+ COMMAND
1363575 23mUeno   20   0    7876   6032   2372 S  13.0   0.0   7:12.05 afl-fuzz

top - 00:37:19 up 93 days, 12:28,  6 users,  load average: 0.75, 0.72, 0.67
Tasks:   1 total,   1 running,   0 sleeping,   0 stopped,   0 zombie
%Cpu(s):  0.2 us,  0.5 sy,  0.0 ni, 99.3 id,  0.0 wa,  0.0 hi,  0.0 si,  0.0 st
MiB Mem : 128490.0 total,  40287.6 free,   6744.5 used,  81457.8 buff/cache
MiB Swap:   2048.0 total,   1980.0 free,     68.0 used. 119918.0 avail Mem 

    PID USER      PR  NI    VIRT    RES    SHR S  %CPU  %MEM     TIME+ COMMAND
1363575 23mUeno   20   0    7876   6032   2372 R  16.2   0.0   7:12.86 afl-fuzz

top - 00:37:24 up 93 days, 12:28,  6 users,  load average: 0.85, 0.74, 0.67
Tasks:   1 total,   0 running,   1 sleeping,   0 stopped,   0 zombie
%Cpu(s):  0.2 us,  0.5 sy,  0.0 ni, 99.3 id,  0.0 wa,  0.0 hi,  0.0 si,  0.0 st
MiB Mem : 128490.0 total,  40287.4 free,   6744.8 used,  81457.8 buff/cache
MiB Swap:   2048.0 total,   1980.0 free,     68.0 used. 119917.8 avail Mem 

    PID USER      PR  NI    VIRT    RES    SHR S  %CPU  %MEM     TIME+ COMMAND
1363575 23mUeno   20   0    7876   6032   2372 S  15.6   0.0   7:13.64 afl-fuzz

top - 00:37:29 up 93 days, 12:28,  6 users,  load average: 0.78, 0.72, 0.67
Tasks:   1 total,   1 running,   0 sleeping,   0 stopped,   0 zombie
%Cpu(s):  0.2 us,  0.5 sy,  0.0 ni, 99.3 id,  0.0 wa,  0.0 hi,  0.0 si,  0.0 st
MiB Mem : 128490.0 total,  40288.1 free,   6744.0 used,  81457.8 buff/cache
MiB Swap:   2048.0 total,   1980.0 free,     68.0 used. 119918.5 avail Mem 

    PID USER      PR  NI    VIRT    RES    SHR S  %CPU  %MEM     TIME+ COMMAND
1363575 23mUeno   20   0    7876   6032   2372 R  15.8   0.0   7:14.43 afl-fuzz

top - 00:37:34 up 93 days, 12:28,  6 users,  load average: 0.80, 0.73, 0.67
Tasks:   1 total,   0 running,   1 sleeping,   0 stopped,   0 zombie
%Cpu(s):  0.2 us,  0.5 sy,  0.0 ni, 99.2 id,  0.0 wa,  0.0 hi,  0.0 si,  0.0 st
MiB Mem : 128490.0 total,  40287.9 free,   6744.3 used,  81457.8 buff/cache
MiB Swap:   2048.0 total,   1980.0 free,     68.0 used. 119918.3 avail Mem 

    PID USER      PR  NI    VIRT    RES    SHR S  %CPU  %MEM     TIME+ COMMAND
1363575 23mUeno   20   0    7876   6032   2372 S  17.2   0.0   7:15.29 afl-fuzz

top - 00:37:39 up 93 days, 12:28,  6 users,  load average: 0.81, 0.73, 0.67
Tasks:   1 total,   0 running,   1 sleeping,   0 stopped,   0 zombie
%Cpu(s):  0.2 us,  0.4 sy,  0.0 ni, 99.3 id,  0.0 wa,  0.0 hi,  0.0 si,  0.0 st
MiB Mem : 128490.0 total,  40287.9 free,   6744.3 used,  81457.8 buff/cache
MiB Swap:   2048.0 total,   1980.0 free,     68.0 used. 119918.3 avail Mem 

    PID USER      PR  NI    VIRT    RES    SHR S  %CPU  %MEM     TIME+ COMMAND
1363575 23mUeno   20   0    7876   6032   2372 S  13.2   0.0   7:15.95 afl-fuzz

top - 00:37:44 up 93 days, 12:28,  6 users,  load average: 0.83, 0.74, 0.68
Tasks:   1 total,   0 running,   1 sleeping,   0 stopped,   0 zombie
%Cpu(s):  0.2 us,  0.4 sy,  0.0 ni, 99.4 id,  0.0 wa,  0.0 hi,  0.0 si,  0.0 st
MiB Mem : 128490.0 total,  40287.9 free,   6744.3 used,  81457.8 buff/cache
MiB Swap:   2048.0 total,   1980.0 free,     68.0 used. 119918.3 avail Mem 

    PID USER      PR  NI    VIRT    RES    SHR S  %CPU  %MEM     TIME+ COMMAND
1363575 23mUeno   20   0    7876   6032   2372 S  12.0   0.0   7:16.55 afl-fuzz

top - 00:37:49 up 93 days, 12:28,  6 users,  load average: 0.76, 0.73, 0.67
Tasks:   1 total,   0 running,   1 sleeping,   0 stopped,   0 zombie
%Cpu(s):  0.2 us,  0.4 sy,  0.0 ni, 99.4 id,  0.0 wa,  0.0 hi,  0.0 si,  0.0 st
MiB Mem : 128490.0 total,  40287.9 free,   6744.3 used,  81457.8 buff/cache
MiB Swap:   2048.0 total,   1980.0 free,     68.0 used. 119918.3 avail Mem 

    PID USER      PR  NI    VIRT    RES    SHR S  %CPU  %MEM     TIME+ COMMAND
1363575 23mUeno   20   0    7876   6032   2372 S  13.0   0.0   7:17.20 afl-fuzz

top - 00:37:54 up 93 days, 12:29,  6 users,  load average: 0.94, 0.77, 0.68
Tasks:   1 total,   0 running,   1 sleeping,   0 stopped,   0 zombie
%Cpu(s):  0.2 us,  0.5 sy,  0.0 ni, 99.3 id,  0.0 wa,  0.0 hi,  0.0 si,  0.0 st
MiB Mem : 128490.0 total,  40288.5 free,   6743.7 used,  81457.8 buff/cache
MiB Swap:   2048.0 total,   1980.0 free,     68.0 used. 119918.9 avail Mem 

    PID USER      PR  NI    VIRT    RES    SHR S  %CPU  %MEM     TIME+ COMMAND
1363575 23mUeno   20   0    7448   5720   2372 S  16.8   0.0   7:18.04 afl-fuzz

top - 00:37:59 up 93 days, 12:29,  6 users,  load average: 1.03, 0.79, 0.69
Tasks:   1 total,   0 running,   1 sleeping,   0 stopped,   0 zombie
%Cpu(s):  0.2 us,  0.4 sy,  0.0 ni, 99.3 id,  0.0 wa,  0.0 hi,  0.0 si,  0.0 st
MiB Mem : 128490.0 total,  40288.5 free,   6743.7 used,  81457.8 buff/cache
MiB Swap:   2048.0 total,   1980.0 free,     68.0 used. 119918.9 avail Mem 

    PID USER      PR  NI    VIRT    RES    SHR S  %CPU  %MEM     TIME+ COMMAND
1363575 23mUeno   20   0    7448   5720   2372 S  14.4   0.0   7:18.76 afl-fuzz

top - 00:38:04 up 93 days, 12:29,  6 users,  load average: 1.10, 0.81, 0.70
Tasks:   1 total,   1 running,   0 sleeping,   0 stopped,   0 zombie
%Cpu(s):  0.2 us,  0.4 sy,  0.0 ni, 99.4 id,  0.0 wa,  0.0 hi,  0.0 si,  0.0 st
MiB Mem : 128490.0 total,  40288.2 free,   6743.9 used,  81457.8 buff/cache
MiB Swap:   2048.0 total,   1980.0 free,     68.0 used. 119918.6 avail Mem 

    PID USER      PR  NI    VIRT    RES    SHR S  %CPU  %MEM     TIME+ COMMAND
1363575 23mUeno   20   0    7448   5720   2372 R  12.4   0.0   7:19.38 afl-fuzz

top - 00:38:09 up 93 days, 12:29,  6 users,  load average: 1.02, 0.79, 0.70
Tasks:   1 total,   0 running,   1 sleeping,   0 stopped,   0 zombie
%Cpu(s):  0.3 us,  0.2 sy,  0.0 ni, 99.5 id,  0.0 wa,  0.0 hi,  0.0 si,  0.0 st
MiB Mem : 128490.0 total,  40288.3 free,   6743.9 used,  81457.8 buff/cache
MiB Swap:   2048.0 total,   1980.0 free,     68.0 used. 119918.7 avail Mem 

    PID USER      PR  NI    VIRT    RES    SHR S  %CPU  %MEM     TIME+ COMMAND
1363575 23mUeno   20   0    7448   5720   2372 S   6.2   0.0   7:19.69 afl-fuzz

top - 00:38:14 up 93 days, 12:29,  6 users,  load average: 1.10, 0.81, 0.70
Tasks:   1 total,   0 running,   1 sleeping,   0 stopped,   0 zombie
%Cpu(s):  0.2 us,  0.1 sy,  0.0 ni, 99.7 id,  0.0 wa,  0.0 hi,  0.0 si,  0.0 st
MiB Mem : 128490.0 total,  40288.3 free,   6743.9 used,  81457.8 buff/cache
MiB Swap:   2048.0 total,   1980.0 free,     68.0 used. 119918.7 avail Mem 

    PID USER      PR  NI    VIRT    RES    SHR S  %CPU  %MEM     TIME+ COMMAND
1363575 23mUeno   20   0    7448   5720   2372 S   1.6   0.0   7:19.77 afl-fuzz

top - 00:38:19 up 93 days, 12:29,  6 users,  load average: 1.09, 0.82, 0.70
Tasks:   1 total,   0 running,   1 sleeping,   0 stopped,   0 zombie
%Cpu(s):  0.2 us,  0.1 sy,  0.0 ni, 99.7 id,  0.0 wa,  0.0 hi,  0.0 si,  0.0 st
MiB Mem : 128490.0 total,  40288.3 free,   6743.9 used,  81457.8 buff/cache
MiB Swap:   2048.0 total,   1980.0 free,     68.0 used. 119918.7 avail Mem 

    PID USER      PR  NI    VIRT    RES    SHR S  %CPU  %MEM     TIME+ COMMAND
1363575 23mUeno   20   0    7448   5720   2372 S   1.8   0.0   7:19.86 afl-fuzz

top - 00:38:24 up 93 days, 12:29,  6 users,  load average: 1.00, 0.80, 0.70
Tasks:   1 total,   0 running,   1 sleeping,   0 stopped,   0 zombie
%Cpu(s):  0.2 us,  0.1 sy,  0.0 ni, 99.7 id,  0.0 wa,  0.0 hi,  0.0 si,  0.0 st
MiB Mem : 128490.0 total,  40288.3 free,   6743.9 used,  81457.8 buff/cache
MiB Swap:   2048.0 total,   1980.0 free,     68.0 used. 119918.7 avail Mem 

    PID USER      PR  NI    VIRT    RES    SHR S  %CPU  %MEM     TIME+ COMMAND
1363575 23mUeno   20   0    7448   5720   2372 S   1.6   0.0   7:19.94 afl-fuzz

top - 00:38:29 up 93 days, 12:29,  6 users,  load average: 1.00, 0.81, 0.70
Tasks:   1 total,   0 running,   1 sleeping,   0 stopped,   0 zombie
%Cpu(s):  0.2 us,  0.1 sy,  0.0 ni, 99.7 id,  0.0 wa,  0.0 hi,  0.0 si,  0.0 st
MiB Mem : 128490.0 total,  40288.3 free,   6743.9 used,  81457.8 buff/cache
MiB Swap:   2048.0 total,   1980.0 free,     68.0 used. 119918.7 avail Mem 

    PID USER      PR  NI    VIRT    RES    SHR S  %CPU  %MEM     TIME+ COMMAND
1363575 23mUeno   20   0    7448   5720   2372 S   1.6   0.0   7:20.02 afl-fuzz

top - 00:38:34 up 93 days, 12:29,  6 users,  load average: 1.00, 0.81, 0.70
Tasks:   1 total,   0 running,   1 sleeping,   0 stopped,   0 zombie
%Cpu(s):  0.2 us,  0.1 sy,  0.0 ni, 99.7 id,  0.0 wa,  0.0 hi,  0.0 si,  0.0 st
MiB Mem : 128490.0 total,  40288.3 free,   6743.9 used,  81457.8 buff/cache
MiB Swap:   2048.0 total,   1980.0 free,     68.0 used. 119918.7 avail Mem 

    PID USER      PR  NI    VIRT    RES    SHR S  %CPU  %MEM     TIME+ COMMAND
1363575 23mUeno   20   0    7448   5720   2372 S   2.0   0.0   7:20.12 afl-fuzz

top - 00:38:39 up 93 days, 12:29,  6 users,  load average: 1.08, 0.83, 0.71
Tasks:   1 total,   0 running,   1 sleeping,   0 stopped,   0 zombie
%Cpu(s):  0.2 us,  0.1 sy,  0.0 ni, 99.7 id,  0.0 wa,  0.0 hi,  0.0 si,  0.0 st
MiB Mem : 128490.0 total,  40288.3 free,   6743.9 used,  81457.8 buff/cache
MiB Swap:   2048.0 total,   1980.0 free,     68.0 used. 119918.7 avail Mem 

    PID USER      PR  NI    VIRT    RES    SHR S  %CPU  %MEM     TIME+ COMMAND
1363575 23mUeno   20   0    7448   5720   2372 S   1.6   0.0   7:20.20 afl-fuzz

top - 00:38:44 up 93 days, 12:29,  6 users,  load average: 0.99, 0.82, 0.71
Tasks:   1 total,   0 running,   1 sleeping,   0 stopped,   0 zombie
%Cpu(s):  0.2 us,  0.1 sy,  0.0 ni, 99.7 id,  0.0 wa,  0.0 hi,  0.0 si,  0.0 st
MiB Mem : 128490.0 total,  40288.0 free,   6744.1 used,  81457.8 buff/cache
MiB Swap:   2048.0 total,   1980.0 free,     68.0 used. 119918.4 avail Mem 

    PID USER      PR  NI    VIRT    RES    SHR S  %CPU  %MEM     TIME+ COMMAND
1363575 23mUeno   20   0    7448   5720   2372 S   1.6   0.0   7:20.28 afl-fuzz

top - 00:38:49 up 93 days, 12:29,  6 users,  load average: 0.99, 0.82, 0.71
Tasks:   1 total,   0 running,   1 sleeping,   0 stopped,   0 zombie
%Cpu(s):  0.2 us,  0.1 sy,  0.0 ni, 99.7 id,  0.0 wa,  0.0 hi,  0.0 si,  0.0 st
MiB Mem : 128490.0 total,  40288.0 free,   6744.1 used,  81457.8 buff/cache
MiB Swap:   2048.0 total,   1980.0 free,     68.0 used. 119918.4 avail Mem 

    PID USER      PR  NI    VIRT    RES    SHR S  %CPU  %MEM     TIME+ COMMAND
1363575 23mUeno   20   0    7448   5720   2372 S   1.6   0.0   7:20.36 afl-fuzz

top - 00:38:54 up 93 days, 12:30,  6 users,  load average: 0.91, 0.81, 0.71
Tasks:   1 total,   0 running,   1 sleeping,   0 stopped,   0 zombie
%Cpu(s):  0.2 us,  0.1 sy,  0.0 ni, 99.7 id,  0.0 wa,  0.0 hi,  0.0 si,  0.0 st
MiB Mem : 128490.0 total,  40288.0 free,   6744.1 used,  81457.8 buff/cache
MiB Swap:   2048.0 total,   1980.0 free,     68.0 used. 119918.4 avail Mem 

    PID USER      PR  NI    VIRT    RES    SHR S  %CPU  %MEM     TIME+ COMMAND
1363575 23mUeno   20   0    7448   5720   2372 S   1.6   0.0   7:20.44 afl-fuzz

top - 00:38:59 up 93 days, 12:30,  6 users,  load average: 0.84, 0.79, 0.70
Tasks:   1 total,   1 running,   0 sleeping,   0 stopped,   0 zombie
%Cpu(s):  0.2 us,  0.1 sy,  0.0 ni, 99.7 id,  0.0 wa,  0.0 hi,  0.0 si,  0.0 st
MiB Mem : 128490.0 total,  40288.0 free,   6744.1 used,  81457.9 buff/cache
MiB Swap:   2048.0 total,   1980.0 free,     68.0 used. 119918.4 avail Mem 

    PID USER      PR  NI    VIRT    RES    SHR S  %CPU  %MEM     TIME+ COMMAND
1363575 23mUeno   20   0    7448   5720   2372 R   1.8   0.0   7:20.53 afl-fuzz

top - 00:39:04 up 93 days, 12:30,  6 users,  load average: 0.77, 0.78, 0.70
Tasks:   1 total,   1 running,   0 sleeping,   0 stopped,   0 zombie
%Cpu(s):  0.3 us,  0.5 sy,  0.0 ni, 99.3 id,  0.0 wa,  0.0 hi,  0.0 si,  0.0 st
MiB Mem : 128490.0 total,  40283.2 free,   6749.0 used,  81457.9 buff/cache
MiB Swap:   2048.0 total,   1980.0 free,     68.0 used. 119913.6 avail Mem 

    PID USER      PR  NI    VIRT    RES    SHR S  %CPU  %MEM     TIME+ COMMAND
1363575 23mUeno   20   0    7448   5720   2372 R  14.6   0.0   7:21.26 afl-fuzz

top - 00:39:09 up 93 days, 12:30,  6 users,  load average: 0.95, 0.82, 0.71
Tasks:   1 total,   1 running,   0 sleeping,   0 stopped,   0 zombie
%Cpu(s):  0.4 us,  0.8 sy,  0.0 ni, 98.8 id,  0.0 wa,  0.0 hi,  0.0 si,  0.0 st
MiB Mem : 128490.0 total,  40283.4 free,   6748.7 used,  81457.9 buff/cache
MiB Swap:   2048.0 total,   1980.0 free,     68.0 used. 119913.9 avail Mem 

    PID USER      PR  NI    VIRT    RES    SHR S  %CPU  %MEM     TIME+ COMMAND
1363575 23mUeno   20   0    7692   5848   2372 R  31.9   0.0   7:22.86 afl-fuzz

top - 00:39:14 up 93 days, 12:30,  6 users,  load average: 0.96, 0.82, 0.71
Tasks:   1 total,   1 running,   0 sleeping,   0 stopped,   0 zombie
%Cpu(s):  0.4 us,  0.8 sy,  0.0 ni, 98.8 id,  0.0 wa,  0.0 hi,  0.0 si,  0.0 st
MiB Mem : 128490.0 total,  40283.4 free,   6748.7 used,  81457.9 buff/cache
MiB Swap:   2048.0 total,   1980.0 free,     68.0 used. 119913.9 avail Mem 

    PID USER      PR  NI    VIRT    RES    SHR S  %CPU  %MEM     TIME+ COMMAND
1363575 23mUeno   20   0    7880   6036   2372 R  31.8   0.0   7:24.45 afl-fuzz

top - 00:39:19 up 93 days, 12:30,  6 users,  load average: 1.12, 0.86, 0.73
Tasks:   1 total,   0 running,   1 sleeping,   0 stopped,   0 zombie
%Cpu(s):  0.2 us,  0.6 sy,  0.0 ni, 99.1 id,  0.0 wa,  0.0 hi,  0.0 si,  0.0 st
MiB Mem : 128490.0 total,  40283.4 free,   6748.7 used,  81457.9 buff/cache
MiB Swap:   2048.0 total,   1980.0 free,     68.0 used. 119913.9 avail Mem 

    PID USER      PR  NI    VIRT    RES    SHR S  %CPU  %MEM     TIME+ COMMAND
1363575 23mUeno   20   0    7880   6036   2372 S  21.2   0.0   7:25.51 afl-fuzz

top - 00:39:24 up 93 days, 12:30,  6 users,  load average: 1.03, 0.84, 0.72
Tasks:   1 total,   0 running,   1 sleeping,   0 stopped,   0 zombie
%Cpu(s):  0.2 us,  0.5 sy,  0.0 ni, 99.3 id,  0.0 wa,  0.0 hi,  0.0 si,  0.0 st
MiB Mem : 128490.0 total,  40283.4 free,   6748.7 used,  81457.9 buff/cache
MiB Swap:   2048.0 total,   1980.0 free,     68.0 used. 119913.9 avail Mem 

    PID USER      PR  NI    VIRT    RES    SHR S  %CPU  %MEM     TIME+ COMMAND
1363575 23mUeno   20   0    7880   6036   2372 S  15.8   0.0   7:26.30 afl-fuzz

top - 00:39:29 up 93 days, 12:30,  6 users,  load average: 0.95, 0.83, 0.72
Tasks:   1 total,   0 running,   1 sleeping,   0 stopped,   0 zombie
%Cpu(s):  0.2 us,  0.5 sy,  0.0 ni, 99.3 id,  0.0 wa,  0.0 hi,  0.0 si,  0.0 st
MiB Mem : 128490.0 total,  40283.4 free,   6748.7 used,  81457.9 buff/cache
MiB Swap:   2048.0 total,   1980.0 free,     68.0 used. 119913.9 avail Mem 

    PID USER      PR  NI    VIRT    RES    SHR S  %CPU  %MEM     TIME+ COMMAND
1363575 23mUeno   20   0    7880   6036   2372 S  16.8   0.0   7:27.14 afl-fuzz

top - 00:39:34 up 93 days, 12:30,  6 users,  load average: 1.03, 0.85, 0.73
Tasks:   1 total,   0 running,   1 sleeping,   0 stopped,   0 zombie
%Cpu(s):  0.2 us,  0.5 sy,  0.0 ni, 99.3 id,  0.0 wa,  0.0 hi,  0.0 si,  0.0 st
MiB Mem : 128490.0 total,  40283.4 free,   6748.7 used,  81457.9 buff/cache
MiB Swap:   2048.0 total,   1980.0 free,     68.0 used. 119913.9 avail Mem 

    PID USER      PR  NI    VIRT    RES    SHR S  %CPU  %MEM     TIME+ COMMAND
1363575 23mUeno   20   0    7880   6036   2372 S  16.2   0.0   7:27.95 afl-fuzz

top - 00:39:39 up 93 days, 12:30,  6 users,  load average: 0.95, 0.83, 0.72
Tasks:   1 total,   0 running,   1 sleeping,   0 stopped,   0 zombie
%Cpu(s):  0.2 us,  0.4 sy,  0.0 ni, 99.4 id,  0.0 wa,  0.0 hi,  0.0 si,  0.0 st
MiB Mem : 128490.0 total,  40283.2 free,   6748.9 used,  81457.9 buff/cache
MiB Swap:   2048.0 total,   1980.0 free,     68.0 used. 119913.7 avail Mem 

    PID USER      PR  NI    VIRT    RES    SHR S  %CPU  %MEM     TIME+ COMMAND
1363575 23mUeno   20   0    7880   6036   2372 S  14.4   0.0   7:28.67 afl-fuzz

top - 00:39:44 up 93 days, 12:30,  6 users,  load average: 0.87, 0.82, 0.72
Tasks:   1 total,   0 running,   1 sleeping,   0 stopped,   0 zombie
%Cpu(s):  0.2 us,  0.5 sy,  0.0 ni, 99.3 id,  0.0 wa,  0.0 hi,  0.0 si,  0.0 st
MiB Mem : 128490.0 total,  40283.0 free,   6749.1 used,  81457.9 buff/cache
MiB Swap:   2048.0 total,   1980.0 free,     68.0 used. 119913.5 avail Mem 

    PID USER      PR  NI    VIRT    RES    SHR S  %CPU  %MEM     TIME+ COMMAND
1363575 23mUeno   20   0    7880   6036   2372 S  16.2   0.0   7:29.48 afl-fuzz

top - 00:39:49 up 93 days, 12:30,  6 users,  load average: 1.12, 0.87, 0.74
Tasks:   1 total,   1 running,   0 sleeping,   0 stopped,   0 zombie
%Cpu(s):  0.3 us,  0.5 sy,  0.0 ni, 99.3 id,  0.0 wa,  0.0 hi,  0.0 si,  0.0 st
MiB Mem : 128490.0 total,  40283.0 free,   6749.1 used,  81457.9 buff/cache
MiB Swap:   2048.0 total,   1980.0 free,     68.0 used. 119913.5 avail Mem 

    PID USER      PR  NI    VIRT    RES    SHR S  %CPU  %MEM     TIME+ COMMAND
1363575 23mUeno   20   0    7880   6036   2372 R  17.4   0.0   7:30.35 afl-fuzz

top - 00:39:54 up 93 days, 12:31,  6 users,  load average: 1.11, 0.87, 0.74
Tasks:   1 total,   0 running,   1 sleeping,   0 stopped,   0 zombie
%Cpu(s):  0.2 us,  0.4 sy,  0.0 ni, 99.3 id,  0.0 wa,  0.0 hi,  0.0 si,  0.0 st
MiB Mem : 128490.0 total,  40283.0 free,   6749.1 used,  81457.9 buff/cache
MiB Swap:   2048.0 total,   1980.0 free,     68.0 used. 119913.5 avail Mem 

    PID USER      PR  NI    VIRT    RES    SHR S  %CPU  %MEM     TIME+ COMMAND
1363575 23mUeno   20   0    7880   6036   2372 S  14.8   0.0   7:31.09 afl-fuzz

top - 00:39:59 up 93 days, 12:31,  6 users,  load average: 1.10, 0.88, 0.74
Tasks:   1 total,   0 running,   1 sleeping,   0 stopped,   0 zombie
%Cpu(s):  0.2 us,  0.4 sy,  0.0 ni, 99.4 id,  0.0 wa,  0.0 hi,  0.0 si,  0.0 st
MiB Mem : 128490.0 total,  40283.0 free,   6749.1 used,  81457.9 buff/cache
MiB Swap:   2048.0 total,   1980.0 free,     68.0 used. 119913.5 avail Mem 

    PID USER      PR  NI    VIRT    RES    SHR S  %CPU  %MEM     TIME+ COMMAND
1363575 23mUeno   20   0    7880   6036   2372 S  13.6   0.0   7:31.77 afl-fuzz

top - 00:40:04 up 93 days, 12:31,  6 users,  load average: 1.02, 0.86, 0.73
Tasks:   1 total,   0 running,   1 sleeping,   0 stopped,   0 zombie
%Cpu(s):  0.2 us,  0.4 sy,  0.0 ni, 99.4 id,  0.0 wa,  0.0 hi,  0.0 si,  0.0 st
MiB Mem : 128490.0 total,  40283.0 free,   6749.1 used,  81457.9 buff/cache
MiB Swap:   2048.0 total,   1980.0 free,     68.0 used. 119913.5 avail Mem 

    PID USER      PR  NI    VIRT    RES    SHR S  %CPU  %MEM     TIME+ COMMAND
1363575 23mUeno   20   0    7880   6036   2372 S  12.8   0.0   7:32.41 afl-fuzz

top - 00:40:09 up 93 days, 12:31,  6 users,  load average: 0.93, 0.85, 0.73
Tasks:   1 total,   0 running,   1 sleeping,   0 stopped,   0 zombie
%Cpu(s):  0.2 us,  0.3 sy,  0.0 ni, 99.5 id,  0.0 wa,  0.0 hi,  0.0 si,  0.0 st
MiB Mem : 128490.0 total,  40283.2 free,   6748.9 used,  81457.9 buff/cache
MiB Swap:   2048.0 total,   1980.0 free,     68.0 used. 119913.7 avail Mem 

    PID USER      PR  NI    VIRT    RES    SHR S  %CPU  %MEM     TIME+ COMMAND
1363575 23mUeno   20   0    7880   6036   2372 S  11.2   0.0   7:32.97 afl-fuzz

top - 00:40:14 up 93 days, 12:31,  6 users,  load average: 0.86, 0.83, 0.73
Tasks:   1 total,   0 running,   1 sleeping,   0 stopped,   0 zombie
%Cpu(s):  0.2 us,  0.4 sy,  0.0 ni, 99.5 id,  0.0 wa,  0.0 hi,  0.0 si,  0.0 st
MiB Mem : 128490.0 total,  40283.0 free,   6749.1 used,  81457.9 buff/cache
MiB Swap:   2048.0 total,   1980.0 free,     68.0 used. 119913.5 avail Mem 

    PID USER      PR  NI    VIRT    RES    SHR S  %CPU  %MEM     TIME+ COMMAND
1363575 23mUeno   20   0    8084   6240   2372 S  11.4   0.0   7:33.54 afl-fuzz

top - 00:40:19 up 93 days, 12:31,  6 users,  load average: 0.79, 0.82, 0.72
Tasks:   1 total,   0 running,   1 sleeping,   0 stopped,   0 zombie
%Cpu(s):  0.3 us,  0.4 sy,  0.0 ni, 99.3 id,  0.0 wa,  0.0 hi,  0.0 si,  0.0 st
MiB Mem : 128490.0 total,  40283.0 free,   6749.1 used,  81457.9 buff/cache
MiB Swap:   2048.0 total,   1980.0 free,     68.0 used. 119913.5 avail Mem 

    PID USER      PR  NI    VIRT    RES    SHR S  %CPU  %MEM     TIME+ COMMAND
1363575 23mUeno   20   0    8084   6240   2372 S  12.4   0.0   7:34.16 afl-fuzz

top - 00:40:24 up 93 days, 12:31,  6 users,  load average: 0.81, 0.82, 0.72
Tasks:   1 total,   0 running,   1 sleeping,   0 stopped,   0 zombie
%Cpu(s):  0.2 us,  0.4 sy,  0.0 ni, 99.4 id,  0.0 wa,  0.0 hi,  0.0 si,  0.0 st
MiB Mem : 128490.0 total,  40283.0 free,   6749.1 used,  81458.0 buff/cache
MiB Swap:   2048.0 total,   1980.0 free,     68.0 used. 119913.5 avail Mem 

    PID USER      PR  NI    VIRT    RES    SHR S  %CPU  %MEM     TIME+ COMMAND
1363575 23mUeno   20   0    8084   6240   2372 S  13.2   0.0   7:34.82 afl-fuzz

top - 00:40:29 up 93 days, 12:31,  6 users,  load average: 0.74, 0.81, 0.72
Tasks:   1 total,   0 running,   1 sleeping,   0 stopped,   0 zombie
%Cpu(s):  0.2 us,  0.4 sy,  0.0 ni, 99.4 id,  0.0 wa,  0.0 hi,  0.0 si,  0.0 st
MiB Mem : 128490.0 total,  40283.0 free,   6749.1 used,  81458.0 buff/cache
MiB Swap:   2048.0 total,   1980.0 free,     68.0 used. 119913.5 avail Mem 

    PID USER      PR  NI    VIRT    RES    SHR S  %CPU  %MEM     TIME+ COMMAND
1363575 23mUeno   20   0    8084   6240   2372 S  11.6   0.0   7:35.40 afl-fuzz

top - 00:40:34 up 93 days, 12:31,  6 users,  load average: 0.84, 0.83, 0.73
Tasks:   1 total,   1 running,   0 sleeping,   0 stopped,   0 zombie
%Cpu(s):  0.2 us,  0.4 sy,  0.0 ni, 99.4 id,  0.0 wa,  0.0 hi,  0.0 si,  0.0 st
MiB Mem : 128490.0 total,  40283.0 free,   6749.1 used,  81458.0 buff/cache
MiB Swap:   2048.0 total,   1980.0 free,     68.0 used. 119913.5 avail Mem 

    PID USER      PR  NI    VIRT    RES    SHR S  %CPU  %MEM     TIME+ COMMAND
1363575 23mUeno   20   0    8084   6240   2372 R  13.8   0.0   7:36.09 afl-fuzz

top - 00:40:39 up 93 days, 12:31,  6 users,  load average: 0.77, 0.81, 0.72
Tasks:   1 total,   0 running,   1 sleeping,   0 stopped,   0 zombie
%Cpu(s):  0.2 us,  0.4 sy,  0.0 ni, 99.3 id,  0.0 wa,  0.0 hi,  0.0 si,  0.0 st
MiB Mem : 128490.0 total,  40283.0 free,   6749.1 used,  81458.0 buff/cache
MiB Swap:   2048.0 total,   1980.0 free,     68.0 used. 119913.5 avail Mem 

    PID USER      PR  NI    VIRT    RES    SHR S  %CPU  %MEM     TIME+ COMMAND
1363575 23mUeno   20   0    8084   6240   2372 S  14.4   0.0   7:36.81 afl-fuzz

top - 00:40:44 up 93 days, 12:31,  6 users,  load average: 0.71, 0.80, 0.72
Tasks:   1 total,   0 running,   1 sleeping,   0 stopped,   0 zombie
%Cpu(s):  0.2 us,  0.5 sy,  0.0 ni, 99.3 id,  0.0 wa,  0.0 hi,  0.0 si,  0.0 st
MiB Mem : 128490.0 total,  40283.0 free,   6749.1 used,  81458.0 buff/cache
MiB Swap:   2048.0 total,   1980.0 free,     68.0 used. 119913.5 avail Mem 

    PID USER      PR  NI    VIRT    RES    SHR S  %CPU  %MEM     TIME+ COMMAND
1363575 23mUeno   20   0    8084   6240   2372 S  14.6   0.0   7:37.54 afl-fuzz

top - 00:40:49 up 93 days, 12:31,  6 users,  load average: 0.74, 0.80, 0.72
Tasks:   1 total,   0 running,   1 sleeping,   0 stopped,   0 zombie
%Cpu(s):  0.2 us,  0.5 sy,  0.0 ni, 99.4 id,  0.0 wa,  0.0 hi,  0.0 si,  0.0 st
MiB Mem : 128490.0 total,  40283.0 free,   6749.1 used,  81458.0 buff/cache
MiB Swap:   2048.0 total,   1980.0 free,     68.0 used. 119913.5 avail Mem 

    PID USER      PR  NI    VIRT    RES    SHR S  %CPU  %MEM     TIME+ COMMAND
1363575 23mUeno   20   0    8084   6240   2372 S  13.4   0.0   7:38.21 afl-fuzz

top - 00:40:54 up 93 days, 12:32,  6 users,  load average: 0.76, 0.81, 0.72
Tasks:   1 total,   1 running,   0 sleeping,   0 stopped,   0 zombie
%Cpu(s):  0.2 us,  0.4 sy,  0.0 ni, 99.4 id,  0.0 wa,  0.0 hi,  0.0 si,  0.0 st
MiB Mem : 128490.0 total,  40283.0 free,   6749.1 used,  81458.0 buff/cache
MiB Swap:   2048.0 total,   1980.0 free,     68.0 used. 119913.5 avail Mem 

    PID USER      PR  NI    VIRT    RES    SHR S  %CPU  %MEM     TIME+ COMMAND
1363575 23mUeno   20   0    8084   6240   2372 R  13.8   0.0   7:38.90 afl-fuzz

top - 00:40:59 up 93 days, 12:32,  6 users,  load average: 0.86, 0.83, 0.73
Tasks:   1 total,   1 running,   0 sleeping,   0 stopped,   0 zombie
%Cpu(s):  0.2 us,  0.5 sy,  0.0 ni, 99.3 id,  0.0 wa,  0.0 hi,  0.0 si,  0.0 st
MiB Mem : 128490.0 total,  40282.7 free,   6749.3 used,  81458.0 buff/cache
MiB Swap:   2048.0 total,   1980.0 free,     68.0 used. 119913.3 avail Mem 

    PID USER      PR  NI    VIRT    RES    SHR S  %CPU  %MEM     TIME+ COMMAND
1363575 23mUeno   20   0    8084   6240   2372 R  14.8   0.0   7:39.64 afl-fuzz

top - 00:41:04 up 93 days, 12:32,  6 users,  load average: 1.03, 0.86, 0.74
Tasks:   1 total,   0 running,   1 sleeping,   0 stopped,   0 zombie
%Cpu(s):  0.2 us,  0.4 sy,  0.0 ni, 99.4 id,  0.0 wa,  0.0 hi,  0.0 si,  0.0 st
MiB Mem : 128490.0 total,  40282.7 free,   6749.3 used,  81458.0 buff/cache
MiB Swap:   2048.0 total,   1980.0 free,     68.0 used. 119913.3 avail Mem 

    PID USER      PR  NI    VIRT    RES    SHR S  %CPU  %MEM     TIME+ COMMAND
1363575 23mUeno   20   0    8084   6240   2372 S  12.0   0.0   7:40.24 afl-fuzz

top - 00:41:09 up 93 days, 12:32,  6 users,  load average: 0.95, 0.85, 0.74
Tasks:   1 total,   0 running,   1 sleeping,   0 stopped,   0 zombie
%Cpu(s):  0.2 us,  0.4 sy,  0.0 ni, 99.4 id,  0.0 wa,  0.0 hi,  0.0 si,  0.0 st
MiB Mem : 128490.0 total,  40282.5 free,   6749.5 used,  81458.0 buff/cache
MiB Swap:   2048.0 total,   1980.0 free,     68.0 used. 119913.0 avail Mem 

    PID USER      PR  NI    VIRT    RES    SHR S  %CPU  %MEM     TIME+ COMMAND
1363575 23mUeno   20   0    8084   6240   2372 S  11.6   0.0   7:40.82 afl-fuzz

top - 00:41:14 up 93 days, 12:32,  6 users,  load average: 0.87, 0.83, 0.73
Tasks:   1 total,   1 running,   0 sleeping,   0 stopped,   0 zombie
%Cpu(s):  0.2 us,  0.3 sy,  0.0 ni, 99.5 id,  0.0 wa,  0.0 hi,  0.0 si,  0.0 st
MiB Mem : 128490.0 total,  40282.5 free,   6749.5 used,  81458.0 buff/cache
MiB Swap:   2048.0 total,   1980.0 free,     68.0 used. 119913.0 avail Mem 

    PID USER      PR  NI    VIRT    RES    SHR S  %CPU  %MEM     TIME+ COMMAND
1363575 23mUeno   20   0    8084   6240   2372 R  10.0   0.0   7:41.32 afl-fuzz

top - 00:41:19 up 93 days, 12:32,  6 users,  load average: 0.80, 0.82, 0.73
Tasks:   1 total,   0 running,   1 sleeping,   0 stopped,   0 zombie
%Cpu(s):  0.2 us,  0.4 sy,  0.0 ni, 99.4 id,  0.0 wa,  0.0 hi,  0.0 si,  0.0 st
MiB Mem : 128490.0 total,  40282.5 free,   6749.5 used,  81458.0 buff/cache
MiB Swap:   2048.0 total,   1980.0 free,     68.0 used. 119913.0 avail Mem 

    PID USER      PR  NI    VIRT    RES    SHR S  %CPU  %MEM     TIME+ COMMAND
1363575 23mUeno   20   0    8084   6240   2372 S  10.6   0.0   7:41.85 afl-fuzz

top - 00:41:24 up 93 days, 12:32,  6 users,  load average: 0.82, 0.82, 0.73
Tasks:   1 total,   0 running,   1 sleeping,   0 stopped,   0 zombie
%Cpu(s):  0.2 us,  0.4 sy,  0.0 ni, 99.4 id,  0.0 wa,  0.0 hi,  0.0 si,  0.0 st
MiB Mem : 128490.0 total,  40282.5 free,   6749.5 used,  81458.0 buff/cache
MiB Swap:   2048.0 total,   1980.0 free,     68.0 used. 119913.0 avail Mem 

    PID USER      PR  NI    VIRT    RES    SHR S  %CPU  %MEM     TIME+ COMMAND
1363575 23mUeno   20   0    8084   6240   2372 S  12.0   0.0   7:42.45 afl-fuzz

top - 00:41:29 up 93 days, 12:32,  6 users,  load average: 0.91, 0.84, 0.74
Tasks:   1 total,   0 running,   1 sleeping,   0 stopped,   0 zombie
%Cpu(s):  0.3 us,  0.6 sy,  0.0 ni, 99.2 id,  0.0 wa,  0.0 hi,  0.0 si,  0.0 st
MiB Mem : 128490.0 total,  40282.5 free,   6749.5 used,  81458.0 buff/cache
MiB Swap:   2048.0 total,   1980.0 free,     68.0 used. 119913.0 avail Mem 

    PID USER      PR  NI    VIRT    RES    SHR S  %CPU  %MEM     TIME+ COMMAND
1363575 23mUeno   20   0    8084   6240   2372 S  20.0   0.0   7:43.45 afl-fuzz

top - 00:41:34 up 93 days, 12:32,  6 users,  load average: 1.00, 0.86, 0.74
Tasks:   1 total,   0 running,   1 sleeping,   0 stopped,   0 zombie
%Cpu(s):  0.2 us,  0.6 sy,  0.0 ni, 99.2 id,  0.0 wa,  0.0 hi,  0.0 si,  0.0 st
MiB Mem : 128490.0 total,  40282.3 free,   6749.8 used,  81458.0 buff/cache
MiB Swap:   2048.0 total,   1980.0 free,     68.0 used. 119912.8 avail Mem 

    PID USER      PR  NI    VIRT    RES    SHR S  %CPU  %MEM     TIME+ COMMAND
1363575 23mUeno   20   0    8084   6240   2372 S  19.0   0.0   7:44.40 afl-fuzz

top - 00:41:39 up 93 days, 12:32,  6 users,  load average: 1.16, 0.90, 0.76
Tasks:   1 total,   1 running,   0 sleeping,   0 stopped,   0 zombie
%Cpu(s):  0.2 us,  0.6 sy,  0.0 ni, 99.1 id,  0.0 wa,  0.0 hi,  0.0 si,  0.0 st
MiB Mem : 128490.0 total,  40282.0 free,   6750.0 used,  81458.0 buff/cache
MiB Swap:   2048.0 total,   1980.0 free,     68.0 used. 119912.6 avail Mem 

    PID USER      PR  NI    VIRT    RES    SHR S  %CPU  %MEM     TIME+ COMMAND
1363575 23mUeno   20   0    8084   6240   2372 R  19.2   0.0   7:45.36 afl-fuzz

top - 00:41:44 up 93 days, 12:32,  6 users,  load average: 1.07, 0.88, 0.75
Tasks:   0 total,   0 running,   0 sleeping,   0 stopped,   0 zombie
%Cpu(s):  0.2 us,  0.3 sy,  0.0 ni, 99.5 id,  0.0 wa,  0.0 hi,  0.0 si,  0.0 st
MiB Mem : 128490.0 total,  40286.5 free,   6745.6 used,  81457.9 buff/cache
MiB Swap:   2048.0 total,   1980.0 free,     68.0 used. 119917.0 avail Mem 

    PID USER      PR  NI    VIRT    RES    SHR S  %CPU  %MEM     TIME+ COMMAND

top - 00:41:49 up 93 days, 12:32,  6 users,  load average: 0.98, 0.87, 0.75
Tasks:   0 total,   0 running,   0 sleeping,   0 stopped,   0 zombie
%Cpu(s):  0.0 us,  0.0 sy,  0.0 ni,100.0 id,  0.0 wa,  0.0 hi,  0.0 si,  0.0 st
MiB Mem : 128490.0 total,  40286.5 free,   6745.6 used,  81457.9 buff/cache
MiB Swap:   2048.0 total,   1980.0 free,     68.0 used. 119917.0 avail Mem 

    PID USER      PR  NI    VIRT    RES    SHR S  %CPU  %MEM     TIME+ COMMAND

top - 00:41:54 up 93 days, 12:33,  6 users,  load average: 0.90, 0.85, 0.74
Tasks:   0 total,   0 running,   0 sleeping,   0 stopped,   0 zombie
%Cpu(s):  0.0 us,  0.0 sy,  0.0 ni,100.0 id,  0.0 wa,  0.0 hi,  0.0 si,  0.0 st
MiB Mem : 128490.0 total,  40286.5 free,   6745.6 used,  81457.9 buff/cache
MiB Swap:   2048.0 total,   1980.0 free,     68.0 used. 119917.0 avail Mem 

    PID USER      PR  NI    VIRT    RES    SHR S  %CPU  %MEM     TIME+ COMMAND

top - 00:41:59 up 93 days, 12:33,  6 users,  load average: 0.83, 0.84, 0.74
Tasks:   0 total,   0 running,   0 sleeping,   0 stopped,   0 zombie
%Cpu(s):  0.0 us,  0.0 sy,  0.0 ni,100.0 id,  0.0 wa,  0.0 hi,  0.0 si,  0.0 st
MiB Mem : 128490.0 total,  40286.5 free,   6745.6 used,  81457.9 buff/cache
MiB Swap:   2048.0 total,   1980.0 free,     68.0 used. 119917.0 avail Mem 

    PID USER      PR  NI    VIRT    RES    SHR S  %CPU  %MEM     TIME+ COMMAND

top - 00:42:04 up 93 days, 12:33,  6 users,  load average: 0.76, 0.82, 0.73
Tasks:   0 total,   0 running,   0 sleeping,   0 stopped,   0 zombie
%Cpu(s):  0.0 us,  0.0 sy,  0.0 ni,100.0 id,  0.0 wa,  0.0 hi,  0.0 si,  0.0 st
MiB Mem : 128490.0 total,  40286.5 free,   6745.6 used,  81457.9 buff/cache
MiB Swap:   2048.0 total,   1980.0 free,     68.0 used. 119917.0 avail Mem 

    PID USER      PR  NI    VIRT    RES    SHR S  %CPU  %MEM     TIME+ COMMAND

top - 00:42:09 up 93 days, 12:33,  6 users,  load average: 0.70, 0.81, 0.73
Tasks:   0 total,   0 running,   0 sleeping,   0 stopped,   0 zombie
%Cpu(s):  0.0 us,  0.0 sy,  0.0 ni,100.0 id,  0.0 wa,  0.0 hi,  0.0 si,  0.0 st
MiB Mem : 128490.0 total,  40286.5 free,   6745.6 used,  81457.9 buff/cache
MiB Swap:   2048.0 total,   1980.0 free,     68.0 used. 119917.0 avail Mem 

    PID USER      PR  NI    VIRT    RES    SHR S  %CPU  %MEM     TIME+ COMMAND

top - 00:42:14 up 93 days, 12:33,  6 users,  load average: 0.64, 0.80, 0.73
Tasks:   0 total,   0 running,   0 sleeping,   0 stopped,   0 zombie
%Cpu(s):  0.0 us,  0.0 sy,  0.0 ni,100.0 id,  0.0 wa,  0.0 hi,  0.0 si,  0.0 st
MiB Mem : 128490.0 total,  40286.5 free,   6745.6 used,  81457.9 buff/cache
MiB Swap:   2048.0 total,   1980.0 free,     68.0 used. 119917.0 avail Mem 

    PID USER      PR  NI    VIRT    RES    SHR S  %CPU  %MEM     TIME+ COMMAND

top - 00:42:19 up 93 days, 12:33,  6 users,  load average: 0.59, 0.78, 0.72
Tasks:   0 total,   0 running,   0 sleeping,   0 stopped,   0 zombie
%Cpu(s):  0.0 us,  0.0 sy,  0.0 ni,100.0 id,  0.0 wa,  0.0 hi,  0.0 si,  0.0 st
MiB Mem : 128490.0 total,  40286.5 free,   6745.6 used,  81457.9 buff/cache
MiB Swap:   2048.0 total,   1980.0 free,     68.0 used. 119917.0 avail Mem 

    PID USER      PR  NI    VIRT    RES    SHR S  %CPU  %MEM     TIME+ COMMAND

top - 00:42:24 up 93 days, 12:33,  6 users,  load average: 0.55, 0.77, 0.72
Tasks:   0 total,   0 running,   0 sleeping,   0 stopped,   0 zombie
%Cpu(s):  0.0 us,  0.0 sy,  0.0 ni,100.0 id,  0.0 wa,  0.0 hi,  0.0 si,  0.0 st
MiB Mem : 128490.0 total,  40286.5 free,   6745.6 used,  81457.9 buff/cache
MiB Swap:   2048.0 total,   1980.0 free,     68.0 used. 119917.0 avail Mem 

    PID USER      PR  NI    VIRT    RES    SHR S  %CPU  %MEM     TIME+ COMMAND

top - 00:42:29 up 93 days, 12:33,  6 users,  load average: 0.50, 0.76, 0.71
Tasks:   0 total,   0 running,   0 sleeping,   0 stopped,   0 zombie
%Cpu(s):  0.1 us,  0.0 sy,  0.0 ni, 99.9 id,  0.0 wa,  0.0 hi,  0.0 si,  0.0 st
MiB Mem : 128490.0 total,  40286.5 free,   6745.6 used,  81457.9 buff/cache
MiB Swap:   2048.0 total,   1980.0 free,     68.0 used. 119917.0 avail Mem 

    PID USER      PR  NI    VIRT    RES    SHR S  %CPU  %MEM     TIME+ COMMAND

top - 00:42:34 up 93 days, 12:33,  6 users,  load average: 0.46, 0.74, 0.71
Tasks:   0 total,   0 running,   0 sleeping,   0 stopped,   0 zombie
%Cpu(s):  0.0 us,  0.0 sy,  0.0 ni,100.0 id,  0.0 wa,  0.0 hi,  0.0 si,  0.0 st
MiB Mem : 128490.0 total,  40286.5 free,   6745.6 used,  81457.9 buff/cache
MiB Swap:   2048.0 total,   1980.0 free,     68.0 used. 119917.0 avail Mem 

    PID USER      PR  NI    VIRT    RES    SHR S  %CPU  %MEM     TIME+ COMMAND

top - 00:42:39 up 93 days, 12:33,  6 users,  load average: 0.42, 0.73, 0.71
Tasks:   0 total,   0 running,   0 sleeping,   0 stopped,   0 zombie
%Cpu(s):  0.0 us,  0.0 sy,  0.0 ni,100.0 id,  0.0 wa,  0.0 hi,  0.0 si,  0.0 st
MiB Mem : 128490.0 total,  40286.5 free,   6745.6 used,  81457.9 buff/cache
MiB Swap:   2048.0 total,   1980.0 free,     68.0 used. 119917.0 avail Mem 

    PID USER      PR  NI    VIRT    RES    SHR S  %CPU  %MEM     TIME+ COMMAND

top - 00:42:44 up 93 days, 12:33,  6 users,  load average: 0.39, 0.72, 0.70
Tasks:   0 total,   0 running,   0 sleeping,   0 stopped,   0 zombie
%Cpu(s):  0.0 us,  0.0 sy,  0.0 ni,100.0 id,  0.0 wa,  0.0 hi,  0.0 si,  0.0 st
MiB Mem : 128490.0 total,  40286.5 free,   6745.6 used,  81457.9 buff/cache
MiB Swap:   2048.0 total,   1980.0 free,     68.0 used. 119917.0 avail Mem 

    PID USER      PR  NI    VIRT    RES    SHR S  %CPU  %MEM     TIME+ COMMAND

top - 00:42:49 up 93 days, 12:33,  6 users,  load average: 0.36, 0.71, 0.70
Tasks:   0 total,   0 running,   0 sleeping,   0 stopped,   0 zombie
%Cpu(s):  0.0 us,  0.0 sy,  0.0 ni,100.0 id,  0.0 wa,  0.0 hi,  0.0 si,  0.0 st
MiB Mem : 128490.0 total,  40286.5 free,   6745.6 used,  81457.9 buff/cache
MiB Swap:   2048.0 total,   1980.0 free,     68.0 used. 119917.0 avail Mem 

    PID USER      PR  NI    VIRT    RES    SHR S  %CPU  %MEM     TIME+ COMMAND

top - 00:42:54 up 93 days, 12:34,  6 users,  load average: 0.33, 0.69, 0.69
Tasks:   0 total,   0 running,   0 sleeping,   0 stopped,   0 zombie
%Cpu(s):  0.0 us,  0.0 sy,  0.0 ni,100.0 id,  0.0 wa,  0.0 hi,  0.0 si,  0.0 st
MiB Mem : 128490.0 total,  40286.5 free,   6745.6 used,  81457.9 buff/cache
MiB Swap:   2048.0 total,   1980.0 free,     68.0 used. 119917.0 avail Mem 

    PID USER      PR  NI    VIRT    RES    SHR S  %CPU  %MEM     TIME+ COMMAND

top - 00:42:59 up 93 days, 12:34,  6 users,  load average: 0.30, 0.68, 0.69
Tasks:   0 total,   0 running,   0 sleeping,   0 stopped,   0 zombie
%Cpu(s):  0.0 us,  0.0 sy,  0.0 ni,100.0 id,  0.0 wa,  0.0 hi,  0.0 si,  0.0 st
MiB Mem : 128490.0 total,  40286.5 free,   6745.6 used,  81457.9 buff/cache
MiB Swap:   2048.0 total,   1980.0 free,     68.0 used. 119917.0 avail Mem 

    PID USER      PR  NI    VIRT    RES    SHR S  %CPU  %MEM     TIME+ COMMAND

top - 00:43:04 up 93 days, 12:34,  6 users,  load average: 0.28, 0.67, 0.69
Tasks:   0 total,   0 running,   0 sleeping,   0 stopped,   0 zombie
%Cpu(s):  0.0 us,  0.0 sy,  0.0 ni,100.0 id,  0.0 wa,  0.0 hi,  0.0 si,  0.0 st
MiB Mem : 128490.0 total,  40286.5 free,   6745.6 used,  81457.9 buff/cache
MiB Swap:   2048.0 total,   1980.0 free,     68.0 used. 119917.0 avail Mem 

    PID USER      PR  NI    VIRT    RES    SHR S  %CPU  %MEM     TIME+ COMMAND

top - 00:43:09 up 93 days, 12:34,  6 users,  load average: 0.26, 0.66, 0.68
Tasks:   0 total,   0 running,   0 sleeping,   0 stopped,   0 zombie
%Cpu(s):  0.0 us,  0.0 sy,  0.0 ni,100.0 id,  0.0 wa,  0.0 hi,  0.0 si,  0.0 st
MiB Mem : 128490.0 total,  40286.5 free,   6745.6 used,  81457.9 buff/cache
MiB Swap:   2048.0 total,   1980.0 free,     68.0 used. 119917.0 avail Mem 

    PID USER      PR  NI    VIRT    RES    SHR S  %CPU  %MEM     TIME+ COMMAND

top - 00:43:14 up 93 days, 12:34,  6 users,  load average: 0.24, 0.65, 0.68
Tasks:   0 total,   0 running,   0 sleeping,   0 stopped,   0 zombie
%Cpu(s):  0.0 us,  0.0 sy,  0.0 ni,100.0 id,  0.0 wa,  0.0 hi,  0.0 si,  0.0 st
MiB Mem : 128490.0 total,  40286.5 free,   6745.6 used,  81457.9 buff/cache
MiB Swap:   2048.0 total,   1980.0 free,     68.0 used. 119917.0 avail Mem 

    PID USER      PR  NI    VIRT    RES    SHR S  %CPU  %MEM     TIME+ COMMAND

top - 00:43:19 up 93 days, 12:34,  6 users,  load average: 0.22, 0.64, 0.68
Tasks:   0 total,   0 running,   0 sleeping,   0 stopped,   0 zombie
%Cpu(s):  0.0 us,  0.0 sy,  0.0 ni,100.0 id,  0.0 wa,  0.0 hi,  0.0 si,  0.0 st
MiB Mem : 128490.0 total,  40286.5 free,   6745.6 used,  81457.9 buff/cache
MiB Swap:   2048.0 total,   1980.0 free,     68.0 used. 119917.0 avail Mem 

    PID USER      PR  NI    VIRT    RES    SHR S  %CPU  %MEM     TIME+ COMMAND

top - 00:43:24 up 93 days, 12:34,  6 users,  load average: 0.20, 0.63, 0.67
Tasks:   0 total,   0 running,   0 sleeping,   0 stopped,   0 zombie
%Cpu(s):  0.0 us,  0.0 sy,  0.0 ni,100.0 id,  0.0 wa,  0.0 hi,  0.0 si,  0.0 st
MiB Mem : 128490.0 total,  40286.5 free,   6745.6 used,  81457.9 buff/cache
MiB Swap:   2048.0 total,   1980.0 free,     68.0 used. 119917.0 avail Mem 

    PID USER      PR  NI    VIRT    RES    SHR S  %CPU  %MEM     TIME+ COMMAND

top - 00:43:29 up 93 days, 12:34,  6 users,  load average: 0.18, 0.62, 0.67
Tasks:   0 total,   0 running,   0 sleeping,   0 stopped,   0 zombie
%Cpu(s):  0.0 us,  0.0 sy,  0.0 ni,100.0 id,  0.0 wa,  0.0 hi,  0.0 si,  0.0 st
MiB Mem : 128490.0 total,  40286.5 free,   6745.6 used,  81457.9 buff/cache
MiB Swap:   2048.0 total,   1980.0 free,     68.0 used. 119917.0 avail Mem 

    PID USER      PR  NI    VIRT    RES    SHR S  %CPU  %MEM     TIME+ COMMAND

top - 00:43:34 up 93 days, 12:34,  6 users,  load average: 0.17, 0.61, 0.66
Tasks:   0 total,   0 running,   0 sleeping,   0 stopped,   0 zombie
%Cpu(s):  0.0 us,  0.0 sy,  0.0 ni,100.0 id,  0.0 wa,  0.0 hi,  0.0 si,  0.0 st
MiB Mem : 128490.0 total,  40286.7 free,   6745.4 used,  81457.9 buff/cache
MiB Swap:   2048.0 total,   1980.0 free,     68.0 used. 119917.3 avail Mem 

    PID USER      PR  NI    VIRT    RES    SHR S  %CPU  %MEM     TIME+ COMMAND

top - 00:43:39 up 93 days, 12:34,  6 users,  load average: 0.15, 0.60, 0.66
Tasks:   0 total,   0 running,   0 sleeping,   0 stopped,   0 zombie
%Cpu(s):  0.0 us,  0.0 sy,  0.0 ni,100.0 id,  0.0 wa,  0.0 hi,  0.0 si,  0.0 st
MiB Mem : 128490.0 total,  40286.7 free,   6745.4 used,  81457.9 buff/cache
MiB Swap:   2048.0 total,   1980.0 free,     68.0 used. 119917.3 avail Mem 

    PID USER      PR  NI    VIRT    RES    SHR S  %CPU  %MEM     TIME+ COMMAND

top - 00:43:44 up 93 days, 12:34,  6 users,  load average: 0.14, 0.59, 0.66
Tasks:   0 total,   0 running,   0 sleeping,   0 stopped,   0 zombie
%Cpu(s):  0.0 us,  0.0 sy,  0.0 ni,100.0 id,  0.0 wa,  0.0 hi,  0.0 si,  0.0 st
MiB Mem : 128490.0 total,  40286.5 free,   6745.6 used,  81457.9 buff/cache
MiB Swap:   2048.0 total,   1980.0 free,     68.0 used. 119917.0 avail Mem 

    PID USER      PR  NI    VIRT    RES    SHR S  %CPU  %MEM     TIME+ COMMAND

top - 00:43:49 up 93 days, 12:34,  6 users,  load average: 0.13, 0.58, 0.65
Tasks:   0 total,   0 running,   0 sleeping,   0 stopped,   0 zombie
%Cpu(s):  0.0 us,  0.0 sy,  0.0 ni,100.0 id,  0.0 wa,  0.0 hi,  0.0 si,  0.0 st
MiB Mem : 128490.0 total,  40286.7 free,   6745.4 used,  81457.9 buff/cache
MiB Swap:   2048.0 total,   1980.0 free,     68.0 used. 119917.3 avail Mem 

    PID USER      PR  NI    VIRT    RES    SHR S  %CPU  %MEM     TIME+ COMMAND

top - 00:43:54 up 93 days, 12:35,  6 users,  load average: 0.12, 0.57, 0.65
Tasks:   0 total,   0 running,   0 sleeping,   0 stopped,   0 zombie
%Cpu(s):  0.0 us,  0.0 sy,  0.0 ni,100.0 id,  0.0 wa,  0.0 hi,  0.0 si,  0.0 st
MiB Mem : 128490.0 total,  40286.7 free,   6745.4 used,  81457.9 buff/cache
MiB Swap:   2048.0 total,   1980.0 free,     68.0 used. 119917.3 avail Mem 

    PID USER      PR  NI    VIRT    RES    SHR S  %CPU  %MEM     TIME+ COMMAND

top - 00:43:59 up 93 days, 12:35,  6 users,  load average: 0.11, 0.56, 0.64
Tasks:   0 total,   0 running,   0 sleeping,   0 stopped,   0 zombie
%Cpu(s):  0.0 us,  0.0 sy,  0.0 ni,100.0 id,  0.0 wa,  0.0 hi,  0.0 si,  0.0 st
MiB Mem : 128490.0 total,  40286.7 free,   6745.4 used,  81457.9 buff/cache
MiB Swap:   2048.0 total,   1980.0 free,     68.0 used. 119917.3 avail Mem 

    PID USER      PR  NI    VIRT    RES    SHR S  %CPU  %MEM     TIME+ COMMAND

top - 00:44:04 up 93 days, 12:35,  6 users,  load average: 0.10, 0.55, 0.64
Tasks:   0 total,   0 running,   0 sleeping,   0 stopped,   0 zombie
%Cpu(s):  0.0 us,  0.0 sy,  0.0 ni,100.0 id,  0.0 wa,  0.0 hi,  0.0 si,  0.0 st
MiB Mem : 128490.0 total,  40286.7 free,   6745.4 used,  81457.9 buff/cache
MiB Swap:   2048.0 total,   1980.0 free,     68.0 used. 119917.3 avail Mem 

    PID USER      PR  NI    VIRT    RES    SHR S  %CPU  %MEM     TIME+ COMMAND

top - 00:44:10 up 93 days, 12:35,  6 users,  load average: 0.09, 0.54, 0.64
Tasks:   0 total,   0 running,   0 sleeping,   0 stopped,   0 zombie
%Cpu(s):  0.0 us,  0.0 sy,  0.0 ni,100.0 id,  0.0 wa,  0.0 hi,  0.0 si,  0.0 st
MiB Mem : 128490.0 total,  40286.7 free,   6745.4 used,  81457.9 buff/cache
MiB Swap:   2048.0 total,   1980.0 free,     68.0 used. 119917.3 avail Mem 

    PID USER      PR  NI    VIRT    RES    SHR S  %CPU  %MEM     TIME+ COMMAND

top - 00:44:15 up 93 days, 12:35,  6 users,  load average: 0.08, 0.53, 0.63
Tasks:   0 total,   0 running,   0 sleeping,   0 stopped,   0 zombie
%Cpu(s):  0.0 us,  0.0 sy,  0.0 ni,100.0 id,  0.0 wa,  0.0 hi,  0.0 si,  0.0 st
MiB Mem : 128490.0 total,  40286.7 free,   6745.4 used,  81457.9 buff/cache
MiB Swap:   2048.0 total,   1980.0 free,     68.0 used. 119917.3 avail Mem 

    PID USER      PR  NI    VIRT    RES    SHR S  %CPU  %MEM     TIME+ COMMAND

top - 00:44:20 up 93 days, 12:35,  6 users,  load average: 0.08, 0.52, 0.63
Tasks:   0 total,   0 running,   0 sleeping,   0 stopped,   0 zombie
%Cpu(s):  0.0 us,  0.0 sy,  0.0 ni,100.0 id,  0.0 wa,  0.0 hi,  0.0 si,  0.0 st
MiB Mem : 128490.0 total,  40286.7 free,   6745.4 used,  81457.9 buff/cache
MiB Swap:   2048.0 total,   1980.0 free,     68.0 used. 119917.3 avail Mem 

    PID USER      PR  NI    VIRT    RES    SHR S  %CPU  %MEM     TIME+ COMMAND

top - 00:44:25 up 93 days, 12:35,  6 users,  load average: 0.07, 0.51, 0.63
Tasks:   0 total,   0 running,   0 sleeping,   0 stopped,   0 zombie
%Cpu(s):  0.0 us,  0.0 sy,  0.0 ni,100.0 id,  0.0 wa,  0.0 hi,  0.0 si,  0.0 st
MiB Mem : 128490.0 total,  40286.7 free,   6745.4 used,  81457.9 buff/cache
MiB Swap:   2048.0 total,   1980.0 free,     68.0 used. 119917.3 avail Mem 

    PID USER      PR  NI    VIRT    RES    SHR S  %CPU  %MEM     TIME+ COMMAND

top - 00:44:30 up 93 days, 12:35,  6 users,  load average: 0.07, 0.50, 0.62
Tasks:   0 total,   0 running,   0 sleeping,   0 stopped,   0 zombie
%Cpu(s):  0.0 us,  0.0 sy,  0.0 ni,100.0 id,  0.0 wa,  0.0 hi,  0.0 si,  0.0 st
MiB Mem : 128490.0 total,  40286.7 free,   6745.4 used,  81457.9 buff/cache
MiB Swap:   2048.0 total,   1980.0 free,     68.0 used. 119917.3 avail Mem 

    PID USER      PR  NI    VIRT    RES    SHR S  %CPU  %MEM     TIME+ COMMAND

top - 00:44:35 up 93 days, 12:35,  6 users,  load average: 0.06, 0.49, 0.62
Tasks:   0 total,   0 running,   0 sleeping,   0 stopped,   0 zombie
%Cpu(s):  0.0 us,  0.0 sy,  0.0 ni,100.0 id,  0.0 wa,  0.0 hi,  0.0 si,  0.0 st
MiB Mem : 128490.0 total,  40286.7 free,   6745.4 used,  81457.9 buff/cache
MiB Swap:   2048.0 total,   1980.0 free,     68.0 used. 119917.3 avail Mem 

    PID USER      PR  NI    VIRT    RES    SHR S  %CPU  %MEM     TIME+ COMMAND

top - 00:44:40 up 93 days, 12:35,  6 users,  load average: 0.06, 0.48, 0.62
Tasks:   0 total,   0 running,   0 sleeping,   0 stopped,   0 zombie
%Cpu(s):  0.1 us,  0.0 sy,  0.0 ni, 99.9 id,  0.0 wa,  0.0 hi,  0.0 si,  0.0 st
MiB Mem : 128490.0 total,  40286.7 free,   6745.4 used,  81457.9 buff/cache
MiB Swap:   2048.0 total,   1980.0 free,     68.0 used. 119917.3 avail Mem 

    PID USER      PR  NI    VIRT    RES    SHR S  %CPU  %MEM     TIME+ COMMAND

top - 00:44:45 up 93 days, 12:35,  6 users,  load average: 0.05, 0.48, 0.61
Tasks:   0 total,   0 running,   0 sleeping,   0 stopped,   0 zombie
%Cpu(s):  0.0 us,  0.0 sy,  0.0 ni,100.0 id,  0.0 wa,  0.0 hi,  0.0 si,  0.0 st
MiB Mem : 128490.0 total,  40286.7 free,   6745.4 used,  81457.9 buff/cache
MiB Swap:   2048.0 total,   1980.0 free,     68.0 used. 119917.3 avail Mem 

    PID USER      PR  NI    VIRT    RES    SHR S  %CPU  %MEM     TIME+ COMMAND

top - 00:44:50 up 93 days, 12:35,  6 users,  load average: 0.05, 0.47, 0.61
Tasks:   0 total,   0 running,   0 sleeping,   0 stopped,   0 zombie
%Cpu(s):  0.0 us,  0.0 sy,  0.0 ni,100.0 id,  0.0 wa,  0.0 hi,  0.0 si,  0.0 st
MiB Mem : 128490.0 total,  40286.7 free,   6745.4 used,  81457.9 buff/cache
MiB Swap:   2048.0 total,   1980.0 free,     68.0 used. 119917.3 avail Mem 

    PID USER      PR  NI    VIRT    RES    SHR S  %CPU  %MEM     TIME+ COMMAND

top - 00:44:55 up 93 days, 12:36,  6 users,  load average: 0.04, 0.46, 0.61
Tasks:   0 total,   0 running,   0 sleeping,   0 stopped,   0 zombie
%Cpu(s):  0.0 us,  0.0 sy,  0.0 ni,100.0 id,  0.0 wa,  0.0 hi,  0.0 si,  0.0 st
MiB Mem : 128490.0 total,  40286.7 free,   6745.4 used,  81457.9 buff/cache
MiB Swap:   2048.0 total,   1980.0 free,     68.0 used. 119917.3 avail Mem 

    PID USER      PR  NI    VIRT    RES    SHR S  %CPU  %MEM     TIME+ COMMAND

top - 00:45:00 up 93 days, 12:36,  6 users,  load average: 0.04, 0.45, 0.60
Tasks:   0 total,   0 running,   0 sleeping,   0 stopped,   0 zombie
%Cpu(s):  0.0 us,  0.0 sy,  0.0 ni,100.0 id,  0.0 wa,  0.0 hi,  0.0 si,  0.0 st
MiB Mem : 128490.0 total,  40286.7 free,   6745.4 used,  81457.9 buff/cache
MiB Swap:   2048.0 total,   1980.0 free,     68.0 used. 119917.3 avail Mem 

    PID USER      PR  NI    VIRT    RES    SHR S  %CPU  %MEM     TIME+ COMMAND

top - 00:45:05 up 93 days, 12:36,  6 users,  load average: 0.04, 0.44, 0.60
Tasks:   0 total,   0 running,   0 sleeping,   0 stopped,   0 zombie
%Cpu(s):  0.0 us,  0.0 sy,  0.0 ni,100.0 id,  0.0 wa,  0.0 hi,  0.0 si,  0.0 st
MiB Mem : 128490.0 total,  40286.7 free,   6745.4 used,  81457.9 buff/cache
MiB Swap:   2048.0 total,   1980.0 free,     68.0 used. 119917.3 avail Mem 

    PID USER      PR  NI    VIRT    RES    SHR S  %CPU  %MEM     TIME+ COMMAND

top - 00:45:10 up 93 days, 12:36,  6 users,  load average: 0.03, 0.44, 0.60
Tasks:   0 total,   0 running,   0 sleeping,   0 stopped,   0 zombie
%Cpu(s):  0.0 us,  0.0 sy,  0.0 ni,100.0 id,  0.0 wa,  0.0 hi,  0.0 si,  0.0 st
MiB Mem : 128490.0 total,  40286.7 free,   6745.4 used,  81457.9 buff/cache
MiB Swap:   2048.0 total,   1980.0 free,     68.0 used. 119917.3 avail Mem 

    PID USER      PR  NI    VIRT    RES    SHR S  %CPU  %MEM     TIME+ COMMAND

top - 00:45:15 up 93 days, 12:36,  6 users,  load average: 0.03, 0.43, 0.59
Tasks:   0 total,   0 running,   0 sleeping,   0 stopped,   0 zombie
%Cpu(s):  0.0 us,  0.0 sy,  0.0 ni,100.0 id,  0.0 wa,  0.0 hi,  0.0 si,  0.0 st
MiB Mem : 128490.0 total,  40286.7 free,   6745.4 used,  81457.9 buff/cache
MiB Swap:   2048.0 total,   1980.0 free,     68.0 used. 119917.3 avail Mem 

    PID USER      PR  NI    VIRT    RES    SHR S  %CPU  %MEM     TIME+ COMMAND

top - 00:45:20 up 93 days, 12:36,  6 users,  load average: 0.03, 0.42, 0.59
Tasks:   0 total,   0 running,   0 sleeping,   0 stopped,   0 zombie
%Cpu(s):  0.0 us,  0.0 sy,  0.0 ni,100.0 id,  0.0 wa,  0.0 hi,  0.0 si,  0.0 st
MiB Mem : 128490.0 total,  40286.7 free,   6745.4 used,  81457.9 buff/cache
MiB Swap:   2048.0 total,   1980.0 free,     68.0 used. 119917.3 avail Mem 

    PID USER      PR  NI    VIRT    RES    SHR S  %CPU  %MEM     TIME+ COMMAND

top - 00:45:25 up 93 days, 12:36,  6 users,  load average: 0.02, 0.41, 0.58
Tasks:   0 total,   0 running,   0 sleeping,   0 stopped,   0 zombie
%Cpu(s):  0.0 us,  0.0 sy,  0.0 ni,100.0 id,  0.0 wa,  0.0 hi,  0.0 si,  0.0 st
MiB Mem : 128490.0 total,  40286.7 free,   6745.4 used,  81457.9 buff/cache
MiB Swap:   2048.0 total,   1980.0 free,     68.0 used. 119917.3 avail Mem 

    PID USER      PR  NI    VIRT    RES    SHR S  %CPU  %MEM     TIME+ COMMAND

top - 00:45:30 up 93 days, 12:36,  6 users,  load average: 0.02, 0.41, 0.58
Tasks:   0 total,   0 running,   0 sleeping,   0 stopped,   0 zombie
%Cpu(s):  0.0 us,  0.0 sy,  0.0 ni,100.0 id,  0.0 wa,  0.0 hi,  0.0 si,  0.0 st
MiB Mem : 128490.0 total,  40286.5 free,   6745.6 used,  81457.9 buff/cache
MiB Swap:   2048.0 total,   1980.0 free,     68.0 used. 119917.0 avail Mem 

    PID USER      PR  NI    VIRT    RES    SHR S  %CPU  %MEM     TIME+ COMMAND

top - 00:45:35 up 93 days, 12:36,  6 users,  load average: 0.02, 0.40, 0.58
Tasks:   0 total,   0 running,   0 sleeping,   0 stopped,   0 zombie
%Cpu(s):  0.0 us,  0.0 sy,  0.0 ni,100.0 id,  0.0 wa,  0.0 hi,  0.0 si,  0.0 st
MiB Mem : 128490.0 total,  40286.5 free,   6745.6 used,  81457.9 buff/cache
MiB Swap:   2048.0 total,   1980.0 free,     68.0 used. 119917.0 avail Mem 

    PID USER      PR  NI    VIRT    RES    SHR S  %CPU  %MEM     TIME+ COMMAND

top - 00:45:40 up 93 days, 12:36,  6 users,  load average: 0.02, 0.39, 0.57
Tasks:   0 total,   0 running,   0 sleeping,   0 stopped,   0 zombie
%Cpu(s):  0.0 us,  0.0 sy,  0.0 ni,100.0 id,  0.0 wa,  0.0 hi,  0.0 si,  0.0 st
MiB Mem : 128490.0 total,  40287.0 free,   6745.1 used,  81457.9 buff/cache
MiB Swap:   2048.0 total,   1980.0 free,     68.0 used. 119917.5 avail Mem 

    PID USER      PR  NI    VIRT    RES    SHR S  %CPU  %MEM     TIME+ COMMAND

top - 00:45:45 up 93 days, 12:36,  6 users,  load average: 0.02, 0.39, 0.57
Tasks:   0 total,   0 running,   0 sleeping,   0 stopped,   0 zombie
%Cpu(s):  0.0 us,  0.0 sy,  0.0 ni,100.0 id,  0.0 wa,  0.0 hi,  0.0 si,  0.0 st
MiB Mem : 128490.0 total,  40287.0 free,   6745.1 used,  81457.9 buff/cache
MiB Swap:   2048.0 total,   1980.0 free,     68.0 used. 119917.5 avail Mem 

    PID USER      PR  NI    VIRT    RES    SHR S  %CPU  %MEM     TIME+ COMMAND

top - 00:45:50 up 93 days, 12:36,  6 users,  load average: 0.02, 0.38, 0.57
Tasks:   0 total,   0 running,   0 sleeping,   0 stopped,   0 zombie
%Cpu(s):  0.0 us,  0.0 sy,  0.0 ni,100.0 id,  0.0 wa,  0.0 hi,  0.0 si,  0.0 st
MiB Mem : 128490.0 total,  40287.0 free,   6745.1 used,  81457.9 buff/cache
MiB Swap:   2048.0 total,   1980.0 free,     68.0 used. 119917.5 avail Mem 

    PID USER      PR  NI    VIRT    RES    SHR S  %CPU  %MEM     TIME+ COMMAND

top - 00:45:55 up 93 days, 12:37,  6 users,  load average: 0.01, 0.37, 0.56
Tasks:   0 total,   0 running,   0 sleeping,   0 stopped,   0 zombie
%Cpu(s):  0.0 us,  0.0 sy,  0.0 ni,100.0 id,  0.0 wa,  0.0 hi,  0.0 si,  0.0 st
MiB Mem : 128490.0 total,  40287.0 free,   6745.1 used,  81457.9 buff/cache
MiB Swap:   2048.0 total,   1980.0 free,     68.0 used. 119917.5 avail Mem 

    PID USER      PR  NI    VIRT    RES    SHR S  %CPU  %MEM     TIME+ COMMAND

top - 00:46:00 up 93 days, 12:37,  6 users,  load average: 0.01, 0.37, 0.56
Tasks:   0 total,   0 running,   0 sleeping,   0 stopped,   0 zombie
%Cpu(s):  0.0 us,  0.0 sy,  0.0 ni,100.0 id,  0.0 wa,  0.0 hi,  0.0 si,  0.0 st
MiB Mem : 128490.0 total,  40287.0 free,   6745.1 used,  81458.0 buff/cache
MiB Swap:   2048.0 total,   1980.0 free,     68.0 used. 119917.5 avail Mem 

    PID USER      PR  NI    VIRT    RES    SHR S  %CPU  %MEM     TIME+ COMMAND

top - 00:46:05 up 93 days, 12:37,  6 users,  load average: 0.01, 0.36, 0.56
Tasks:   0 total,   0 running,   0 sleeping,   0 stopped,   0 zombie
%Cpu(s):  0.0 us,  0.0 sy,  0.0 ni,100.0 id,  0.0 wa,  0.0 hi,  0.0 si,  0.0 st
MiB Mem : 128490.0 total,  40287.0 free,   6745.1 used,  81458.0 buff/cache
MiB Swap:   2048.0 total,   1980.0 free,     68.0 used. 119917.5 avail Mem 

    PID USER      PR  NI    VIRT    RES    SHR S  %CPU  %MEM     TIME+ COMMAND

top - 00:46:10 up 93 days, 12:37,  6 users,  load average: 0.01, 0.35, 0.55
Tasks:   0 total,   0 running,   0 sleeping,   0 stopped,   0 zombie
%Cpu(s):  0.0 us,  0.0 sy,  0.0 ni,100.0 id,  0.0 wa,  0.0 hi,  0.0 si,  0.0 st
MiB Mem : 128490.0 total,  40287.0 free,   6745.1 used,  81458.0 buff/cache
MiB Swap:   2048.0 total,   1980.0 free,     68.0 used. 119917.5 avail Mem 

    PID USER      PR  NI    VIRT    RES    SHR S  %CPU  %MEM     TIME+ COMMAND

top - 00:46:15 up 93 days, 12:37,  6 users,  load average: 0.01, 0.35, 0.55
Tasks:   0 total,   0 running,   0 sleeping,   0 stopped,   0 zombie
%Cpu(s):  0.0 us,  0.0 sy,  0.0 ni,100.0 id,  0.0 wa,  0.0 hi,  0.0 si,  0.0 st
MiB Mem : 128490.0 total,  40287.0 free,   6745.1 used,  81458.0 buff/cache
MiB Swap:   2048.0 total,   1980.0 free,     68.0 used. 119917.5 avail Mem 

    PID USER      PR  NI    VIRT    RES    SHR S  %CPU  %MEM     TIME+ COMMAND

top - 00:46:20 up 93 days, 12:37,  6 users,  load average: 0.01, 0.34, 0.55
Tasks:   0 total,   0 running,   0 sleeping,   0 stopped,   0 zombie
%Cpu(s):  0.0 us,  0.0 sy,  0.0 ni,100.0 id,  0.0 wa,  0.0 hi,  0.0 si,  0.0 st
MiB Mem : 128490.0 total,  40287.0 free,   6745.1 used,  81458.0 buff/cache
MiB Swap:   2048.0 total,   1980.0 free,     68.0 used. 119917.5 avail Mem 

    PID USER      PR  NI    VIRT    RES    SHR S  %CPU  %MEM     TIME+ COMMAND

top - 00:46:25 up 93 days, 12:37,  6 users,  load average: 0.01, 0.34, 0.54
Tasks:   0 total,   0 running,   0 sleeping,   0 stopped,   0 zombie
%Cpu(s):  0.0 us,  0.0 sy,  0.0 ni,100.0 id,  0.0 wa,  0.0 hi,  0.0 si,  0.0 st
MiB Mem : 128490.0 total,  40287.0 free,   6745.1 used,  81458.0 buff/cache
MiB Swap:   2048.0 total,   1980.0 free,     68.0 used. 119917.5 avail Mem 

    PID USER      PR  NI    VIRT    RES    SHR S  %CPU  %MEM     TIME+ COMMAND

top - 00:46:30 up 93 days, 12:37,  6 users,  load average: 0.01, 0.33, 0.54
Tasks:   0 total,   0 running,   0 sleeping,   0 stopped,   0 zombie
%Cpu(s):  0.0 us,  0.0 sy,  0.0 ni,100.0 id,  0.0 wa,  0.0 hi,  0.0 si,  0.0 st
MiB Mem : 128490.0 total,  40287.0 free,   6745.1 used,  81458.0 buff/cache
MiB Swap:   2048.0 total,   1980.0 free,     68.0 used. 119917.5 avail Mem 

    PID USER      PR  NI    VIRT    RES    SHR S  %CPU  %MEM     TIME+ COMMAND

top - 00:46:35 up 93 days, 12:37,  6 users,  load average: 0.01, 0.33, 0.54
Tasks:   0 total,   0 running,   0 sleeping,   0 stopped,   0 zombie
%Cpu(s):  0.0 us,  0.0 sy,  0.0 ni,100.0 id,  0.0 wa,  0.0 hi,  0.0 si,  0.0 st
MiB Mem : 128490.0 total,  40287.0 free,   6745.1 used,  81458.0 buff/cache
MiB Swap:   2048.0 total,   1980.0 free,     68.0 used. 119917.5 avail Mem 

    PID USER      PR  NI    VIRT    RES    SHR S  %CPU  %MEM     TIME+ COMMAND

top - 00:46:40 up 93 days, 12:37,  6 users,  load average: 0.00, 0.32, 0.54
Tasks:   0 total,   0 running,   0 sleeping,   0 stopped,   0 zombie
%Cpu(s):  0.0 us,  0.0 sy,  0.0 ni,100.0 id,  0.0 wa,  0.0 hi,  0.0 si,  0.0 st
MiB Mem : 128490.0 total,  40287.0 free,   6745.1 used,  81458.0 buff/cache
MiB Swap:   2048.0 total,   1980.0 free,     68.0 used. 119917.5 avail Mem 

    PID USER      PR  NI    VIRT    RES    SHR S  %CPU  %MEM     TIME+ COMMAND

top - 00:46:45 up 93 days, 12:37,  6 users,  load average: 0.00, 0.31, 0.53
Tasks:   0 total,   0 running,   0 sleeping,   0 stopped,   0 zombie
%Cpu(s):  0.0 us,  0.0 sy,  0.0 ni,100.0 id,  0.0 wa,  0.0 hi,  0.0 si,  0.0 st
MiB Mem : 128490.0 total,  40287.0 free,   6745.1 used,  81458.0 buff/cache
MiB Swap:   2048.0 total,   1980.0 free,     68.0 used. 119917.5 avail Mem 

    PID USER      PR  NI    VIRT    RES    SHR S  %CPU  %MEM     TIME+ COMMAND

top - 00:46:50 up 93 days, 12:37,  6 users,  load average: 0.00, 0.31, 0.53
Tasks:   0 total,   0 running,   0 sleeping,   0 stopped,   0 zombie
%Cpu(s):  0.0 us,  0.0 sy,  0.0 ni,100.0 id,  0.0 wa,  0.0 hi,  0.0 si,  0.0 st
MiB Mem : 128490.0 total,  40287.0 free,   6745.1 used,  81458.0 buff/cache
MiB Swap:   2048.0 total,   1980.0 free,     68.0 used. 119917.5 avail Mem 

    PID USER      PR  NI    VIRT    RES    SHR S  %CPU  %MEM     TIME+ COMMAND

top - 00:46:55 up 93 days, 12:38,  6 users,  load average: 0.00, 0.30, 0.53
Tasks:   0 total,   0 running,   0 sleeping,   0 stopped,   0 zombie
%Cpu(s):  0.0 us,  0.0 sy,  0.0 ni,100.0 id,  0.0 wa,  0.0 hi,  0.0 si,  0.0 st
MiB Mem : 128490.0 total,  40287.0 free,   6745.1 used,  81458.0 buff/cache
MiB Swap:   2048.0 total,   1980.0 free,     68.0 used. 119917.5 avail Mem 

    PID USER      PR  NI    VIRT    RES    SHR S  %CPU  %MEM     TIME+ COMMAND

top - 00:47:00 up 93 days, 12:38,  6 users,  load average: 0.00, 0.30, 0.52
Tasks:   0 total,   0 running,   0 sleeping,   0 stopped,   0 zombie
%Cpu(s):  0.0 us,  0.0 sy,  0.0 ni,100.0 id,  0.0 wa,  0.0 hi,  0.0 si,  0.0 st
MiB Mem : 128490.0 total,  40287.0 free,   6745.1 used,  81458.0 buff/cache
MiB Swap:   2048.0 total,   1980.0 free,     68.0 used. 119917.5 avail Mem 

    PID USER      PR  NI    VIRT    RES    SHR S  %CPU  %MEM     TIME+ COMMAND

top - 00:47:05 up 93 days, 12:38,  6 users,  load average: 0.00, 0.29, 0.52
Tasks:   0 total,   0 running,   0 sleeping,   0 stopped,   0 zombie
%Cpu(s):  0.0 us,  0.0 sy,  0.0 ni,100.0 id,  0.0 wa,  0.0 hi,  0.0 si,  0.0 st
MiB Mem : 128490.0 total,  40287.0 free,   6745.1 used,  81458.0 buff/cache
MiB Swap:   2048.0 total,   1980.0 free,     68.0 used. 119917.5 avail Mem 

    PID USER      PR  NI    VIRT    RES    SHR S  %CPU  %MEM     TIME+ COMMAND

top - 00:47:10 up 93 days, 12:38,  6 users,  load average: 0.00, 0.29, 0.52
Tasks:   0 total,   0 running,   0 sleeping,   0 stopped,   0 zombie
%Cpu(s):  0.0 us,  0.0 sy,  0.0 ni,100.0 id,  0.0 wa,  0.0 hi,  0.0 si,  0.0 st
MiB Mem : 128490.0 total,  40287.0 free,   6745.1 used,  81458.0 buff/cache
MiB Swap:   2048.0 total,   1980.0 free,     68.0 used. 119917.5 avail Mem 

    PID USER      PR  NI    VIRT    RES    SHR S  %CPU  %MEM     TIME+ COMMAND

top - 00:47:15 up 93 days, 12:38,  6 users,  load average: 0.00, 0.28, 0.51
Tasks:   0 total,   0 running,   0 sleeping,   0 stopped,   0 zombie
%Cpu(s):  0.0 us,  0.0 sy,  0.0 ni,100.0 id,  0.0 wa,  0.0 hi,  0.0 si,  0.0 st
MiB Mem : 128490.0 total,  40287.0 free,   6745.1 used,  81458.0 buff/cache
MiB Swap:   2048.0 total,   1980.0 free,     68.0 used. 119917.5 avail Mem 

    PID USER      PR  NI    VIRT    RES    SHR S  %CPU  %MEM     TIME+ COMMAND

top - 00:47:20 up 93 days, 12:38,  6 users,  load average: 0.00, 0.28, 0.51
Tasks:   0 total,   0 running,   0 sleeping,   0 stopped,   0 zombie
%Cpu(s):  0.0 us,  0.0 sy,  0.0 ni,100.0 id,  0.0 wa,  0.0 hi,  0.0 si,  0.0 st
MiB Mem : 128490.0 total,  40287.0 free,   6745.1 used,  81458.0 buff/cache
MiB Swap:   2048.0 total,   1980.0 free,     68.0 used. 119917.5 avail Mem 

    PID USER      PR  NI    VIRT    RES    SHR S  %CPU  %MEM     TIME+ COMMAND

top - 00:47:25 up 93 days, 12:38,  6 users,  load average: 0.00, 0.27, 0.51
Tasks:   0 total,   0 running,   0 sleeping,   0 stopped,   0 zombie
%Cpu(s):  0.0 us,  0.0 sy,  0.0 ni,100.0 id,  0.0 wa,  0.0 hi,  0.0 si,  0.0 st
MiB Mem : 128490.0 total,  40287.0 free,   6745.1 used,  81458.0 buff/cache
MiB Swap:   2048.0 total,   1980.0 free,     68.0 used. 119917.5 avail Mem 

    PID USER      PR  NI    VIRT    RES    SHR S  %CPU  %MEM     TIME+ COMMAND

top - 00:47:30 up 93 days, 12:38,  6 users,  load average: 0.00, 0.27, 0.51
Tasks:   0 total,   0 running,   0 sleeping,   0 stopped,   0 zombie
%Cpu(s):  0.0 us,  0.0 sy,  0.0 ni,100.0 id,  0.0 wa,  0.0 hi,  0.0 si,  0.0 st
MiB Mem : 128490.0 total,  40287.0 free,   6745.1 used,  81458.0 buff/cache
MiB Swap:   2048.0 total,   1980.0 free,     68.0 used. 119917.5 avail Mem 

    PID USER      PR  NI    VIRT    RES    SHR S  %CPU  %MEM     TIME+ COMMAND

top - 00:47:35 up 93 days, 12:38,  6 users,  load average: 0.00, 0.26, 0.50
Tasks:   0 total,   0 running,   0 sleeping,   0 stopped,   0 zombie
%Cpu(s):  0.0 us,  0.0 sy,  0.0 ni,100.0 id,  0.0 wa,  0.0 hi,  0.0 si,  0.0 st
MiB Mem : 128490.0 total,  40287.0 free,   6745.1 used,  81458.0 buff/cache
MiB Swap:   2048.0 total,   1980.0 free,     68.0 used. 119917.5 avail Mem 

    PID USER      PR  NI    VIRT    RES    SHR S  %CPU  %MEM     TIME+ COMMAND

top - 00:47:40 up 93 days, 12:38,  6 users,  load average: 0.00, 0.26, 0.50
Tasks:   0 total,   0 running,   0 sleeping,   0 stopped,   0 zombie
%Cpu(s):  0.0 us,  0.0 sy,  0.0 ni,100.0 id,  0.0 wa,  0.0 hi,  0.0 si,  0.0 st
MiB Mem : 128490.0 total,  40287.0 free,   6745.1 used,  81458.0 buff/cache
MiB Swap:   2048.0 total,   1980.0 free,     68.0 used. 119917.5 avail Mem 

    PID USER      PR  NI    VIRT    RES    SHR S  %CPU  %MEM     TIME+ COMMAND

top - 00:47:45 up 93 days, 12:38,  6 users,  load average: 0.00, 0.25, 0.50
Tasks:   0 total,   0 running,   0 sleeping,   0 stopped,   0 zombie
%Cpu(s):  0.0 us,  0.0 sy,  0.0 ni,100.0 id,  0.0 wa,  0.0 hi,  0.0 si,  0.0 st
MiB Mem : 128490.0 total,  40287.0 free,   6745.1 used,  81458.0 buff/cache
MiB Swap:   2048.0 total,   1980.0 free,     68.0 used. 119917.5 avail Mem 

    PID USER      PR  NI    VIRT    RES    SHR S  %CPU  %MEM     TIME+ COMMAND

top - 00:47:50 up 93 days, 12:38,  6 users,  load average: 0.00, 0.25, 0.49
Tasks:   0 total,   0 running,   0 sleeping,   0 stopped,   0 zombie
%Cpu(s):  0.0 us,  0.0 sy,  0.0 ni,100.0 id,  0.0 wa,  0.0 hi,  0.0 si,  0.0 st
MiB Mem : 128490.0 total,  40287.0 free,   6745.1 used,  81458.0 buff/cache
MiB Swap:   2048.0 total,   1980.0 free,     68.0 used. 119917.5 avail Mem 

    PID USER      PR  NI    VIRT    RES    SHR S  %CPU  %MEM     TIME+ COMMAND

top - 00:47:55 up 93 days, 12:39,  6 users,  load average: 0.08, 0.26, 0.50
Tasks:   0 total,   0 running,   0 sleeping,   0 stopped,   0 zombie
%Cpu(s):  0.0 us,  0.0 sy,  0.0 ni,100.0 id,  0.0 wa,  0.0 hi,  0.0 si,  0.0 st
MiB Mem : 128490.0 total,  40287.0 free,   6745.1 used,  81458.0 buff/cache
MiB Swap:   2048.0 total,   1980.0 free,     68.0 used. 119917.5 avail Mem 

    PID USER      PR  NI    VIRT    RES    SHR S  %CPU  %MEM     TIME+ COMMAND

top - 00:48:00 up 93 days, 12:39,  6 users,  load average: 0.07, 0.26, 0.49
Tasks:   0 total,   0 running,   0 sleeping,   0 stopped,   0 zombie
%Cpu(s):  0.0 us,  0.0 sy,  0.0 ni,100.0 id,  0.0 wa,  0.0 hi,  0.0 si,  0.0 st
MiB Mem : 128490.0 total,  40287.0 free,   6745.1 used,  81458.0 buff/cache
MiB Swap:   2048.0 total,   1980.0 free,     68.0 used. 119917.5 avail Mem 

    PID USER      PR  NI    VIRT    RES    SHR S  %CPU  %MEM     TIME+ COMMAND

top - 00:48:05 up 93 days, 12:39,  6 users,  load average: 0.07, 0.25, 0.49
Tasks:   0 total,   0 running,   0 sleeping,   0 stopped,   0 zombie
%Cpu(s):  0.0 us,  0.0 sy,  0.0 ni,100.0 id,  0.0 wa,  0.0 hi,  0.0 si,  0.0 st
MiB Mem : 128490.0 total,  40287.0 free,   6745.1 used,  81458.0 buff/cache
MiB Swap:   2048.0 total,   1980.0 free,     68.0 used. 119917.5 avail Mem 

    PID USER      PR  NI    VIRT    RES    SHR S  %CPU  %MEM     TIME+ COMMAND

top - 00:48:10 up 93 days, 12:39,  6 users,  load average: 0.06, 0.25, 0.49
Tasks:   0 total,   0 running,   0 sleeping,   0 stopped,   0 zombie
%Cpu(s):  0.0 us,  0.0 sy,  0.0 ni,100.0 id,  0.0 wa,  0.0 hi,  0.0 si,  0.0 st
MiB Mem : 128490.0 total,  40287.0 free,   6745.1 used,  81458.0 buff/cache
MiB Swap:   2048.0 total,   1980.0 free,     68.0 used. 119917.5 avail Mem 

    PID USER      PR  NI    VIRT    RES    SHR S  %CPU  %MEM     TIME+ COMMAND

top - 00:48:15 up 93 days, 12:39,  6 users,  load average: 0.06, 0.25, 0.49
Tasks:   0 total,   0 running,   0 sleeping,   0 stopped,   0 zombie
%Cpu(s):  0.0 us,  0.0 sy,  0.0 ni,100.0 id,  0.0 wa,  0.0 hi,  0.0 si,  0.0 st
MiB Mem : 128490.0 total,  40287.0 free,   6745.1 used,  81458.0 buff/cache
MiB Swap:   2048.0 total,   1980.0 free,     68.0 used. 119917.5 avail Mem 

    PID USER      PR  NI    VIRT    RES    SHR S  %CPU  %MEM     TIME+ COMMAND

top - 00:48:20 up 93 days, 12:39,  6 users,  load average: 0.05, 0.24, 0.48
Tasks:   0 total,   0 running,   0 sleeping,   0 stopped,   0 zombie
%Cpu(s):  0.0 us,  0.0 sy,  0.0 ni,100.0 id,  0.0 wa,  0.0 hi,  0.0 si,  0.0 st
MiB Mem : 128490.0 total,  40287.0 free,   6745.1 used,  81458.0 buff/cache
MiB Swap:   2048.0 total,   1980.0 free,     68.0 used. 119917.6 avail Mem 

    PID USER      PR  NI    VIRT    RES    SHR S  %CPU  %MEM     TIME+ COMMAND

top - 00:48:25 up 93 days, 12:39,  6 users,  load average: 0.05, 0.24, 0.48
Tasks:   0 total,   0 running,   0 sleeping,   0 stopped,   0 zombie
%Cpu(s):  0.0 us,  0.0 sy,  0.0 ni,100.0 id,  0.0 wa,  0.0 hi,  0.0 si,  0.0 st
MiB Mem : 128490.0 total,  40287.0 free,   6745.1 used,  81458.0 buff/cache
MiB Swap:   2048.0 total,   1980.0 free,     68.0 used. 119917.6 avail Mem 

    PID USER      PR  NI    VIRT    RES    SHR S  %CPU  %MEM     TIME+ COMMAND

top - 00:48:30 up 93 days, 12:39,  6 users,  load average: 0.04, 0.23, 0.48
Tasks:   0 total,   0 running,   0 sleeping,   0 stopped,   0 zombie
%Cpu(s):  0.0 us,  0.0 sy,  0.0 ni,100.0 id,  0.0 wa,  0.0 hi,  0.0 si,  0.0 st
MiB Mem : 128490.0 total,  40287.0 free,   6745.1 used,  81458.0 buff/cache
MiB Swap:   2048.0 total,   1980.0 free,     68.0 used. 119917.6 avail Mem 

    PID USER      PR  NI    VIRT    RES    SHR S  %CPU  %MEM     TIME+ COMMAND

top - 00:48:35 up 93 days, 12:39,  6 users,  load average: 0.04, 0.23, 0.47
Tasks:   0 total,   0 running,   0 sleeping,   0 stopped,   0 zombie
%Cpu(s):  0.0 us,  0.0 sy,  0.0 ni,100.0 id,  0.0 wa,  0.0 hi,  0.0 si,  0.0 st
MiB Mem : 128490.0 total,  40287.0 free,   6745.1 used,  81458.0 buff/cache
MiB Swap:   2048.0 total,   1980.0 free,     68.0 used. 119917.6 avail Mem 

    PID USER      PR  NI    VIRT    RES    SHR S  %CPU  %MEM     TIME+ COMMAND

top - 00:48:40 up 93 days, 12:39,  6 users,  load average: 0.04, 0.22, 0.47
Tasks:   0 total,   0 running,   0 sleeping,   0 stopped,   0 zombie
%Cpu(s):  0.0 us,  0.0 sy,  0.0 ni,100.0 id,  0.0 wa,  0.0 hi,  0.0 si,  0.0 st
MiB Mem : 128490.0 total,  40287.0 free,   6745.1 used,  81458.0 buff/cache
MiB Swap:   2048.0 total,   1980.0 free,     68.0 used. 119917.6 avail Mem 

    PID USER      PR  NI    VIRT    RES    SHR S  %CPU  %MEM     TIME+ COMMAND

top - 00:48:45 up 93 days, 12:39,  6 users,  load average: 0.03, 0.22, 0.47
Tasks:   0 total,   0 running,   0 sleeping,   0 stopped,   0 zombie
%Cpu(s):  0.1 us,  0.0 sy,  0.0 ni, 99.9 id,  0.0 wa,  0.0 hi,  0.0 si,  0.0 st
MiB Mem : 128490.0 total,  40287.0 free,   6745.1 used,  81458.0 buff/cache
MiB Swap:   2048.0 total,   1980.0 free,     68.0 used. 119917.6 avail Mem 

    PID USER      PR  NI    VIRT    RES    SHR S  %CPU  %MEM     TIME+ COMMAND

top - 00:48:50 up 93 days, 12:39,  6 users,  load average: 0.03, 0.22, 0.46
Tasks:   0 total,   0 running,   0 sleeping,   0 stopped,   0 zombie
%Cpu(s):  0.0 us,  0.0 sy,  0.0 ni,100.0 id,  0.0 wa,  0.0 hi,  0.0 si,  0.0 st
MiB Mem : 128490.0 total,  40287.0 free,   6745.1 used,  81458.0 buff/cache
MiB Swap:   2048.0 total,   1980.0 free,     68.0 used. 119917.6 avail Mem 

    PID USER      PR  NI    VIRT    RES    SHR S  %CPU  %MEM     TIME+ COMMAND

top - 00:48:55 up 93 days, 12:40,  6 users,  load average: 0.03, 0.21, 0.46
Tasks:   0 total,   0 running,   0 sleeping,   0 stopped,   0 zombie
%Cpu(s):  0.0 us,  0.0 sy,  0.0 ni, 99.9 id,  0.0 wa,  0.0 hi,  0.0 si,  0.0 st
MiB Mem : 128490.0 total,  40287.0 free,   6745.1 used,  81458.0 buff/cache
MiB Swap:   2048.0 total,   1980.0 free,     68.0 used. 119917.6 avail Mem 

    PID USER      PR  NI    VIRT    RES    SHR S  %CPU  %MEM     TIME+ COMMAND

top - 00:49:00 up 93 days, 12:40,  6 users,  load average: 0.02, 0.21, 0.46
Tasks:   0 total,   0 running,   0 sleeping,   0 stopped,   0 zombie
%Cpu(s):  0.0 us,  0.0 sy,  0.0 ni,100.0 id,  0.0 wa,  0.0 hi,  0.0 si,  0.0 st
MiB Mem : 128490.0 total,  40287.0 free,   6745.1 used,  81458.0 buff/cache
MiB Swap:   2048.0 total,   1980.0 free,     68.0 used. 119917.6 avail Mem 

    PID USER      PR  NI    VIRT    RES    SHR S  %CPU  %MEM     TIME+ COMMAND

top - 00:49:05 up 93 days, 12:40,  6 users,  load average: 0.02, 0.20, 0.46
Tasks:   0 total,   0 running,   0 sleeping,   0 stopped,   0 zombie
%Cpu(s):  0.0 us,  0.0 sy,  0.0 ni,100.0 id,  0.0 wa,  0.0 hi,  0.0 si,  0.0 st
MiB Mem : 128490.0 total,  40287.0 free,   6745.1 used,  81458.0 buff/cache
MiB Swap:   2048.0 total,   1980.0 free,     68.0 used. 119917.6 avail Mem 

    PID USER      PR  NI    VIRT    RES    SHR S  %CPU  %MEM     TIME+ COMMAND

top - 00:49:10 up 93 days, 12:40,  6 users,  load average: 0.02, 0.20, 0.45
Tasks:   0 total,   0 running,   0 sleeping,   0 stopped,   0 zombie
%Cpu(s):  0.0 us,  0.0 sy,  0.0 ni,100.0 id,  0.0 wa,  0.0 hi,  0.0 si,  0.0 st
MiB Mem : 128490.0 total,  40287.0 free,   6745.1 used,  81458.0 buff/cache
MiB Swap:   2048.0 total,   1980.0 free,     68.0 used. 119917.6 avail Mem 

    PID USER      PR  NI    VIRT    RES    SHR S  %CPU  %MEM     TIME+ COMMAND

top - 00:49:15 up 93 days, 12:40,  6 users,  load average: 0.02, 0.20, 0.45
Tasks:   0 total,   0 running,   0 sleeping,   0 stopped,   0 zombie
%Cpu(s):  0.0 us,  0.0 sy,  0.0 ni,100.0 id,  0.0 wa,  0.0 hi,  0.0 si,  0.0 st
MiB Mem : 128490.0 total,  40287.0 free,   6745.1 used,  81458.0 buff/cache
MiB Swap:   2048.0 total,   1980.0 free,     68.0 used. 119917.6 avail Mem 

    PID USER      PR  NI    VIRT    RES    SHR S  %CPU  %MEM     TIME+ COMMAND

top - 00:49:20 up 93 days, 12:40,  6 users,  load average: 0.02, 0.19, 0.45
Tasks:   0 total,   0 running,   0 sleeping,   0 stopped,   0 zombie
%Cpu(s):  0.0 us,  0.0 sy,  0.0 ni,100.0 id,  0.0 wa,  0.0 hi,  0.0 si,  0.0 st
MiB Mem : 128490.0 total,  40287.2 free,   6744.8 used,  81458.0 buff/cache
MiB Swap:   2048.0 total,   1980.0 free,     68.0 used. 119917.8 avail Mem 

    PID USER      PR  NI    VIRT    RES    SHR S  %CPU  %MEM     TIME+ COMMAND

top - 00:49:25 up 93 days, 12:40,  6 users,  load average: 0.02, 0.19, 0.45
Tasks:   0 total,   0 running,   0 sleeping,   0 stopped,   0 zombie
%Cpu(s):  0.0 us,  0.0 sy,  0.0 ni, 99.9 id,  0.0 wa,  0.0 hi,  0.0 si,  0.0 st
MiB Mem : 128490.0 total,  40287.2 free,   6744.8 used,  81458.0 buff/cache
MiB Swap:   2048.0 total,   1980.0 free,     68.0 used. 119917.8 avail Mem 

    PID USER      PR  NI    VIRT    RES    SHR S  %CPU  %MEM     TIME+ COMMAND

top - 00:49:30 up 93 days, 12:40,  6 users,  load average: 0.09, 0.20, 0.45
Tasks:   0 total,   0 running,   0 sleeping,   0 stopped,   0 zombie
%Cpu(s):  0.0 us,  0.0 sy,  0.0 ni,100.0 id,  0.0 wa,  0.0 hi,  0.0 si,  0.0 st
MiB Mem : 128490.0 total,  40287.2 free,   6744.8 used,  81458.0 buff/cache
MiB Swap:   2048.0 total,   1980.0 free,     68.0 used. 119917.8 avail Mem 

    PID USER      PR  NI    VIRT    RES    SHR S  %CPU  %MEM     TIME+ COMMAND

top - 00:49:35 up 93 days, 12:40,  6 users,  load average: 0.09, 0.20, 0.45
Tasks:   0 total,   0 running,   0 sleeping,   0 stopped,   0 zombie
%Cpu(s):  0.0 us,  0.0 sy,  0.0 ni,100.0 id,  0.0 wa,  0.0 hi,  0.0 si,  0.0 st
MiB Mem : 128490.0 total,  40287.2 free,   6744.8 used,  81458.0 buff/cache
MiB Swap:   2048.0 total,   1980.0 free,     68.0 used. 119917.8 avail Mem 

    PID USER      PR  NI    VIRT    RES    SHR S  %CPU  %MEM     TIME+ COMMAND

top - 00:49:40 up 93 days, 12:40,  6 users,  load average: 0.08, 0.20, 0.44
Tasks:   0 total,   0 running,   0 sleeping,   0 stopped,   0 zombie
%Cpu(s):  0.0 us,  0.0 sy,  0.0 ni,100.0 id,  0.0 wa,  0.0 hi,  0.0 si,  0.0 st
MiB Mem : 128490.0 total,  40287.2 free,   6744.8 used,  81458.0 buff/cache
MiB Swap:   2048.0 total,   1980.0 free,     68.0 used. 119917.8 avail Mem 

    PID USER      PR  NI    VIRT    RES    SHR S  %CPU  %MEM     TIME+ COMMAND

top - 00:49:45 up 93 days, 12:40,  6 users,  load average: 0.07, 0.19, 0.44
Tasks:   0 total,   0 running,   0 sleeping,   0 stopped,   0 zombie
%Cpu(s):  0.0 us,  0.0 sy,  0.0 ni,100.0 id,  0.0 wa,  0.0 hi,  0.0 si,  0.0 st
MiB Mem : 128490.0 total,  40287.2 free,   6744.8 used,  81458.0 buff/cache
MiB Swap:   2048.0 total,   1980.0 free,     68.0 used. 119917.8 avail Mem 

    PID USER      PR  NI    VIRT    RES    SHR S  %CPU  %MEM     TIME+ COMMAND

top - 00:49:50 up 93 days, 12:40,  6 users,  load average: 0.07, 0.19, 0.44
Tasks:   0 total,   0 running,   0 sleeping,   0 stopped,   0 zombie
%Cpu(s):  0.0 us,  0.0 sy,  0.0 ni,100.0 id,  0.0 wa,  0.0 hi,  0.0 si,  0.0 st
MiB Mem : 128490.0 total,  40287.2 free,   6744.8 used,  81458.0 buff/cache
MiB Swap:   2048.0 total,   1980.0 free,     68.0 used. 119917.8 avail Mem 

    PID USER      PR  NI    VIRT    RES    SHR S  %CPU  %MEM     TIME+ COMMAND

top - 00:49:55 up 93 days, 12:41,  6 users,  load average: 0.06, 0.19, 0.44
Tasks:   0 total,   0 running,   0 sleeping,   0 stopped,   0 zombie
%Cpu(s):  0.0 us,  0.0 sy,  0.0 ni,100.0 id,  0.0 wa,  0.0 hi,  0.0 si,  0.0 st
MiB Mem : 128490.0 total,  40288.2 free,   6743.8 used,  81458.0 buff/cache
MiB Swap:   2048.0 total,   1980.0 free,     68.0 used. 119918.8 avail Mem 

    PID USER      PR  NI    VIRT    RES    SHR S  %CPU  %MEM     TIME+ COMMAND

top - 00:50:00 up 93 days, 12:41,  6 users,  load average: 0.06, 0.18, 0.43
Tasks:   0 total,   0 running,   0 sleeping,   0 stopped,   0 zombie
%Cpu(s):  0.0 us,  0.0 sy,  0.0 ni,100.0 id,  0.0 wa,  0.0 hi,  0.0 si,  0.0 st
MiB Mem : 128490.0 total,  40288.2 free,   6743.8 used,  81458.0 buff/cache
MiB Swap:   2048.0 total,   1980.0 free,     68.0 used. 119918.8 avail Mem 

    PID USER      PR  NI    VIRT    RES    SHR S  %CPU  %MEM     TIME+ COMMAND

top - 00:50:05 up 93 days, 12:41,  6 users,  load average: 0.05, 0.18, 0.43
Tasks:   0 total,   0 running,   0 sleeping,   0 stopped,   0 zombie
%Cpu(s):  0.0 us,  0.0 sy,  0.0 ni,100.0 id,  0.0 wa,  0.0 hi,  0.0 si,  0.0 st
MiB Mem : 128490.0 total,  40288.2 free,   6743.8 used,  81458.0 buff/cache
MiB Swap:   2048.0 total,   1980.0 free,     68.0 used. 119918.8 avail Mem 

    PID USER      PR  NI    VIRT    RES    SHR S  %CPU  %MEM     TIME+ COMMAND

top - 00:50:10 up 93 days, 12:41,  6 users,  load average: 0.05, 0.18, 0.43
Tasks:   0 total,   0 running,   0 sleeping,   0 stopped,   0 zombie
%Cpu(s):  0.0 us,  0.0 sy,  0.0 ni,100.0 id,  0.0 wa,  0.0 hi,  0.0 si,  0.0 st
MiB Mem : 128490.0 total,  40288.2 free,   6743.8 used,  81458.0 buff/cache
MiB Swap:   2048.0 total,   1980.0 free,     68.0 used. 119918.8 avail Mem 

    PID USER      PR  NI    VIRT    RES    SHR S  %CPU  %MEM     TIME+ COMMAND

top - 00:50:15 up 93 days, 12:41,  6 users,  load average: 0.04, 0.17, 0.43
Tasks:   0 total,   0 running,   0 sleeping,   0 stopped,   0 zombie
%Cpu(s):  0.0 us,  0.0 sy,  0.0 ni,100.0 id,  0.0 wa,  0.0 hi,  0.0 si,  0.0 st
MiB Mem : 128490.0 total,  40288.2 free,   6743.8 used,  81458.0 buff/cache
MiB Swap:   2048.0 total,   1980.0 free,     68.0 used. 119918.8 avail Mem 

    PID USER      PR  NI    VIRT    RES    SHR S  %CPU  %MEM     TIME+ COMMAND

top - 00:50:20 up 93 days, 12:41,  6 users,  load average: 0.04, 0.17, 0.42
Tasks:   0 total,   0 running,   0 sleeping,   0 stopped,   0 zombie
%Cpu(s):  0.0 us,  0.0 sy,  0.0 ni,100.0 id,  0.0 wa,  0.0 hi,  0.0 si,  0.0 st
MiB Mem : 128490.0 total,  40288.2 free,   6743.8 used,  81458.0 buff/cache
MiB Swap:   2048.0 total,   1980.0 free,     68.0 used. 119918.8 avail Mem 

    PID USER      PR  NI    VIRT    RES    SHR S  %CPU  %MEM     TIME+ COMMAND

top - 00:50:25 up 93 days, 12:41,  6 users,  load average: 0.04, 0.17, 0.42
Tasks:   0 total,   0 running,   0 sleeping,   0 stopped,   0 zombie
%Cpu(s):  0.0 us,  0.0 sy,  0.0 ni,100.0 id,  0.0 wa,  0.0 hi,  0.0 si,  0.0 st
MiB Mem : 128490.0 total,  40288.2 free,   6743.8 used,  81458.0 buff/cache
MiB Swap:   2048.0 total,   1980.0 free,     68.0 used. 119918.8 avail Mem 

    PID USER      PR  NI    VIRT    RES    SHR S  %CPU  %MEM     TIME+ COMMAND

top - 00:50:30 up 93 days, 12:41,  6 users,  load average: 0.03, 0.16, 0.42
Tasks:   0 total,   0 running,   0 sleeping,   0 stopped,   0 zombie
%Cpu(s):  0.0 us,  0.0 sy,  0.0 ni, 99.9 id,  0.0 wa,  0.0 hi,  0.0 si,  0.0 st
MiB Mem : 128490.0 total,  40288.2 free,   6743.8 used,  81458.0 buff/cache
MiB Swap:   2048.0 total,   1980.0 free,     68.0 used. 119918.8 avail Mem 

    PID USER      PR  NI    VIRT    RES    SHR S  %CPU  %MEM     TIME+ COMMAND

top - 00:50:35 up 93 days, 12:41,  6 users,  load average: 0.03, 0.16, 0.42
Tasks:   0 total,   0 running,   0 sleeping,   0 stopped,   0 zombie
%Cpu(s):  0.0 us,  0.0 sy,  0.0 ni,100.0 id,  0.0 wa,  0.0 hi,  0.0 si,  0.0 st
MiB Mem : 128490.0 total,  40288.2 free,   6743.8 used,  81458.0 buff/cache
MiB Swap:   2048.0 total,   1980.0 free,     68.0 used. 119918.8 avail Mem 

    PID USER      PR  NI    VIRT    RES    SHR S  %CPU  %MEM     TIME+ COMMAND

top - 00:50:40 up 93 days, 12:41,  6 users,  load average: 0.03, 0.16, 0.41
Tasks:   0 total,   0 running,   0 sleeping,   0 stopped,   0 zombie
%Cpu(s):  0.0 us,  0.0 sy,  0.0 ni, 99.9 id,  0.0 wa,  0.0 hi,  0.0 si,  0.0 st
MiB Mem : 128490.0 total,  40288.2 free,   6743.8 used,  81458.0 buff/cache
MiB Swap:   2048.0 total,   1980.0 free,     68.0 used. 119918.8 avail Mem 

    PID USER      PR  NI    VIRT    RES    SHR S  %CPU  %MEM     TIME+ COMMAND

top - 00:50:45 up 93 days, 12:41,  6 users,  load average: 0.02, 0.16, 0.41
Tasks:   0 total,   0 running,   0 sleeping,   0 stopped,   0 zombie
%Cpu(s):  0.0 us,  0.0 sy,  0.0 ni,100.0 id,  0.0 wa,  0.0 hi,  0.0 si,  0.0 st
MiB Mem : 128490.0 total,  40288.2 free,   6743.8 used,  81458.0 buff/cache
MiB Swap:   2048.0 total,   1980.0 free,     68.0 used. 119918.8 avail Mem 

    PID USER      PR  NI    VIRT    RES    SHR S  %CPU  %MEM     TIME+ COMMAND

top - 00:50:50 up 93 days, 12:41,  6 users,  load average: 0.02, 0.15, 0.41
Tasks:   0 total,   0 running,   0 sleeping,   0 stopped,   0 zombie
%Cpu(s):  0.0 us,  0.0 sy,  0.0 ni,100.0 id,  0.0 wa,  0.0 hi,  0.0 si,  0.0 st
MiB Mem : 128490.0 total,  40288.2 free,   6743.8 used,  81458.0 buff/cache
MiB Swap:   2048.0 total,   1980.0 free,     68.0 used. 119918.8 avail Mem 

    PID USER      PR  NI    VIRT    RES    SHR S  %CPU  %MEM     TIME+ COMMAND

top - 00:50:55 up 93 days, 12:42,  6 users,  load average: 0.02, 0.15, 0.41
Tasks:   0 total,   0 running,   0 sleeping,   0 stopped,   0 zombie
%Cpu(s):  0.1 us,  0.0 sy,  0.0 ni, 99.9 id,  0.0 wa,  0.0 hi,  0.0 si,  0.0 st
MiB Mem : 128490.0 total,  40288.2 free,   6743.8 used,  81458.0 buff/cache
MiB Swap:   2048.0 total,   1980.0 free,     68.0 used. 119918.8 avail Mem 

    PID USER      PR  NI    VIRT    RES    SHR S  %CPU  %MEM     TIME+ COMMAND

top - 00:51:00 up 93 days, 12:42,  6 users,  load average: 0.02, 0.15, 0.41
Tasks:   0 total,   0 running,   0 sleeping,   0 stopped,   0 zombie
%Cpu(s):  0.0 us,  0.0 sy,  0.0 ni,100.0 id,  0.0 wa,  0.0 hi,  0.0 si,  0.0 st
MiB Mem : 128490.0 total,  40288.2 free,   6743.8 used,  81458.0 buff/cache
MiB Swap:   2048.0 total,   1980.0 free,     68.0 used. 119918.8 avail Mem 

    PID USER      PR  NI    VIRT    RES    SHR S  %CPU  %MEM     TIME+ COMMAND

top - 00:51:05 up 93 days, 12:42,  6 users,  load average: 0.02, 0.14, 0.40
Tasks:   0 total,   0 running,   0 sleeping,   0 stopped,   0 zombie
%Cpu(s):  0.0 us,  0.0 sy,  0.0 ni,100.0 id,  0.0 wa,  0.0 hi,  0.0 si,  0.0 st
MiB Mem : 128490.0 total,  40288.2 free,   6743.8 used,  81458.0 buff/cache
MiB Swap:   2048.0 total,   1980.0 free,     68.0 used. 119918.8 avail Mem 

    PID USER      PR  NI    VIRT    RES    SHR S  %CPU  %MEM     TIME+ COMMAND

top - 00:51:10 up 93 days, 12:42,  6 users,  load average: 0.10, 0.16, 0.41
Tasks:   0 total,   0 running,   0 sleeping,   0 stopped,   0 zombie
%Cpu(s):  0.0 us,  0.0 sy,  0.0 ni, 99.9 id,  0.0 wa,  0.0 hi,  0.0 si,  0.0 st
MiB Mem : 128490.0 total,  40288.2 free,   6743.8 used,  81458.0 buff/cache
MiB Swap:   2048.0 total,   1980.0 free,     68.0 used. 119918.8 avail Mem 

    PID USER      PR  NI    VIRT    RES    SHR S  %CPU  %MEM     TIME+ COMMAND

top - 00:51:15 up 93 days, 12:42,  6 users,  load average: 0.09, 0.16, 0.40
Tasks:   0 total,   0 running,   0 sleeping,   0 stopped,   0 zombie
%Cpu(s):  0.0 us,  0.0 sy,  0.0 ni,100.0 id,  0.0 wa,  0.0 hi,  0.0 si,  0.0 st
MiB Mem : 128490.0 total,  40288.2 free,   6743.8 used,  81458.0 buff/cache
MiB Swap:   2048.0 total,   1980.0 free,     68.0 used. 119918.8 avail Mem 

    PID USER      PR  NI    VIRT    RES    SHR S  %CPU  %MEM     TIME+ COMMAND

top - 00:51:20 up 93 days, 12:42,  6 users,  load average: 0.08, 0.15, 0.40
Tasks:   0 total,   0 running,   0 sleeping,   0 stopped,   0 zombie
%Cpu(s):  0.0 us,  0.0 sy,  0.0 ni,100.0 id,  0.0 wa,  0.0 hi,  0.0 si,  0.0 st
MiB Mem : 128490.0 total,  40288.2 free,   6743.8 used,  81458.0 buff/cache
MiB Swap:   2048.0 total,   1980.0 free,     68.0 used. 119918.8 avail Mem 

    PID USER      PR  NI    VIRT    RES    SHR S  %CPU  %MEM     TIME+ COMMAND

top - 00:51:25 up 93 days, 12:42,  6 users,  load average: 0.07, 0.15, 0.40
Tasks:   0 total,   0 running,   0 sleeping,   0 stopped,   0 zombie
%Cpu(s):  0.0 us,  0.0 sy,  0.0 ni,100.0 id,  0.0 wa,  0.0 hi,  0.0 si,  0.0 st
MiB Mem : 128490.0 total,  40288.2 free,   6743.8 used,  81458.0 buff/cache
MiB Swap:   2048.0 total,   1980.0 free,     68.0 used. 119918.8 avail Mem 

    PID USER      PR  NI    VIRT    RES    SHR S  %CPU  %MEM     TIME+ COMMAND

top - 00:51:30 up 93 days, 12:42,  6 users,  load average: 0.07, 0.15, 0.40
Tasks:   0 total,   0 running,   0 sleeping,   0 stopped,   0 zombie
%Cpu(s):  0.0 us,  0.0 sy,  0.0 ni,100.0 id,  0.0 wa,  0.0 hi,  0.0 si,  0.0 st
MiB Mem : 128490.0 total,  40288.2 free,   6743.8 used,  81458.0 buff/cache
MiB Swap:   2048.0 total,   1980.0 free,     68.0 used. 119918.8 avail Mem 

    PID USER      PR  NI    VIRT    RES    SHR S  %CPU  %MEM     TIME+ COMMAND

top - 00:51:35 up 93 days, 12:42,  6 users,  load average: 0.06, 0.14, 0.39
Tasks:   0 total,   0 running,   0 sleeping,   0 stopped,   0 zombie
%Cpu(s):  0.0 us,  0.0 sy,  0.0 ni,100.0 id,  0.0 wa,  0.0 hi,  0.0 si,  0.0 st
MiB Mem : 128490.0 total,  40288.2 free,   6743.8 used,  81458.0 buff/cache
MiB Swap:   2048.0 total,   1980.0 free,     68.0 used. 119918.8 avail Mem 

    PID USER      PR  NI    VIRT    RES    SHR S  %CPU  %MEM     TIME+ COMMAND

top - 00:51:40 up 93 days, 12:42,  6 users,  load average: 0.06, 0.14, 0.39
Tasks:   0 total,   0 running,   0 sleeping,   0 stopped,   0 zombie
%Cpu(s):  0.0 us,  0.0 sy,  0.0 ni,100.0 id,  0.0 wa,  0.0 hi,  0.0 si,  0.0 st
MiB Mem : 128490.0 total,  40288.2 free,   6743.8 used,  81458.0 buff/cache
MiB Swap:   2048.0 total,   1980.0 free,     68.0 used. 119918.8 avail Mem 

    PID USER      PR  NI    VIRT    RES    SHR S  %CPU  %MEM     TIME+ COMMAND

top - 00:51:45 up 93 days, 12:42,  6 users,  load average: 0.05, 0.14, 0.39
Tasks:   0 total,   0 running,   0 sleeping,   0 stopped,   0 zombie
%Cpu(s):  0.0 us,  0.0 sy,  0.0 ni,100.0 id,  0.0 wa,  0.0 hi,  0.0 si,  0.0 st
MiB Mem : 128490.0 total,  40288.4 free,   6743.6 used,  81458.0 buff/cache
MiB Swap:   2048.0 total,   1980.0 free,     68.0 used. 119919.1 avail Mem 

    PID USER      PR  NI    VIRT    RES    SHR S  %CPU  %MEM     TIME+ COMMAND

top - 00:51:50 up 93 days, 12:42,  6 users,  load average: 0.05, 0.14, 0.39
Tasks:   0 total,   0 running,   0 sleeping,   0 stopped,   0 zombie
%Cpu(s):  0.0 us,  0.0 sy,  0.0 ni,100.0 id,  0.0 wa,  0.0 hi,  0.0 si,  0.0 st
MiB Mem : 128490.0 total,  40288.4 free,   6743.6 used,  81458.0 buff/cache
MiB Swap:   2048.0 total,   1980.0 free,     68.0 used. 119919.1 avail Mem 

    PID USER      PR  NI    VIRT    RES    SHR S  %CPU  %MEM     TIME+ COMMAND

top - 00:51:55 up 93 days, 12:43,  6 users,  load average: 0.04, 0.13, 0.38
Tasks:   0 total,   0 running,   0 sleeping,   0 stopped,   0 zombie
%Cpu(s):  0.0 us,  0.0 sy,  0.0 ni,100.0 id,  0.0 wa,  0.0 hi,  0.0 si,  0.0 st
MiB Mem : 128490.0 total,  40288.4 free,   6743.6 used,  81458.0 buff/cache
MiB Swap:   2048.0 total,   1980.0 free,     68.0 used. 119919.1 avail Mem 

    PID USER      PR  NI    VIRT    RES    SHR S  %CPU  %MEM     TIME+ COMMAND

top - 00:52:00 up 93 days, 12:43,  6 users,  load average: 0.04, 0.13, 0.38
Tasks:   0 total,   0 running,   0 sleeping,   0 stopped,   0 zombie
%Cpu(s):  0.0 us,  0.0 sy,  0.0 ni,100.0 id,  0.0 wa,  0.0 hi,  0.0 si,  0.0 st
MiB Mem : 128490.0 total,  40288.4 free,   6743.6 used,  81458.0 buff/cache
MiB Swap:   2048.0 total,   1980.0 free,     68.0 used. 119919.1 avail Mem 

    PID USER      PR  NI    VIRT    RES    SHR S  %CPU  %MEM     TIME+ COMMAND

top - 00:52:05 up 93 days, 12:43,  6 users,  load average: 0.04, 0.13, 0.38
Tasks:   0 total,   0 running,   0 sleeping,   0 stopped,   0 zombie
%Cpu(s):  0.0 us,  0.0 sy,  0.0 ni,100.0 id,  0.0 wa,  0.0 hi,  0.0 si,  0.0 st
MiB Mem : 128490.0 total,  40288.4 free,   6743.6 used,  81458.0 buff/cache
MiB Swap:   2048.0 total,   1980.0 free,     68.0 used. 119919.1 avail Mem 

    PID USER      PR  NI    VIRT    RES    SHR S  %CPU  %MEM     TIME+ COMMAND

top - 00:52:10 up 93 days, 12:43,  6 users,  load average: 0.03, 0.13, 0.38
Tasks:   0 total,   0 running,   0 sleeping,   0 stopped,   0 zombie
%Cpu(s):  0.0 us,  0.0 sy,  0.0 ni,100.0 id,  0.0 wa,  0.0 hi,  0.0 si,  0.0 st
MiB Mem : 128490.0 total,  40288.4 free,   6743.6 used,  81458.0 buff/cache
MiB Swap:   2048.0 total,   1980.0 free,     68.0 used. 119919.1 avail Mem 

    PID USER      PR  NI    VIRT    RES    SHR S  %CPU  %MEM     TIME+ COMMAND

top - 00:52:15 up 93 days, 12:43,  6 users,  load average: 0.03, 0.12, 0.37
Tasks:   0 total,   0 running,   0 sleeping,   0 stopped,   0 zombie
%Cpu(s):  0.0 us,  0.0 sy,  0.0 ni,100.0 id,  0.0 wa,  0.0 hi,  0.0 si,  0.0 st
MiB Mem : 128490.0 total,  40288.4 free,   6743.6 used,  81458.0 buff/cache
MiB Swap:   2048.0 total,   1980.0 free,     68.0 used. 119919.1 avail Mem 

    PID USER      PR  NI    VIRT    RES    SHR S  %CPU  %MEM     TIME+ COMMAND

top - 00:52:20 up 93 days, 12:43,  6 users,  load average: 0.03, 0.12, 0.37
Tasks:   0 total,   0 running,   0 sleeping,   0 stopped,   0 zombie
%Cpu(s):  0.0 us,  0.0 sy,  0.0 ni,100.0 id,  0.0 wa,  0.0 hi,  0.0 si,  0.0 st
MiB Mem : 128490.0 total,  40288.4 free,   6743.6 used,  81458.0 buff/cache
MiB Swap:   2048.0 total,   1980.0 free,     68.0 used. 119919.1 avail Mem 

    PID USER      PR  NI    VIRT    RES    SHR S  %CPU  %MEM     TIME+ COMMAND

top - 00:52:25 up 93 days, 12:43,  6 users,  load average: 0.02, 0.12, 0.37
Tasks:   0 total,   0 running,   0 sleeping,   0 stopped,   0 zombie
%Cpu(s):  0.0 us,  0.0 sy,  0.0 ni,100.0 id,  0.0 wa,  0.0 hi,  0.0 si,  0.0 st
MiB Mem : 128490.0 total,  40288.4 free,   6743.6 used,  81458.0 buff/cache
MiB Swap:   2048.0 total,   1980.0 free,     68.0 used. 119919.1 avail Mem 

    PID USER      PR  NI    VIRT    RES    SHR S  %CPU  %MEM     TIME+ COMMAND

top - 00:52:30 up 93 days, 12:43,  6 users,  load average: 0.02, 0.12, 0.37
Tasks:   0 total,   0 running,   0 sleeping,   0 stopped,   0 zombie
%Cpu(s):  0.0 us,  0.0 sy,  0.0 ni,100.0 id,  0.0 wa,  0.0 hi,  0.0 si,  0.0 st
MiB Mem : 128490.0 total,  40288.4 free,   6743.6 used,  81458.0 buff/cache
MiB Swap:   2048.0 total,   1980.0 free,     68.0 used. 119919.1 avail Mem 

    PID USER      PR  NI    VIRT    RES    SHR S  %CPU  %MEM     TIME+ COMMAND

top - 00:52:35 up 93 days, 12:43,  6 users,  load average: 0.02, 0.12, 0.36
Tasks:   0 total,   0 running,   0 sleeping,   0 stopped,   0 zombie
%Cpu(s):  0.0 us,  0.0 sy,  0.0 ni,100.0 id,  0.0 wa,  0.0 hi,  0.0 si,  0.0 st
MiB Mem : 128490.0 total,  40288.4 free,   6743.6 used,  81458.0 buff/cache
MiB Swap:   2048.0 total,   1980.0 free,     68.0 used. 119919.1 avail Mem 

    PID USER      PR  NI    VIRT    RES    SHR S  %CPU  %MEM     TIME+ COMMAND

top - 00:52:40 up 93 days, 12:43,  6 users,  load average: 0.02, 0.11, 0.36
Tasks:   0 total,   0 running,   0 sleeping,   0 stopped,   0 zombie
%Cpu(s):  0.0 us,  0.0 sy,  0.0 ni,100.0 id,  0.0 wa,  0.0 hi,  0.0 si,  0.0 st
MiB Mem : 128490.0 total,  40288.2 free,   6743.8 used,  81458.0 buff/cache
MiB Swap:   2048.0 total,   1980.0 free,     68.0 used. 119918.8 avail Mem 

    PID USER      PR  NI    VIRT    RES    SHR S  %CPU  %MEM     TIME+ COMMAND

top - 00:52:45 up 93 days, 12:43,  6 users,  load average: 0.02, 0.11, 0.36
Tasks:   0 total,   0 running,   0 sleeping,   0 stopped,   0 zombie
%Cpu(s):  0.0 us,  0.0 sy,  0.0 ni,100.0 id,  0.0 wa,  0.0 hi,  0.0 si,  0.0 st
MiB Mem : 128490.0 total,  40288.2 free,   6743.8 used,  81458.0 buff/cache
MiB Swap:   2048.0 total,   1980.0 free,     68.0 used. 119918.8 avail Mem 

    PID USER      PR  NI    VIRT    RES    SHR S  %CPU  %MEM     TIME+ COMMAND

top - 00:52:50 up 93 days, 12:43,  6 users,  load average: 0.02, 0.11, 0.36
Tasks:   0 total,   0 running,   0 sleeping,   0 stopped,   0 zombie
%Cpu(s):  0.0 us,  0.0 sy,  0.0 ni,100.0 id,  0.0 wa,  0.0 hi,  0.0 si,  0.0 st
MiB Mem : 128490.0 total,  40288.2 free,   6743.8 used,  81458.0 buff/cache
MiB Swap:   2048.0 total,   1980.0 free,     68.0 used. 119918.8 avail Mem 

    PID USER      PR  NI    VIRT    RES    SHR S  %CPU  %MEM     TIME+ COMMAND

top - 00:52:55 up 93 days, 12:44,  6 users,  load average: 0.01, 0.11, 0.36
Tasks:   0 total,   0 running,   0 sleeping,   0 stopped,   0 zombie
%Cpu(s):  0.0 us,  0.0 sy,  0.0 ni,100.0 id,  0.0 wa,  0.0 hi,  0.0 si,  0.0 st
MiB Mem : 128490.0 total,  40288.2 free,   6743.8 used,  81458.0 buff/cache
MiB Swap:   2048.0 total,   1980.0 free,     68.0 used. 119918.8 avail Mem 

    PID USER      PR  NI    VIRT    RES    SHR S  %CPU  %MEM     TIME+ COMMAND

top - 00:53:00 up 93 days, 12:44,  6 users,  load average: 0.01, 0.11, 0.35
Tasks:   0 total,   0 running,   0 sleeping,   0 stopped,   0 zombie
%Cpu(s):  0.0 us,  0.0 sy,  0.0 ni,100.0 id,  0.0 wa,  0.0 hi,  0.0 si,  0.0 st
MiB Mem : 128490.0 total,  40288.2 free,   6743.8 used,  81458.0 buff/cache
MiB Swap:   2048.0 total,   1980.0 free,     68.0 used. 119918.8 avail Mem 

    PID USER      PR  NI    VIRT    RES    SHR S  %CPU  %MEM     TIME+ COMMAND

top - 00:53:05 up 93 days, 12:44,  6 users,  load average: 0.01, 0.10, 0.35
Tasks:   0 total,   0 running,   0 sleeping,   0 stopped,   0 zombie
%Cpu(s):  0.1 us,  0.0 sy,  0.0 ni, 99.9 id,  0.0 wa,  0.0 hi,  0.0 si,  0.0 st
MiB Mem : 128490.0 total,  40288.2 free,   6743.8 used,  81458.0 buff/cache
MiB Swap:   2048.0 total,   1980.0 free,     68.0 used. 119918.8 avail Mem 

    PID USER      PR  NI    VIRT    RES    SHR S  %CPU  %MEM     TIME+ COMMAND

top - 00:53:10 up 93 days, 12:44,  6 users,  load average: 0.09, 0.12, 0.36
Tasks:   0 total,   0 running,   0 sleeping,   0 stopped,   0 zombie
%Cpu(s):  0.0 us,  0.0 sy,  0.0 ni,100.0 id,  0.0 wa,  0.0 hi,  0.0 si,  0.0 st
MiB Mem : 128490.0 total,  40288.2 free,   6743.8 used,  81458.0 buff/cache
MiB Swap:   2048.0 total,   1980.0 free,     68.0 used. 119918.8 avail Mem 

    PID USER      PR  NI    VIRT    RES    SHR S  %CPU  %MEM     TIME+ COMMAND

top - 00:53:15 up 93 days, 12:44,  6 users,  load average: 0.08, 0.12, 0.35
Tasks:   0 total,   0 running,   0 sleeping,   0 stopped,   0 zombie
%Cpu(s):  0.0 us,  0.0 sy,  0.0 ni,100.0 id,  0.0 wa,  0.0 hi,  0.0 si,  0.0 st
MiB Mem : 128490.0 total,  40288.2 free,   6743.8 used,  81458.0 buff/cache
MiB Swap:   2048.0 total,   1980.0 free,     68.0 used. 119918.8 avail Mem 

    PID USER      PR  NI    VIRT    RES    SHR S  %CPU  %MEM     TIME+ COMMAND

top - 00:53:20 up 93 days, 12:44,  6 users,  load average: 0.08, 0.11, 0.35
Tasks:   0 total,   0 running,   0 sleeping,   0 stopped,   0 zombie
%Cpu(s):  0.0 us,  0.0 sy,  0.0 ni,100.0 id,  0.0 wa,  0.0 hi,  0.0 si,  0.0 st
MiB Mem : 128490.0 total,  40288.2 free,   6743.8 used,  81458.0 buff/cache
MiB Swap:   2048.0 total,   1980.0 free,     68.0 used. 119918.8 avail Mem 

    PID USER      PR  NI    VIRT    RES    SHR S  %CPU  %MEM     TIME+ COMMAND

top - 00:53:25 up 93 days, 12:44,  6 users,  load average: 0.07, 0.11, 0.35
Tasks:   0 total,   0 running,   0 sleeping,   0 stopped,   0 zombie
%Cpu(s):  0.0 us,  0.0 sy,  0.0 ni,100.0 id,  0.0 wa,  0.0 hi,  0.0 si,  0.0 st
MiB Mem : 128490.0 total,  40288.2 free,   6743.8 used,  81458.0 buff/cache
MiB Swap:   2048.0 total,   1980.0 free,     68.0 used. 119918.8 avail Mem 

    PID USER      PR  NI    VIRT    RES    SHR S  %CPU  %MEM     TIME+ COMMAND

top - 00:53:30 up 93 days, 12:44,  6 users,  load average: 0.06, 0.11, 0.35
Tasks:   0 total,   0 running,   0 sleeping,   0 stopped,   0 zombie
%Cpu(s):  0.0 us,  0.0 sy,  0.0 ni,100.0 id,  0.0 wa,  0.0 hi,  0.0 si,  0.0 st
MiB Mem : 128490.0 total,  40288.2 free,   6743.8 used,  81458.0 buff/cache
MiB Swap:   2048.0 total,   1980.0 free,     68.0 used. 119918.8 avail Mem 

    PID USER      PR  NI    VIRT    RES    SHR S  %CPU  %MEM     TIME+ COMMAND

top - 00:53:35 up 93 days, 12:44,  6 users,  load average: 0.06, 0.11, 0.35
Tasks:   0 total,   0 running,   0 sleeping,   0 stopped,   0 zombie
%Cpu(s):  0.0 us,  0.0 sy,  0.0 ni,100.0 id,  0.0 wa,  0.0 hi,  0.0 si,  0.0 st
MiB Mem : 128490.0 total,  40288.2 free,   6743.8 used,  81458.0 buff/cache
MiB Swap:   2048.0 total,   1980.0 free,     68.0 used. 119918.8 avail Mem 

    PID USER      PR  NI    VIRT    RES    SHR S  %CPU  %MEM     TIME+ COMMAND

top - 00:53:40 up 93 days, 12:44,  6 users,  load average: 0.05, 0.11, 0.34
Tasks:   0 total,   0 running,   0 sleeping,   0 stopped,   0 zombie
%Cpu(s):  0.0 us,  0.0 sy,  0.0 ni,100.0 id,  0.0 wa,  0.0 hi,  0.0 si,  0.0 st
MiB Mem : 128490.0 total,  40288.2 free,   6743.8 used,  81458.0 buff/cache
MiB Swap:   2048.0 total,   1980.0 free,     68.0 used. 119918.8 avail Mem 

    PID USER      PR  NI    VIRT    RES    SHR S  %CPU  %MEM     TIME+ COMMAND

top - 00:53:45 up 93 days, 12:44,  6 users,  load average: 0.05, 0.10, 0.34
Tasks:   0 total,   0 running,   0 sleeping,   0 stopped,   0 zombie
%Cpu(s):  0.0 us,  0.0 sy,  0.0 ni,100.0 id,  0.0 wa,  0.0 hi,  0.0 si,  0.0 st
MiB Mem : 128490.0 total,  40288.2 free,   6743.8 used,  81458.0 buff/cache
MiB Swap:   2048.0 total,   1980.0 free,     68.0 used. 119918.8 avail Mem 

    PID USER      PR  NI    VIRT    RES    SHR S  %CPU  %MEM     TIME+ COMMAND

top - 00:53:50 up 93 days, 12:44,  6 users,  load average: 0.04, 0.10, 0.34
Tasks:   0 total,   0 running,   0 sleeping,   0 stopped,   0 zombie
%Cpu(s):  0.0 us,  0.0 sy,  0.0 ni,100.0 id,  0.0 wa,  0.0 hi,  0.0 si,  0.0 st
MiB Mem : 128490.0 total,  40288.2 free,   6743.8 used,  81458.0 buff/cache
MiB Swap:   2048.0 total,   1980.0 free,     68.0 used. 119918.8 avail Mem 

    PID USER      PR  NI    VIRT    RES    SHR S  %CPU  %MEM     TIME+ COMMAND

top - 00:53:55 up 93 days, 12:45,  6 users,  load average: 0.04, 0.10, 0.34
Tasks:   0 total,   0 running,   0 sleeping,   0 stopped,   0 zombie
%Cpu(s):  0.0 us,  0.0 sy,  0.0 ni,100.0 id,  0.0 wa,  0.0 hi,  0.0 si,  0.0 st
MiB Mem : 128490.0 total,  40288.2 free,   6743.8 used,  81458.0 buff/cache
MiB Swap:   2048.0 total,   1980.0 free,     68.0 used. 119918.8 avail Mem 

    PID USER      PR  NI    VIRT    RES    SHR S  %CPU  %MEM     TIME+ COMMAND

top - 00:54:00 up 93 days, 12:45,  6 users,  load average: 0.04, 0.10, 0.34
Tasks:   0 total,   0 running,   0 sleeping,   0 stopped,   0 zombie
%Cpu(s):  0.0 us,  0.0 sy,  0.0 ni,100.0 id,  0.0 wa,  0.0 hi,  0.0 si,  0.0 st
MiB Mem : 128490.0 total,  40288.2 free,   6743.8 used,  81458.0 buff/cache
MiB Swap:   2048.0 total,   1980.0 free,     68.0 used. 119918.8 avail Mem 

    PID USER      PR  NI    VIRT    RES    SHR S  %CPU  %MEM     TIME+ COMMAND

top - 00:54:05 up 93 days, 12:45,  6 users,  load average: 0.03, 0.10, 0.33
Tasks:   0 total,   0 running,   0 sleeping,   0 stopped,   0 zombie
%Cpu(s):  0.0 us,  0.0 sy,  0.0 ni,100.0 id,  0.0 wa,  0.0 hi,  0.0 si,  0.0 st
MiB Mem : 128490.0 total,  40288.2 free,   6743.8 used,  81458.0 buff/cache
MiB Swap:   2048.0 total,   1980.0 free,     68.0 used. 119918.8 avail Mem 

    PID USER      PR  NI    VIRT    RES    SHR S  %CPU  %MEM     TIME+ COMMAND

top - 00:54:10 up 93 days, 12:45,  6 users,  load average: 0.03, 0.09, 0.33
Tasks:   0 total,   0 running,   0 sleeping,   0 stopped,   0 zombie
%Cpu(s):  0.0 us,  0.0 sy,  0.0 ni,100.0 id,  0.0 wa,  0.0 hi,  0.0 si,  0.0 st
MiB Mem : 128490.0 total,  40288.2 free,   6743.8 used,  81458.0 buff/cache
MiB Swap:   2048.0 total,   1980.0 free,     68.0 used. 119918.8 avail Mem 

    PID USER      PR  NI    VIRT    RES    SHR S  %CPU  %MEM     TIME+ COMMAND

top - 00:54:15 up 93 days, 12:45,  6 users,  load average: 0.03, 0.09, 0.33
Tasks:   0 total,   0 running,   0 sleeping,   0 stopped,   0 zombie
%Cpu(s):  0.0 us,  0.0 sy,  0.0 ni,100.0 id,  0.0 wa,  0.0 hi,  0.0 si,  0.0 st
MiB Mem : 128490.0 total,  40288.0 free,   6744.0 used,  81458.0 buff/cache
MiB Swap:   2048.0 total,   1980.0 free,     68.0 used. 119918.6 avail Mem 

    PID USER      PR  NI    VIRT    RES    SHR S  %CPU  %MEM     TIME+ COMMAND

top - 00:54:20 up 93 days, 12:45,  6 users,  load average: 0.03, 0.09, 0.33
Tasks:   0 total,   0 running,   0 sleeping,   0 stopped,   0 zombie
%Cpu(s):  0.0 us,  0.0 sy,  0.0 ni,100.0 id,  0.0 wa,  0.0 hi,  0.0 si,  0.0 st
MiB Mem : 128490.0 total,  40288.0 free,   6744.0 used,  81458.0 buff/cache
MiB Swap:   2048.0 total,   1980.0 free,     68.0 used. 119918.6 avail Mem 

    PID USER      PR  NI    VIRT    RES    SHR S  %CPU  %MEM     TIME+ COMMAND

top - 00:54:25 up 93 days, 12:45,  6 users,  load average: 0.02, 0.09, 0.33
Tasks:   0 total,   0 running,   0 sleeping,   0 stopped,   0 zombie
%Cpu(s):  0.0 us,  0.0 sy,  0.0 ni, 99.9 id,  0.0 wa,  0.0 hi,  0.0 si,  0.0 st
MiB Mem : 128490.0 total,  40288.0 free,   6744.0 used,  81458.0 buff/cache
MiB Swap:   2048.0 total,   1980.0 free,     68.0 used. 119918.6 avail Mem 

    PID USER      PR  NI    VIRT    RES    SHR S  %CPU  %MEM     TIME+ COMMAND

top - 00:54:30 up 93 days, 12:45,  6 users,  load average: 0.02, 0.09, 0.33
Tasks:   0 total,   0 running,   0 sleeping,   0 stopped,   0 zombie
%Cpu(s):  0.0 us,  0.0 sy,  0.0 ni,100.0 id,  0.0 wa,  0.0 hi,  0.0 si,  0.0 st
MiB Mem : 128490.0 total,  40288.0 free,   6744.0 used,  81458.0 buff/cache
MiB Swap:   2048.0 total,   1980.0 free,     68.0 used. 119918.6 avail Mem 

    PID USER      PR  NI    VIRT    RES    SHR S  %CPU  %MEM     TIME+ COMMAND

top - 00:54:35 up 93 days, 12:45,  6 users,  load average: 0.02, 0.09, 0.32
Tasks:   0 total,   0 running,   0 sleeping,   0 stopped,   0 zombie
%Cpu(s):  0.0 us,  0.0 sy,  0.0 ni,100.0 id,  0.0 wa,  0.0 hi,  0.0 si,  0.0 st
MiB Mem : 128490.0 total,  40288.2 free,   6743.8 used,  81458.0 buff/cache
MiB Swap:   2048.0 total,   1980.0 free,     68.0 used. 119918.9 avail Mem 

    PID USER      PR  NI    VIRT    RES    SHR S  %CPU  %MEM     TIME+ COMMAND

top - 00:54:40 up 93 days, 12:45,  6 users,  load average: 0.02, 0.08, 0.32
Tasks:   0 total,   0 running,   0 sleeping,   0 stopped,   0 zombie
%Cpu(s):  0.0 us,  0.0 sy,  0.0 ni,100.0 id,  0.0 wa,  0.0 hi,  0.0 si,  0.0 st
MiB Mem : 128490.0 total,  40288.2 free,   6743.8 used,  81458.0 buff/cache
MiB Swap:   2048.0 total,   1980.0 free,     68.0 used. 119918.9 avail Mem 

    PID USER      PR  NI    VIRT    RES    SHR S  %CPU  %MEM     TIME+ COMMAND

top - 00:54:45 up 93 days, 12:45,  6 users,  load average: 0.02, 0.08, 0.32
Tasks:   0 total,   0 running,   0 sleeping,   0 stopped,   0 zombie
%Cpu(s):  0.0 us,  0.0 sy,  0.0 ni,100.0 id,  0.0 wa,  0.0 hi,  0.0 si,  0.0 st
MiB Mem : 128490.0 total,  40288.2 free,   6743.8 used,  81458.0 buff/cache
MiB Swap:   2048.0 total,   1980.0 free,     68.0 used. 119918.9 avail Mem 

    PID USER      PR  NI    VIRT    RES    SHR S  %CPU  %MEM     TIME+ COMMAND

top - 00:54:50 up 93 days, 12:45,  6 users,  load average: 0.01, 0.08, 0.32
Tasks:   0 total,   0 running,   0 sleeping,   0 stopped,   0 zombie
%Cpu(s):  0.0 us,  0.0 sy,  0.0 ni,100.0 id,  0.0 wa,  0.0 hi,  0.0 si,  0.0 st
MiB Mem : 128490.0 total,  40288.2 free,   6743.8 used,  81458.0 buff/cache
MiB Swap:   2048.0 total,   1980.0 free,     68.0 used. 119918.9 avail Mem 

    PID USER      PR  NI    VIRT    RES    SHR S  %CPU  %MEM     TIME+ COMMAND

top - 00:54:55 up 93 days, 12:46,  6 users,  load average: 0.01, 0.08, 0.32
Tasks:   0 total,   0 running,   0 sleeping,   0 stopped,   0 zombie
%Cpu(s):  0.0 us,  0.0 sy,  0.0 ni,100.0 id,  0.0 wa,  0.0 hi,  0.0 si,  0.0 st
MiB Mem : 128490.0 total,  40288.2 free,   6743.8 used,  81458.0 buff/cache
MiB Swap:   2048.0 total,   1980.0 free,     68.0 used. 119918.9 avail Mem 

    PID USER      PR  NI    VIRT    RES    SHR S  %CPU  %MEM     TIME+ COMMAND

top - 00:55:00 up 93 days, 12:46,  6 users,  load average: 0.01, 0.08, 0.31
Tasks:   0 total,   0 running,   0 sleeping,   0 stopped,   0 zombie
%Cpu(s):  0.0 us,  0.0 sy,  0.0 ni,100.0 id,  0.0 wa,  0.0 hi,  0.0 si,  0.0 st
MiB Mem : 128490.0 total,  40288.2 free,   6743.8 used,  81458.0 buff/cache
MiB Swap:   2048.0 total,   1980.0 free,     68.0 used. 119918.9 avail Mem 

    PID USER      PR  NI    VIRT    RES    SHR S  %CPU  %MEM     TIME+ COMMAND

top - 00:55:05 up 93 days, 12:46,  6 users,  load average: 0.01, 0.08, 0.31
Tasks:   0 total,   0 running,   0 sleeping,   0 stopped,   0 zombie
%Cpu(s):  0.0 us,  0.0 sy,  0.0 ni,100.0 id,  0.0 wa,  0.0 hi,  0.0 si,  0.0 st
MiB Mem : 128490.0 total,  40288.2 free,   6743.8 used,  81458.0 buff/cache
MiB Swap:   2048.0 total,   1980.0 free,     68.0 used. 119918.9 avail Mem 

    PID USER      PR  NI    VIRT    RES    SHR S  %CPU  %MEM     TIME+ COMMAND

top - 00:55:10 up 93 days, 12:46,  6 users,  load average: 0.01, 0.08, 0.31
Tasks:   0 total,   0 running,   0 sleeping,   0 stopped,   0 zombie
%Cpu(s):  0.0 us,  0.0 sy,  0.0 ni,100.0 id,  0.0 wa,  0.0 hi,  0.0 si,  0.0 st
MiB Mem : 128490.0 total,  40288.2 free,   6743.8 used,  81458.0 buff/cache
MiB Swap:   2048.0 total,   1980.0 free,     68.0 used. 119918.9 avail Mem 

    PID USER      PR  NI    VIRT    RES    SHR S  %CPU  %MEM     TIME+ COMMAND

top - 00:55:15 up 93 days, 12:46,  6 users,  load average: 0.01, 0.07, 0.31
Tasks:   0 total,   0 running,   0 sleeping,   0 stopped,   0 zombie
%Cpu(s):  0.1 us,  0.0 sy,  0.0 ni, 99.9 id,  0.0 wa,  0.0 hi,  0.0 si,  0.0 st
MiB Mem : 128490.0 total,  40288.2 free,   6743.8 used,  81458.0 buff/cache
MiB Swap:   2048.0 total,   1980.0 free,     68.0 used. 119918.9 avail Mem 

    PID USER      PR  NI    VIRT    RES    SHR S  %CPU  %MEM     TIME+ COMMAND

top - 00:55:20 up 93 days, 12:46,  6 users,  load average: 0.01, 0.07, 0.31
Tasks:   0 total,   0 running,   0 sleeping,   0 stopped,   0 zombie
%Cpu(s):  0.0 us,  0.0 sy,  0.0 ni,100.0 id,  0.0 wa,  0.0 hi,  0.0 si,  0.0 st
MiB Mem : 128490.0 total,  40288.2 free,   6743.8 used,  81458.0 buff/cache
MiB Swap:   2048.0 total,   1980.0 free,     68.0 used. 119918.9 avail Mem 

    PID USER      PR  NI    VIRT    RES    SHR S  %CPU  %MEM     TIME+ COMMAND

top - 00:55:25 up 93 days, 12:46,  6 users,  load average: 0.01, 0.07, 0.30
Tasks:   0 total,   0 running,   0 sleeping,   0 stopped,   0 zombie
%Cpu(s):  0.0 us,  0.0 sy,  0.0 ni, 99.9 id,  0.0 wa,  0.0 hi,  0.0 si,  0.0 st
MiB Mem : 128490.0 total,  40288.2 free,   6743.8 used,  81458.0 buff/cache
MiB Swap:   2048.0 total,   1980.0 free,     68.0 used. 119918.9 avail Mem 

    PID USER      PR  NI    VIRT    RES    SHR S  %CPU  %MEM     TIME+ COMMAND

top - 00:55:30 up 93 days, 12:46,  6 users,  load average: 0.01, 0.07, 0.30
Tasks:   0 total,   0 running,   0 sleeping,   0 stopped,   0 zombie
%Cpu(s):  0.0 us,  0.0 sy,  0.0 ni,100.0 id,  0.0 wa,  0.0 hi,  0.0 si,  0.0 st
MiB Mem : 128490.0 total,  40288.2 free,   6743.8 used,  81458.0 buff/cache
MiB Swap:   2048.0 total,   1980.0 free,     68.0 used. 119918.9 avail Mem 

    PID USER      PR  NI    VIRT    RES    SHR S  %CPU  %MEM     TIME+ COMMAND

top - 00:55:35 up 93 days, 12:46,  6 users,  load average: 0.01, 0.07, 0.30
Tasks:   0 total,   0 running,   0 sleeping,   0 stopped,   0 zombie
%Cpu(s):  0.0 us,  0.0 sy,  0.0 ni,100.0 id,  0.0 wa,  0.0 hi,  0.0 si,  0.0 st
MiB Mem : 128490.0 total,  40288.2 free,   6743.8 used,  81458.0 buff/cache
MiB Swap:   2048.0 total,   1980.0 free,     68.0 used. 119918.9 avail Mem 

    PID USER      PR  NI    VIRT    RES    SHR S  %CPU  %MEM     TIME+ COMMAND

top - 00:55:40 up 93 days, 12:46,  6 users,  load average: 0.00, 0.07, 0.30
Tasks:   0 total,   0 running,   0 sleeping,   0 stopped,   0 zombie
%Cpu(s):  0.0 us,  0.0 sy,  0.0 ni,100.0 id,  0.0 wa,  0.0 hi,  0.0 si,  0.0 st
MiB Mem : 128490.0 total,  40288.2 free,   6743.8 used,  81458.0 buff/cache
MiB Swap:   2048.0 total,   1980.0 free,     68.0 used. 119918.9 avail Mem 

    PID USER      PR  NI    VIRT    RES    SHR S  %CPU  %MEM     TIME+ COMMAND

top - 00:55:45 up 93 days, 12:46,  6 users,  load average: 0.00, 0.06, 0.30
Tasks:   0 total,   0 running,   0 sleeping,   0 stopped,   0 zombie
%Cpu(s):  0.0 us,  0.0 sy,  0.0 ni,100.0 id,  0.0 wa,  0.0 hi,  0.0 si,  0.0 st
MiB Mem : 128490.0 total,  40288.2 free,   6743.8 used,  81458.0 buff/cache
MiB Swap:   2048.0 total,   1980.0 free,     68.0 used. 119918.9 avail Mem 

    PID USER      PR  NI    VIRT    RES    SHR S  %CPU  %MEM     TIME+ COMMAND

top - 00:55:50 up 93 days, 12:46,  6 users,  load average: 0.00, 0.06, 0.29
Tasks:   0 total,   0 running,   0 sleeping,   0 stopped,   0 zombie
%Cpu(s):  0.0 us,  0.0 sy,  0.0 ni,100.0 id,  0.0 wa,  0.0 hi,  0.0 si,  0.0 st
MiB Mem : 128490.0 total,  40288.2 free,   6743.8 used,  81458.0 buff/cache
MiB Swap:   2048.0 total,   1980.0 free,     68.0 used. 119918.9 avail Mem 

    PID USER      PR  NI    VIRT    RES    SHR S  %CPU  %MEM     TIME+ COMMAND

top - 00:55:55 up 93 days, 12:47,  6 users,  load average: 0.00, 0.06, 0.29
Tasks:   0 total,   0 running,   0 sleeping,   0 stopped,   0 zombie
%Cpu(s):  0.0 us,  0.0 sy,  0.0 ni,100.0 id,  0.0 wa,  0.0 hi,  0.0 si,  0.0 st
MiB Mem : 128490.0 total,  40288.2 free,   6743.8 used,  81458.0 buff/cache
MiB Swap:   2048.0 total,   1980.0 free,     68.0 used. 119918.9 avail Mem 

    PID USER      PR  NI    VIRT    RES    SHR S  %CPU  %MEM     TIME+ COMMAND

top - 00:56:00 up 93 days, 12:47,  6 users,  load average: 0.00, 0.06, 0.29
Tasks:   0 total,   0 running,   0 sleeping,   0 stopped,   0 zombie
%Cpu(s):  0.0 us,  0.0 sy,  0.0 ni,100.0 id,  0.0 wa,  0.0 hi,  0.0 si,  0.0 st
MiB Mem : 128490.0 total,  40288.2 free,   6743.8 used,  81458.0 buff/cache
MiB Swap:   2048.0 total,   1980.0 free,     68.0 used. 119918.9 avail Mem 

    PID USER      PR  NI    VIRT    RES    SHR S  %CPU  %MEM     TIME+ COMMAND

top - 00:56:05 up 93 days, 12:47,  6 users,  load average: 0.00, 0.06, 0.29
Tasks:   0 total,   0 running,   0 sleeping,   0 stopped,   0 zombie
%Cpu(s):  0.0 us,  0.0 sy,  0.0 ni,100.0 id,  0.0 wa,  0.0 hi,  0.0 si,  0.0 st
MiB Mem : 128490.0 total,  40288.2 free,   6743.8 used,  81458.0 buff/cache
MiB Swap:   2048.0 total,   1980.0 free,     68.0 used. 119918.9 avail Mem 

    PID USER      PR  NI    VIRT    RES    SHR S  %CPU  %MEM     TIME+ COMMAND

top - 00:56:10 up 93 days, 12:47,  6 users,  load average: 0.00, 0.06, 0.29
Tasks:   0 total,   0 running,   0 sleeping,   0 stopped,   0 zombie
%Cpu(s):  0.0 us,  0.0 sy,  0.0 ni,100.0 id,  0.0 wa,  0.0 hi,  0.0 si,  0.0 st
MiB Mem : 128490.0 total,  40288.2 free,   6743.8 used,  81458.0 buff/cache
MiB Swap:   2048.0 total,   1980.0 free,     68.0 used. 119918.9 avail Mem 

    PID USER      PR  NI    VIRT    RES    SHR S  %CPU  %MEM     TIME+ COMMAND

top - 00:56:15 up 93 days, 12:47,  6 users,  load average: 0.00, 0.06, 0.28
Tasks:   0 total,   0 running,   0 sleeping,   0 stopped,   0 zombie
%Cpu(s):  0.0 us,  0.0 sy,  0.0 ni,100.0 id,  0.0 wa,  0.0 hi,  0.0 si,  0.0 st
MiB Mem : 128490.0 total,  40288.2 free,   6743.8 used,  81458.0 buff/cache
MiB Swap:   2048.0 total,   1980.0 free,     68.0 used. 119918.9 avail Mem 

    PID USER      PR  NI    VIRT    RES    SHR S  %CPU  %MEM     TIME+ COMMAND

top - 00:56:20 up 93 days, 12:47,  6 users,  load average: 0.00, 0.06, 0.28
Tasks:   0 total,   0 running,   0 sleeping,   0 stopped,   0 zombie
%Cpu(s):  0.0 us,  0.0 sy,  0.0 ni,100.0 id,  0.0 wa,  0.0 hi,  0.0 si,  0.0 st
MiB Mem : 128490.0 total,  40288.5 free,   6743.5 used,  81458.0 buff/cache
MiB Swap:   2048.0 total,   1980.0 free,     68.0 used. 119919.1 avail Mem 

    PID USER      PR  NI    VIRT    RES    SHR S  %CPU  %MEM     TIME+ COMMAND

top - 00:56:25 up 93 days, 12:47,  6 users,  load average: 0.00, 0.05, 0.28
Tasks:   0 total,   0 running,   0 sleeping,   0 stopped,   0 zombie
%Cpu(s):  0.0 us,  0.0 sy,  0.0 ni,100.0 id,  0.0 wa,  0.0 hi,  0.0 si,  0.0 st
MiB Mem : 128490.0 total,  40288.5 free,   6743.5 used,  81458.0 buff/cache
MiB Swap:   2048.0 total,   1980.0 free,     68.0 used. 119919.1 avail Mem 

    PID USER      PR  NI    VIRT    RES    SHR S  %CPU  %MEM     TIME+ COMMAND

top - 00:56:30 up 93 days, 12:47,  6 users,  load average: 0.00, 0.05, 0.28
Tasks:   0 total,   0 running,   0 sleeping,   0 stopped,   0 zombie
%Cpu(s):  0.0 us,  0.0 sy,  0.0 ni,100.0 id,  0.0 wa,  0.0 hi,  0.0 si,  0.0 st
MiB Mem : 128490.0 total,  40288.5 free,   6743.5 used,  81458.0 buff/cache
MiB Swap:   2048.0 total,   1980.0 free,     68.0 used. 119919.1 avail Mem 

    PID USER      PR  NI    VIRT    RES    SHR S  %CPU  %MEM     TIME+ COMMAND

top - 00:56:35 up 93 days, 12:47,  6 users,  load average: 0.00, 0.05, 0.28
Tasks:   0 total,   0 running,   0 sleeping,   0 stopped,   0 zombie
%Cpu(s):  0.0 us,  0.0 sy,  0.0 ni,100.0 id,  0.0 wa,  0.0 hi,  0.0 si,  0.0 st
MiB Mem : 128490.0 total,  40288.5 free,   6743.5 used,  81458.0 buff/cache
MiB Swap:   2048.0 total,   1980.0 free,     68.0 used. 119919.1 avail Mem 

    PID USER      PR  NI    VIRT    RES    SHR S  %CPU  %MEM     TIME+ COMMAND

top - 00:56:40 up 93 days, 12:47,  6 users,  load average: 0.00, 0.05, 0.27
Tasks:   0 total,   0 running,   0 sleeping,   0 stopped,   0 zombie
%Cpu(s):  0.0 us,  0.0 sy,  0.0 ni,100.0 id,  0.0 wa,  0.0 hi,  0.0 si,  0.0 st
MiB Mem : 128490.0 total,  40288.5 free,   6743.5 used,  81458.0 buff/cache
MiB Swap:   2048.0 total,   1980.0 free,     68.0 used. 119919.1 avail Mem 

    PID USER      PR  NI    VIRT    RES    SHR S  %CPU  %MEM     TIME+ COMMAND

top - 00:56:45 up 93 days, 12:47,  6 users,  load average: 0.00, 0.05, 0.27
Tasks:   0 total,   0 running,   0 sleeping,   0 stopped,   0 zombie
%Cpu(s):  0.0 us,  0.0 sy,  0.0 ni,100.0 id,  0.0 wa,  0.0 hi,  0.0 si,  0.0 st
MiB Mem : 128490.0 total,  40288.5 free,   6743.5 used,  81458.0 buff/cache
MiB Swap:   2048.0 total,   1980.0 free,     68.0 used. 119919.1 avail Mem 

    PID USER      PR  NI    VIRT    RES    SHR S  %CPU  %MEM     TIME+ COMMAND

top - 00:56:50 up 93 days, 12:47,  6 users,  load average: 0.00, 0.05, 0.27
Tasks:   0 total,   0 running,   0 sleeping,   0 stopped,   0 zombie
%Cpu(s):  0.0 us,  0.0 sy,  0.0 ni,100.0 id,  0.0 wa,  0.0 hi,  0.0 si,  0.0 st
MiB Mem : 128490.0 total,  40288.5 free,   6743.5 used,  81458.0 buff/cache
MiB Swap:   2048.0 total,   1980.0 free,     68.0 used. 119919.1 avail Mem 

    PID USER      PR  NI    VIRT    RES    SHR S  %CPU  %MEM     TIME+ COMMAND

top - 00:56:55 up 93 days, 12:48,  6 users,  load average: 0.00, 0.05, 0.27
Tasks:   0 total,   0 running,   0 sleeping,   0 stopped,   0 zombie
%Cpu(s):  0.0 us,  0.0 sy,  0.0 ni,100.0 id,  0.0 wa,  0.0 hi,  0.0 si,  0.0 st
MiB Mem : 128490.0 total,  40288.5 free,   6743.5 used,  81458.0 buff/cache
MiB Swap:   2048.0 total,   1980.0 free,     68.0 used. 119919.1 avail Mem 

    PID USER      PR  NI    VIRT    RES    SHR S  %CPU  %MEM     TIME+ COMMAND

top - 00:57:00 up 93 days, 12:48,  6 users,  load average: 0.00, 0.05, 0.27
Tasks:   0 total,   0 running,   0 sleeping,   0 stopped,   0 zombie
%Cpu(s):  0.0 us,  0.0 sy,  0.0 ni,100.0 id,  0.0 wa,  0.0 hi,  0.0 si,  0.0 st
MiB Mem : 128490.0 total,  40288.5 free,   6743.5 used,  81458.0 buff/cache
MiB Swap:   2048.0 total,   1980.0 free,     68.0 used. 119919.1 avail Mem 

    PID USER      PR  NI    VIRT    RES    SHR S  %CPU  %MEM     TIME+ COMMAND

top - 00:57:05 up 93 days, 12:48,  6 users,  load average: 0.00, 0.05, 0.27
Tasks:   0 total,   0 running,   0 sleeping,   0 stopped,   0 zombie
%Cpu(s):  0.0 us,  0.0 sy,  0.0 ni,100.0 id,  0.0 wa,  0.0 hi,  0.0 si,  0.0 st
MiB Mem : 128490.0 total,  40288.5 free,   6743.5 used,  81458.0 buff/cache
MiB Swap:   2048.0 total,   1980.0 free,     68.0 used. 119919.1 avail Mem 

    PID USER      PR  NI    VIRT    RES    SHR S  %CPU  %MEM     TIME+ COMMAND

top - 00:57:10 up 93 days, 12:48,  6 users,  load average: 0.00, 0.05, 0.27
Tasks:   0 total,   0 running,   0 sleeping,   0 stopped,   0 zombie
%Cpu(s):  0.0 us,  0.0 sy,  0.0 ni,100.0 id,  0.0 wa,  0.0 hi,  0.0 si,  0.0 st
MiB Mem : 128490.0 total,  40288.5 free,   6743.5 used,  81458.0 buff/cache
MiB Swap:   2048.0 total,   1980.0 free,     68.0 used. 119919.1 avail Mem 

    PID USER      PR  NI    VIRT    RES    SHR S  %CPU  %MEM     TIME+ COMMAND

top - 00:57:15 up 93 days, 12:48,  6 users,  load average: 0.00, 0.04, 0.26
Tasks:   0 total,   0 running,   0 sleeping,   0 stopped,   0 zombie
%Cpu(s):  0.0 us,  0.0 sy,  0.0 ni,100.0 id,  0.0 wa,  0.0 hi,  0.0 si,  0.0 st
MiB Mem : 128490.0 total,  40288.5 free,   6743.5 used,  81458.0 buff/cache
MiB Swap:   2048.0 total,   1980.0 free,     68.0 used. 119919.1 avail Mem 

    PID USER      PR  NI    VIRT    RES    SHR S  %CPU  %MEM     TIME+ COMMAND

top - 00:57:20 up 93 days, 12:48,  6 users,  load average: 0.00, 0.04, 0.26
Tasks:   0 total,   0 running,   0 sleeping,   0 stopped,   0 zombie
%Cpu(s):  0.0 us,  0.0 sy,  0.0 ni,100.0 id,  0.0 wa,  0.0 hi,  0.0 si,  0.0 st
MiB Mem : 128490.0 total,  40288.5 free,   6743.5 used,  81458.0 buff/cache
MiB Swap:   2048.0 total,   1980.0 free,     68.0 used. 119919.1 avail Mem 

    PID USER      PR  NI    VIRT    RES    SHR S  %CPU  %MEM     TIME+ COMMAND

top - 00:57:25 up 93 days, 12:48,  6 users,  load average: 0.00, 0.04, 0.26
Tasks:   0 total,   0 running,   0 sleeping,   0 stopped,   0 zombie
%Cpu(s):  0.1 us,  0.0 sy,  0.0 ni, 99.9 id,  0.0 wa,  0.0 hi,  0.0 si,  0.0 st
MiB Mem : 128490.0 total,  40288.5 free,   6743.5 used,  81458.0 buff/cache
MiB Swap:   2048.0 total,   1980.0 free,     68.0 used. 119919.1 avail Mem 

    PID USER      PR  NI    VIRT    RES    SHR S  %CPU  %MEM     TIME+ COMMAND

top - 00:57:30 up 93 days, 12:48,  6 users,  load average: 0.00, 0.04, 0.26
Tasks:   0 total,   0 running,   0 sleeping,   0 stopped,   0 zombie
%Cpu(s):  0.0 us,  0.0 sy,  0.0 ni,100.0 id,  0.0 wa,  0.0 hi,  0.0 si,  0.0 st
MiB Mem : 128490.0 total,  40288.5 free,   6743.5 used,  81458.0 buff/cache
MiB Swap:   2048.0 total,   1980.0 free,     68.0 used. 119919.1 avail Mem 

    PID USER      PR  NI    VIRT    RES    SHR S  %CPU  %MEM     TIME+ COMMAND

top - 00:57:35 up 93 days, 12:48,  6 users,  load average: 0.00, 0.04, 0.26
Tasks:   0 total,   0 running,   0 sleeping,   0 stopped,   0 zombie
%Cpu(s):  0.0 us,  0.0 sy,  0.0 ni,100.0 id,  0.0 wa,  0.0 hi,  0.0 si,  0.0 st
MiB Mem : 128490.0 total,  40288.5 free,   6743.5 used,  81458.0 buff/cache
MiB Swap:   2048.0 total,   1980.0 free,     68.0 used. 119919.1 avail Mem 

    PID USER      PR  NI    VIRT    RES    SHR S  %CPU  %MEM     TIME+ COMMAND

top - 00:57:40 up 93 days, 12:48,  6 users,  load average: 0.00, 0.04, 0.26
Tasks:   0 total,   0 running,   0 sleeping,   0 stopped,   0 zombie
%Cpu(s):  0.0 us,  0.0 sy,  0.0 ni,100.0 id,  0.0 wa,  0.0 hi,  0.0 si,  0.0 st
MiB Mem : 128490.0 total,  40288.2 free,   6743.8 used,  81458.0 buff/cache
MiB Swap:   2048.0 total,   1980.0 free,     68.0 used. 119918.9 avail Mem 

    PID USER      PR  NI    VIRT    RES    SHR S  %CPU  %MEM     TIME+ COMMAND

top - 00:57:45 up 93 days, 12:48,  6 users,  load average: 0.00, 0.04, 0.25
Tasks:   0 total,   0 running,   0 sleeping,   0 stopped,   0 zombie
%Cpu(s):  0.0 us,  0.0 sy,  0.0 ni,100.0 id,  0.0 wa,  0.0 hi,  0.0 si,  0.0 st
MiB Mem : 128490.0 total,  40288.2 free,   6743.8 used,  81458.0 buff/cache
MiB Swap:   2048.0 total,   1980.0 free,     68.0 used. 119918.9 avail Mem 

    PID USER      PR  NI    VIRT    RES    SHR S  %CPU  %MEM     TIME+ COMMAND

top - 00:57:50 up 93 days, 12:48,  6 users,  load average: 0.00, 0.04, 0.25
Tasks:   0 total,   0 running,   0 sleeping,   0 stopped,   0 zombie
%Cpu(s):  0.0 us,  0.0 sy,  0.0 ni,100.0 id,  0.0 wa,  0.0 hi,  0.0 si,  0.0 st
MiB Mem : 128490.0 total,  40288.2 free,   6743.8 used,  81458.0 buff/cache
MiB Swap:   2048.0 total,   1980.0 free,     68.0 used. 119918.9 avail Mem 

    PID USER      PR  NI    VIRT    RES    SHR S  %CPU  %MEM     TIME+ COMMAND

top - 00:57:55 up 93 days, 12:49,  6 users,  load average: 0.00, 0.04, 0.25
Tasks:   0 total,   0 running,   0 sleeping,   0 stopped,   0 zombie
%Cpu(s):  0.0 us,  0.0 sy,  0.0 ni,100.0 id,  0.0 wa,  0.0 hi,  0.0 si,  0.0 st
MiB Mem : 128490.0 total,  40288.0 free,   6744.0 used,  81458.0 buff/cache
MiB Swap:   2048.0 total,   1980.0 free,     68.0 used. 119918.7 avail Mem 

    PID USER      PR  NI    VIRT    RES    SHR S  %CPU  %MEM     TIME+ COMMAND

top - 00:58:00 up 93 days, 12:49,  6 users,  load average: 0.00, 0.04, 0.25
Tasks:   0 total,   0 running,   0 sleeping,   0 stopped,   0 zombie
%Cpu(s):  0.0 us,  0.0 sy,  0.0 ni,100.0 id,  0.0 wa,  0.0 hi,  0.0 si,  0.0 st
MiB Mem : 128490.0 total,  40288.0 free,   6744.0 used,  81458.0 buff/cache
MiB Swap:   2048.0 total,   1980.0 free,     68.0 used. 119918.7 avail Mem 

    PID USER      PR  NI    VIRT    RES    SHR S  %CPU  %MEM     TIME+ COMMAND

top - 00:58:05 up 93 days, 12:49,  6 users,  load average: 0.00, 0.04, 0.25
Tasks:   0 total,   0 running,   0 sleeping,   0 stopped,   0 zombie
%Cpu(s):  0.0 us,  0.0 sy,  0.0 ni,100.0 id,  0.0 wa,  0.0 hi,  0.0 si,  0.0 st
MiB Mem : 128490.0 total,  40288.0 free,   6744.0 used,  81458.0 buff/cache
MiB Swap:   2048.0 total,   1980.0 free,     68.0 used. 119918.7 avail Mem 

    PID USER      PR  NI    VIRT    RES    SHR S  %CPU  %MEM     TIME+ COMMAND

top - 00:58:10 up 93 days, 12:49,  6 users,  load average: 0.00, 0.03, 0.25
Tasks:   0 total,   0 running,   0 sleeping,   0 stopped,   0 zombie
%Cpu(s):  0.0 us,  0.0 sy,  0.0 ni,100.0 id,  0.0 wa,  0.0 hi,  0.0 si,  0.0 st
MiB Mem : 128490.0 total,  40288.0 free,   6744.0 used,  81458.0 buff/cache
MiB Swap:   2048.0 total,   1980.0 free,     68.0 used. 119918.7 avail Mem 

    PID USER      PR  NI    VIRT    RES    SHR S  %CPU  %MEM     TIME+ COMMAND

top - 00:58:15 up 93 days, 12:49,  6 users,  load average: 0.00, 0.03, 0.25
Tasks:   0 total,   0 running,   0 sleeping,   0 stopped,   0 zombie
%Cpu(s):  0.0 us,  0.0 sy,  0.0 ni,100.0 id,  0.0 wa,  0.0 hi,  0.0 si,  0.0 st
MiB Mem : 128490.0 total,  40288.0 free,   6744.0 used,  81458.0 buff/cache
MiB Swap:   2048.0 total,   1980.0 free,     68.0 used. 119918.7 avail Mem 

    PID USER      PR  NI    VIRT    RES    SHR S  %CPU  %MEM     TIME+ COMMAND

top - 00:58:20 up 93 days, 12:49,  6 users,  load average: 0.00, 0.03, 0.24
Tasks:   0 total,   0 running,   0 sleeping,   0 stopped,   0 zombie
%Cpu(s):  0.0 us,  0.0 sy,  0.0 ni,100.0 id,  0.0 wa,  0.0 hi,  0.0 si,  0.0 st
MiB Mem : 128490.0 total,  40290.0 free,   6742.0 used,  81458.0 buff/cache
MiB Swap:   2048.0 total,   1980.0 free,     68.0 used. 119920.6 avail Mem 

    PID USER      PR  NI    VIRT    RES    SHR S  %CPU  %MEM     TIME+ COMMAND

top - 00:58:25 up 93 days, 12:49,  6 users,  load average: 0.00, 0.03, 0.24
Tasks:   0 total,   0 running,   0 sleeping,   0 stopped,   0 zombie
%Cpu(s):  0.0 us,  0.0 sy,  0.0 ni,100.0 id,  0.0 wa,  0.0 hi,  0.0 si,  0.0 st
MiB Mem : 128490.0 total,  40290.0 free,   6742.0 used,  81458.0 buff/cache
MiB Swap:   2048.0 total,   1980.0 free,     68.0 used. 119920.6 avail Mem 

    PID USER      PR  NI    VIRT    RES    SHR S  %CPU  %MEM     TIME+ COMMAND

top - 00:58:30 up 93 days, 12:49,  6 users,  load average: 0.00, 0.03, 0.24
Tasks:   0 total,   0 running,   0 sleeping,   0 stopped,   0 zombie
%Cpu(s):  0.0 us,  0.0 sy,  0.0 ni,100.0 id,  0.0 wa,  0.0 hi,  0.0 si,  0.0 st
MiB Mem : 128490.0 total,  40290.0 free,   6742.0 used,  81458.0 buff/cache
MiB Swap:   2048.0 total,   1980.0 free,     68.0 used. 119920.6 avail Mem 

    PID USER      PR  NI    VIRT    RES    SHR S  %CPU  %MEM     TIME+ COMMAND

top - 00:58:35 up 93 days, 12:49,  6 users,  load average: 0.00, 0.03, 0.24
Tasks:   0 total,   0 running,   0 sleeping,   0 stopped,   0 zombie
%Cpu(s):  0.0 us,  0.0 sy,  0.0 ni,100.0 id,  0.0 wa,  0.0 hi,  0.0 si,  0.0 st
MiB Mem : 128490.0 total,  40290.0 free,   6742.0 used,  81458.0 buff/cache
MiB Swap:   2048.0 total,   1980.0 free,     68.0 used. 119920.6 avail Mem 

    PID USER      PR  NI    VIRT    RES    SHR S  %CPU  %MEM     TIME+ COMMAND

top - 00:58:40 up 93 days, 12:49,  6 users,  load average: 0.00, 0.03, 0.24
Tasks:   0 total,   0 running,   0 sleeping,   0 stopped,   0 zombie
%Cpu(s):  0.0 us,  0.0 sy,  0.0 ni,100.0 id,  0.0 wa,  0.0 hi,  0.0 si,  0.0 st
MiB Mem : 128490.0 total,  40290.0 free,   6742.0 used,  81458.0 buff/cache
MiB Swap:   2048.0 total,   1980.0 free,     68.0 used. 119920.6 avail Mem 

    PID USER      PR  NI    VIRT    RES    SHR S  %CPU  %MEM     TIME+ COMMAND

top - 00:58:45 up 93 days, 12:49,  6 users,  load average: 0.00, 0.03, 0.24
Tasks:   0 total,   0 running,   0 sleeping,   0 stopped,   0 zombie
%Cpu(s):  0.0 us,  0.0 sy,  0.0 ni,100.0 id,  0.0 wa,  0.0 hi,  0.0 si,  0.0 st
MiB Mem : 128490.0 total,  40290.0 free,   6742.0 used,  81458.0 buff/cache
MiB Swap:   2048.0 total,   1980.0 free,     68.0 used. 119920.6 avail Mem 

    PID USER      PR  NI    VIRT    RES    SHR S  %CPU  %MEM     TIME+ COMMAND

top - 00:58:50 up 93 days, 12:49,  6 users,  load average: 0.00, 0.03, 0.24
Tasks:   0 total,   0 running,   0 sleeping,   0 stopped,   0 zombie
%Cpu(s):  0.0 us,  0.0 sy,  0.0 ni,100.0 id,  0.0 wa,  0.0 hi,  0.0 si,  0.0 st
MiB Mem : 128490.0 total,  40290.0 free,   6742.0 used,  81458.0 buff/cache
MiB Swap:   2048.0 total,   1980.0 free,     68.0 used. 119920.6 avail Mem 

    PID USER      PR  NI    VIRT    RES    SHR S  %CPU  %MEM     TIME+ COMMAND

top - 00:58:55 up 93 days, 12:50,  6 users,  load average: 0.00, 0.03, 0.23
Tasks:   0 total,   0 running,   0 sleeping,   0 stopped,   0 zombie
%Cpu(s):  0.0 us,  0.0 sy,  0.0 ni,100.0 id,  0.0 wa,  0.0 hi,  0.0 si,  0.0 st
MiB Mem : 128490.0 total,  40290.0 free,   6742.0 used,  81458.0 buff/cache
MiB Swap:   2048.0 total,   1980.0 free,     68.0 used. 119920.6 avail Mem 

    PID USER      PR  NI    VIRT    RES    SHR S  %CPU  %MEM     TIME+ COMMAND

top - 00:59:00 up 93 days, 12:50,  6 users,  load average: 0.00, 0.03, 0.23
Tasks:   0 total,   0 running,   0 sleeping,   0 stopped,   0 zombie
%Cpu(s):  0.0 us,  0.0 sy,  0.0 ni,100.0 id,  0.0 wa,  0.0 hi,  0.0 si,  0.0 st
MiB Mem : 128490.0 total,  40290.0 free,   6742.0 used,  81458.0 buff/cache
MiB Swap:   2048.0 total,   1980.0 free,     68.0 used. 119920.6 avail Mem 

    PID USER      PR  NI    VIRT    RES    SHR S  %CPU  %MEM     TIME+ COMMAND

top - 00:59:05 up 93 days, 12:50,  6 users,  load average: 0.00, 0.03, 0.23
Tasks:   0 total,   0 running,   0 sleeping,   0 stopped,   0 zombie
%Cpu(s):  0.0 us,  0.0 sy,  0.0 ni,100.0 id,  0.0 wa,  0.0 hi,  0.0 si,  0.0 st
MiB Mem : 128490.0 total,  40290.0 free,   6742.0 used,  81458.0 buff/cache
MiB Swap:   2048.0 total,   1980.0 free,     68.0 used. 119920.6 avail Mem 

    PID USER      PR  NI    VIRT    RES    SHR S  %CPU  %MEM     TIME+ COMMAND

top - 00:59:10 up 93 days, 12:50,  6 users,  load average: 0.00, 0.03, 0.23
Tasks:   0 total,   0 running,   0 sleeping,   0 stopped,   0 zombie
%Cpu(s):  0.0 us,  0.0 sy,  0.0 ni,100.0 id,  0.0 wa,  0.0 hi,  0.0 si,  0.0 st
MiB Mem : 128490.0 total,  40290.0 free,   6742.0 used,  81458.0 buff/cache
MiB Swap:   2048.0 total,   1980.0 free,     68.0 used. 119920.6 avail Mem 

    PID USER      PR  NI    VIRT    RES    SHR S  %CPU  %MEM     TIME+ COMMAND

top - 00:59:15 up 93 days, 12:50,  6 users,  load average: 0.00, 0.03, 0.23
Tasks:   0 total,   0 running,   0 sleeping,   0 stopped,   0 zombie
%Cpu(s):  0.0 us,  0.0 sy,  0.0 ni,100.0 id,  0.0 wa,  0.0 hi,  0.0 si,  0.0 st
MiB Mem : 128490.0 total,  40290.0 free,   6742.0 used,  81458.0 buff/cache
MiB Swap:   2048.0 total,   1980.0 free,     68.0 used. 119920.6 avail Mem 

    PID USER      PR  NI    VIRT    RES    SHR S  %CPU  %MEM     TIME+ COMMAND

top - 00:59:21 up 93 days, 12:50,  6 users,  load average: 0.00, 0.02, 0.23
Tasks:   0 total,   0 running,   0 sleeping,   0 stopped,   0 zombie
%Cpu(s):  0.0 us,  0.0 sy,  0.0 ni,100.0 id,  0.0 wa,  0.0 hi,  0.0 si,  0.0 st
MiB Mem : 128490.0 total,  40290.0 free,   6742.0 used,  81458.0 buff/cache
MiB Swap:   2048.0 total,   1980.0 free,     68.0 used. 119920.6 avail Mem 

    PID USER      PR  NI    VIRT    RES    SHR S  %CPU  %MEM     TIME+ COMMAND

top - 00:59:26 up 93 days, 12:50,  6 users,  load average: 0.00, 0.02, 0.23
Tasks:   0 total,   0 running,   0 sleeping,   0 stopped,   0 zombie
%Cpu(s):  0.0 us,  0.0 sy,  0.0 ni,100.0 id,  0.0 wa,  0.0 hi,  0.0 si,  0.0 st
MiB Mem : 128490.0 total,  40289.7 free,   6742.2 used,  81458.0 buff/cache
MiB Swap:   2048.0 total,   1980.0 free,     68.0 used. 119920.4 avail Mem 

    PID USER      PR  NI    VIRT    RES    SHR S  %CPU  %MEM     TIME+ COMMAND

top - 00:59:31 up 93 days, 12:50,  6 users,  load average: 0.00, 0.02, 0.22
Tasks:   0 total,   0 running,   0 sleeping,   0 stopped,   0 zombie
%Cpu(s):  0.0 us,  0.0 sy,  0.0 ni,100.0 id,  0.0 wa,  0.0 hi,  0.0 si,  0.0 st
MiB Mem : 128490.0 total,  40289.7 free,   6742.2 used,  81458.0 buff/cache
MiB Swap:   2048.0 total,   1980.0 free,     68.0 used. 119920.4 avail Mem 

    PID USER      PR  NI    VIRT    RES    SHR S  %CPU  %MEM     TIME+ COMMAND

top - 00:59:36 up 93 days, 12:50,  6 users,  load average: 0.00, 0.02, 0.22
Tasks:   0 total,   0 running,   0 sleeping,   0 stopped,   0 zombie
%Cpu(s):  0.1 us,  0.0 sy,  0.0 ni, 99.9 id,  0.0 wa,  0.0 hi,  0.0 si,  0.0 st
MiB Mem : 128490.0 total,  40289.7 free,   6742.2 used,  81458.0 buff/cache
MiB Swap:   2048.0 total,   1980.0 free,     68.0 used. 119920.4 avail Mem 

    PID USER      PR  NI    VIRT    RES    SHR S  %CPU  %MEM     TIME+ COMMAND

top - 00:59:41 up 93 days, 12:50,  6 users,  load average: 0.00, 0.02, 0.22
Tasks:   0 total,   0 running,   0 sleeping,   0 stopped,   0 zombie
%Cpu(s):  0.0 us,  0.0 sy,  0.0 ni,100.0 id,  0.0 wa,  0.0 hi,  0.0 si,  0.0 st
MiB Mem : 128490.0 total,  40289.7 free,   6742.2 used,  81458.0 buff/cache
MiB Swap:   2048.0 total,   1980.0 free,     68.0 used. 119920.4 avail Mem 

    PID USER      PR  NI    VIRT    RES    SHR S  %CPU  %MEM     TIME+ COMMAND

top - 00:59:46 up 93 days, 12:50,  6 users,  load average: 0.00, 0.02, 0.22
Tasks:   0 total,   0 running,   0 sleeping,   0 stopped,   0 zombie
%Cpu(s):  0.0 us,  0.0 sy,  0.0 ni,100.0 id,  0.0 wa,  0.0 hi,  0.0 si,  0.0 st
MiB Mem : 128490.0 total,  40289.7 free,   6742.2 used,  81458.0 buff/cache
MiB Swap:   2048.0 total,   1980.0 free,     68.0 used. 119920.4 avail Mem 

    PID USER      PR  NI    VIRT    RES    SHR S  %CPU  %MEM     TIME+ COMMAND

top - 00:59:51 up 93 days, 12:50,  6 users,  load average: 0.00, 0.02, 0.22
Tasks:   0 total,   0 running,   0 sleeping,   0 stopped,   0 zombie
%Cpu(s):  0.0 us,  0.0 sy,  0.0 ni,100.0 id,  0.0 wa,  0.0 hi,  0.0 si,  0.0 st
MiB Mem : 128490.0 total,  40289.7 free,   6742.2 used,  81458.0 buff/cache
MiB Swap:   2048.0 total,   1980.0 free,     68.0 used. 119920.4 avail Mem 

    PID USER      PR  NI    VIRT    RES    SHR S  %CPU  %MEM     TIME+ COMMAND

top - 00:59:56 up 93 days, 12:51,  6 users,  load average: 0.00, 0.02, 0.22
Tasks:   0 total,   0 running,   0 sleeping,   0 stopped,   0 zombie
%Cpu(s):  0.0 us,  0.0 sy,  0.0 ni,100.0 id,  0.0 wa,  0.0 hi,  0.0 si,  0.0 st
MiB Mem : 128490.0 total,  40289.7 free,   6742.2 used,  81458.0 buff/cache
MiB Swap:   2048.0 total,   1980.0 free,     68.0 used. 119920.4 avail Mem 

    PID USER      PR  NI    VIRT    RES    SHR S  %CPU  %MEM     TIME+ COMMAND

top - 01:00:01 up 93 days, 12:51,  6 users,  load average: 0.00, 0.02, 0.22
Tasks:   0 total,   0 running,   0 sleeping,   0 stopped,   0 zombie
%Cpu(s):  0.0 us,  0.0 sy,  0.0 ni,100.0 id,  0.0 wa,  0.0 hi,  0.0 si,  0.0 st
MiB Mem : 128490.0 total,  40289.7 free,   6742.2 used,  81458.0 buff/cache
MiB Swap:   2048.0 total,   1980.0 free,     68.0 used. 119920.4 avail Mem 

    PID USER      PR  NI    VIRT    RES    SHR S  %CPU  %MEM     TIME+ COMMAND

top - 01:00:06 up 93 days, 12:51,  6 users,  load average: 0.00, 0.02, 0.21
Tasks:   0 total,   0 running,   0 sleeping,   0 stopped,   0 zombie
%Cpu(s):  0.0 us,  0.0 sy,  0.0 ni,100.0 id,  0.0 wa,  0.0 hi,  0.0 si,  0.0 st
MiB Mem : 128490.0 total,  40289.7 free,   6742.2 used,  81458.0 buff/cache
MiB Swap:   2048.0 total,   1980.0 free,     68.0 used. 119920.4 avail Mem 

    PID USER      PR  NI    VIRT    RES    SHR S  %CPU  %MEM     TIME+ COMMAND

top - 01:00:11 up 93 days, 12:51,  6 users,  load average: 0.00, 0.02, 0.21
Tasks:   0 total,   0 running,   0 sleeping,   0 stopped,   0 zombie
%Cpu(s):  0.0 us,  0.0 sy,  0.0 ni,100.0 id,  0.0 wa,  0.0 hi,  0.0 si,  0.0 st
MiB Mem : 128490.0 total,  40289.7 free,   6742.2 used,  81458.1 buff/cache
MiB Swap:   2048.0 total,   1980.0 free,     68.0 used. 119920.4 avail Mem 

    PID USER      PR  NI    VIRT    RES    SHR S  %CPU  %MEM     TIME+ COMMAND

top - 01:00:16 up 93 days, 12:51,  6 users,  load average: 0.00, 0.02, 0.21
Tasks:   0 total,   0 running,   0 sleeping,   0 stopped,   0 zombie
%Cpu(s):  0.0 us,  0.0 sy,  0.0 ni,100.0 id,  0.0 wa,  0.0 hi,  0.0 si,  0.0 st
MiB Mem : 128490.0 total,  40290.0 free,   6742.0 used,  81458.1 buff/cache
MiB Swap:   2048.0 total,   1980.0 free,     68.0 used. 119920.7 avail Mem 

    PID USER      PR  NI    VIRT    RES    SHR S  %CPU  %MEM     TIME+ COMMAND

top - 01:00:21 up 93 days, 12:51,  6 users,  load average: 0.00, 0.02, 0.21
Tasks:   0 total,   0 running,   0 sleeping,   0 stopped,   0 zombie
%Cpu(s):  0.0 us,  0.0 sy,  0.0 ni,100.0 id,  0.0 wa,  0.0 hi,  0.0 si,  0.0 st
MiB Mem : 128490.0 total,  40290.0 free,   6742.0 used,  81458.1 buff/cache
MiB Swap:   2048.0 total,   1980.0 free,     68.0 used. 119920.7 avail Mem 

    PID USER      PR  NI    VIRT    RES    SHR S  %CPU  %MEM     TIME+ COMMAND

top - 01:00:26 up 93 days, 12:51,  6 users,  load average: 0.00, 0.02, 0.21
Tasks:   0 total,   0 running,   0 sleeping,   0 stopped,   0 zombie
%Cpu(s):  0.0 us,  0.0 sy,  0.0 ni,100.0 id,  0.0 wa,  0.0 hi,  0.0 si,  0.0 st
MiB Mem : 128490.0 total,  40290.0 free,   6742.0 used,  81458.1 buff/cache
MiB Swap:   2048.0 total,   1980.0 free,     68.0 used. 119920.7 avail Mem 

    PID USER      PR  NI    VIRT    RES    SHR S  %CPU  %MEM     TIME+ COMMAND

top - 01:00:31 up 93 days, 12:51,  6 users,  load average: 0.00, 0.02, 0.21
Tasks:   0 total,   0 running,   0 sleeping,   0 stopped,   0 zombie
%Cpu(s):  0.0 us,  0.0 sy,  0.0 ni,100.0 id,  0.0 wa,  0.0 hi,  0.0 si,  0.0 st
MiB Mem : 128490.0 total,  40290.0 free,   6742.0 used,  81458.1 buff/cache
MiB Swap:   2048.0 total,   1980.0 free,     68.0 used. 119920.7 avail Mem 

    PID USER      PR  NI    VIRT    RES    SHR S  %CPU  %MEM     TIME+ COMMAND

top - 01:00:36 up 93 days, 12:51,  6 users,  load average: 0.00, 0.02, 0.20
Tasks:   0 total,   0 running,   0 sleeping,   0 stopped,   0 zombie
%Cpu(s):  0.0 us,  0.0 sy,  0.0 ni,100.0 id,  0.0 wa,  0.0 hi,  0.0 si,  0.0 st
MiB Mem : 128490.0 total,  40290.0 free,   6742.0 used,  81458.1 buff/cache
MiB Swap:   2048.0 total,   1980.0 free,     68.0 used. 119920.7 avail Mem 

    PID USER      PR  NI    VIRT    RES    SHR S  %CPU  %MEM     TIME+ COMMAND

top - 01:00:41 up 93 days, 12:51,  6 users,  load average: 0.00, 0.02, 0.20
Tasks:   0 total,   0 running,   0 sleeping,   0 stopped,   0 zombie
%Cpu(s):  0.0 us,  0.0 sy,  0.0 ni,100.0 id,  0.0 wa,  0.0 hi,  0.0 si,  0.0 st
MiB Mem : 128490.0 total,  40290.0 free,   6742.0 used,  81458.1 buff/cache
MiB Swap:   2048.0 total,   1980.0 free,     68.0 used. 119920.7 avail Mem 

    PID USER      PR  NI    VIRT    RES    SHR S  %CPU  %MEM     TIME+ COMMAND

top - 01:00:46 up 93 days, 12:51,  6 users,  load average: 0.00, 0.02, 0.20
Tasks:   0 total,   0 running,   0 sleeping,   0 stopped,   0 zombie
%Cpu(s):  0.0 us,  0.0 sy,  0.0 ni,100.0 id,  0.0 wa,  0.0 hi,  0.0 si,  0.0 st
MiB Mem : 128490.0 total,  40290.0 free,   6741.9 used,  81458.1 buff/cache
MiB Swap:   2048.0 total,   1980.0 free,     68.0 used. 119920.7 avail Mem 

    PID USER      PR  NI    VIRT    RES    SHR S  %CPU  %MEM     TIME+ COMMAND

top - 01:00:51 up 93 days, 12:51,  6 users,  load average: 0.00, 0.02, 0.20
Tasks:   0 total,   0 running,   0 sleeping,   0 stopped,   0 zombie
%Cpu(s):  0.0 us,  0.0 sy,  0.0 ni,100.0 id,  0.0 wa,  0.0 hi,  0.0 si,  0.0 st
MiB Mem : 128490.0 total,  40289.7 free,   6742.2 used,  81458.1 buff/cache
MiB Swap:   2048.0 total,   1980.0 free,     68.0 used. 119920.4 avail Mem 

    PID USER      PR  NI    VIRT    RES    SHR S  %CPU  %MEM     TIME+ COMMAND

top - 01:00:56 up 93 days, 12:52,  6 users,  load average: 0.00, 0.02, 0.20
Tasks:   0 total,   0 running,   0 sleeping,   0 stopped,   0 zombie
%Cpu(s):  0.0 us,  0.0 sy,  0.0 ni,100.0 id,  0.0 wa,  0.0 hi,  0.0 si,  0.0 st
MiB Mem : 128490.0 total,  40289.7 free,   6742.2 used,  81458.1 buff/cache
MiB Swap:   2048.0 total,   1980.0 free,     68.0 used. 119920.4 avail Mem 

    PID USER      PR  NI    VIRT    RES    SHR S  %CPU  %MEM     TIME+ COMMAND

top - 01:01:01 up 93 days, 12:52,  6 users,  load average: 0.00, 0.02, 0.20
Tasks:   0 total,   0 running,   0 sleeping,   0 stopped,   0 zombie
%Cpu(s):  0.0 us,  0.0 sy,  0.0 ni,100.0 id,  0.0 wa,  0.0 hi,  0.0 si,  0.0 st
MiB Mem : 128490.0 total,  40289.7 free,   6742.2 used,  81458.1 buff/cache
MiB Swap:   2048.0 total,   1980.0 free,     68.0 used. 119920.5 avail Mem 

    PID USER      PR  NI    VIRT    RES    SHR S  %CPU  %MEM     TIME+ COMMAND

top - 01:01:06 up 93 days, 12:52,  6 users,  load average: 0.00, 0.01, 0.20
Tasks:   0 total,   0 running,   0 sleeping,   0 stopped,   0 zombie
%Cpu(s):  0.0 us,  0.0 sy,  0.0 ni,100.0 id,  0.0 wa,  0.0 hi,  0.0 si,  0.0 st
MiB Mem : 128490.0 total,  40289.7 free,   6742.2 used,  81458.1 buff/cache
MiB Swap:   2048.0 total,   1980.0 free,     68.0 used. 119920.5 avail Mem 

    PID USER      PR  NI    VIRT    RES    SHR S  %CPU  %MEM     TIME+ COMMAND

top - 01:01:11 up 93 days, 12:52,  6 users,  load average: 0.00, 0.01, 0.19
Tasks:   0 total,   0 running,   0 sleeping,   0 stopped,   0 zombie
%Cpu(s):  0.0 us,  0.0 sy,  0.0 ni, 99.9 id,  0.0 wa,  0.0 hi,  0.0 si,  0.0 st
MiB Mem : 128490.0 total,  40289.7 free,   6742.2 used,  81458.1 buff/cache
MiB Swap:   2048.0 total,   1980.0 free,     68.0 used. 119920.5 avail Mem 

    PID USER      PR  NI    VIRT    RES    SHR S  %CPU  %MEM     TIME+ COMMAND

top - 01:01:16 up 93 days, 12:52,  6 users,  load average: 0.00, 0.01, 0.19
Tasks:   0 total,   0 running,   0 sleeping,   0 stopped,   0 zombie
%Cpu(s):  0.0 us,  0.0 sy,  0.0 ni,100.0 id,  0.0 wa,  0.0 hi,  0.0 si,  0.0 st
MiB Mem : 128490.0 total,  40289.7 free,   6742.2 used,  81458.1 buff/cache
MiB Swap:   2048.0 total,   1980.0 free,     68.0 used. 119920.5 avail Mem 

    PID USER      PR  NI    VIRT    RES    SHR S  %CPU  %MEM     TIME+ COMMAND

top - 01:01:21 up 93 days, 12:52,  6 users,  load average: 0.00, 0.01, 0.19
Tasks:   0 total,   0 running,   0 sleeping,   0 stopped,   0 zombie
%Cpu(s):  0.0 us,  0.0 sy,  0.0 ni,100.0 id,  0.0 wa,  0.0 hi,  0.0 si,  0.0 st
MiB Mem : 128490.0 total,  40289.7 free,   6742.2 used,  81458.1 buff/cache
MiB Swap:   2048.0 total,   1980.0 free,     68.0 used. 119920.5 avail Mem 

    PID USER      PR  NI    VIRT    RES    SHR S  %CPU  %MEM     TIME+ COMMAND

top - 01:01:26 up 93 days, 12:52,  6 users,  load average: 0.00, 0.01, 0.19
Tasks:   0 total,   0 running,   0 sleeping,   0 stopped,   0 zombie
%Cpu(s):  0.0 us,  0.0 sy,  0.0 ni, 99.9 id,  0.0 wa,  0.0 hi,  0.0 si,  0.0 st
MiB Mem : 128490.0 total,  40289.7 free,   6742.2 used,  81458.1 buff/cache
MiB Swap:   2048.0 total,   1980.0 free,     68.0 used. 119920.5 avail Mem 

    PID USER      PR  NI    VIRT    RES    SHR S  %CPU  %MEM     TIME+ COMMAND

top - 01:01:31 up 93 days, 12:52,  6 users,  load average: 0.00, 0.01, 0.19
Tasks:   0 total,   0 running,   0 sleeping,   0 stopped,   0 zombie
%Cpu(s):  0.0 us,  0.0 sy,  0.0 ni,100.0 id,  0.0 wa,  0.0 hi,  0.0 si,  0.0 st
MiB Mem : 128490.0 total,  40289.5 free,   6742.4 used,  81458.1 buff/cache
MiB Swap:   2048.0 total,   1980.0 free,     68.0 used. 119920.2 avail Mem 

    PID USER      PR  NI    VIRT    RES    SHR S  %CPU  %MEM     TIME+ COMMAND

top - 01:01:36 up 93 days, 12:52,  6 users,  load average: 0.00, 0.01, 0.19
Tasks:   0 total,   0 running,   0 sleeping,   0 stopped,   0 zombie
%Cpu(s):  0.0 us,  0.0 sy,  0.0 ni,100.0 id,  0.0 wa,  0.0 hi,  0.0 si,  0.0 st
MiB Mem : 128490.0 total,  40289.5 free,   6742.4 used,  81458.1 buff/cache
MiB Swap:   2048.0 total,   1980.0 free,     68.0 used. 119920.2 avail Mem 

    PID USER      PR  NI    VIRT    RES    SHR S  %CPU  %MEM     TIME+ COMMAND

top - 01:01:41 up 93 days, 12:52,  6 users,  load average: 0.00, 0.01, 0.19
Tasks:   0 total,   0 running,   0 sleeping,   0 stopped,   0 zombie
%Cpu(s):  0.0 us,  0.0 sy,  0.0 ni,100.0 id,  0.0 wa,  0.0 hi,  0.0 si,  0.0 st
MiB Mem : 128490.0 total,  40289.5 free,   6742.4 used,  81458.1 buff/cache
MiB Swap:   2048.0 total,   1980.0 free,     68.0 used. 119920.2 avail Mem 

    PID USER      PR  NI    VIRT    RES    SHR S  %CPU  %MEM     TIME+ COMMAND

top - 01:01:46 up 93 days, 12:52,  6 users,  load average: 0.00, 0.01, 0.18
Tasks:   0 total,   0 running,   0 sleeping,   0 stopped,   0 zombie
%Cpu(s):  0.0 us,  0.0 sy,  0.0 ni,100.0 id,  0.0 wa,  0.0 hi,  0.0 si,  0.0 st
MiB Mem : 128490.0 total,  40289.5 free,   6742.4 used,  81458.1 buff/cache
MiB Swap:   2048.0 total,   1980.0 free,     68.0 used. 119920.2 avail Mem 

    PID USER      PR  NI    VIRT    RES    SHR S  %CPU  %MEM     TIME+ COMMAND

top - 01:01:51 up 93 days, 12:52,  6 users,  load average: 0.00, 0.01, 0.18
Tasks:   0 total,   0 running,   0 sleeping,   0 stopped,   0 zombie
%Cpu(s):  0.0 us,  0.0 sy,  0.0 ni,100.0 id,  0.0 wa,  0.0 hi,  0.0 si,  0.0 st
MiB Mem : 128490.0 total,  40289.5 free,   6742.4 used,  81458.1 buff/cache
MiB Swap:   2048.0 total,   1980.0 free,     68.0 used. 119920.2 avail Mem 

    PID USER      PR  NI    VIRT    RES    SHR S  %CPU  %MEM     TIME+ COMMAND

top - 01:01:56 up 93 days, 12:53,  6 users,  load average: 0.00, 0.01, 0.18
Tasks:   0 total,   0 running,   0 sleeping,   0 stopped,   0 zombie
%Cpu(s):  0.0 us,  0.0 sy,  0.0 ni,100.0 id,  0.0 wa,  0.0 hi,  0.0 si,  0.0 st
MiB Mem : 128490.0 total,  40289.5 free,   6742.4 used,  81458.1 buff/cache
MiB Swap:   2048.0 total,   1980.0 free,     68.0 used. 119920.2 avail Mem 

    PID USER      PR  NI    VIRT    RES    SHR S  %CPU  %MEM     TIME+ COMMAND

top - 01:02:01 up 93 days, 12:53,  6 users,  load average: 0.00, 0.01, 0.18
Tasks:   0 total,   0 running,   0 sleeping,   0 stopped,   0 zombie
%Cpu(s):  0.0 us,  0.0 sy,  0.0 ni,100.0 id,  0.0 wa,  0.0 hi,  0.0 si,  0.0 st
MiB Mem : 128490.0 total,  40289.5 free,   6742.4 used,  81458.1 buff/cache
MiB Swap:   2048.0 total,   1980.0 free,     68.0 used. 119920.2 avail Mem 

    PID USER      PR  NI    VIRT    RES    SHR S  %CPU  %MEM     TIME+ COMMAND

top - 01:02:06 up 93 days, 12:53,  6 users,  load average: 0.00, 0.01, 0.18
Tasks:   0 total,   0 running,   0 sleeping,   0 stopped,   0 zombie
%Cpu(s):  0.0 us,  0.0 sy,  0.0 ni,100.0 id,  0.0 wa,  0.0 hi,  0.0 si,  0.0 st
MiB Mem : 128490.0 total,  40289.5 free,   6742.4 used,  81458.1 buff/cache
MiB Swap:   2048.0 total,   1980.0 free,     68.0 used. 119920.2 avail Mem 

    PID USER      PR  NI    VIRT    RES    SHR S  %CPU  %MEM     TIME+ COMMAND

top - 01:02:11 up 93 days, 12:53,  6 users,  load average: 0.00, 0.01, 0.18
Tasks:   0 total,   0 running,   0 sleeping,   0 stopped,   0 zombie
%Cpu(s):  0.0 us,  0.0 sy,  0.0 ni,100.0 id,  0.0 wa,  0.0 hi,  0.0 si,  0.0 st
MiB Mem : 128490.0 total,  40289.5 free,   6742.4 used,  81458.1 buff/cache
MiB Swap:   2048.0 total,   1980.0 free,     68.0 used. 119920.2 avail Mem 

    PID USER      PR  NI    VIRT    RES    SHR S  %CPU  %MEM     TIME+ COMMAND

top - 01:02:16 up 93 days, 12:53,  6 users,  load average: 0.00, 0.01, 0.18
Tasks:   0 total,   0 running,   0 sleeping,   0 stopped,   0 zombie
%Cpu(s):  0.0 us,  0.0 sy,  0.0 ni,100.0 id,  0.0 wa,  0.0 hi,  0.0 si,  0.0 st
MiB Mem : 128490.0 total,  40289.5 free,   6742.4 used,  81458.1 buff/cache
MiB Swap:   2048.0 total,   1980.0 free,     68.0 used. 119920.2 avail Mem 

    PID USER      PR  NI    VIRT    RES    SHR S  %CPU  %MEM     TIME+ COMMAND

top - 01:02:21 up 93 days, 12:53,  6 users,  load average: 0.00, 0.01, 0.18
Tasks:   0 total,   0 running,   0 sleeping,   0 stopped,   0 zombie
%Cpu(s):  0.0 us,  0.0 sy,  0.0 ni,100.0 id,  0.0 wa,  0.0 hi,  0.0 si,  0.0 st
MiB Mem : 128490.0 total,  40289.5 free,   6742.4 used,  81458.1 buff/cache
MiB Swap:   2048.0 total,   1980.0 free,     68.0 used. 119920.2 avail Mem 

    PID USER      PR  NI    VIRT    RES    SHR S  %CPU  %MEM     TIME+ COMMAND

top - 01:02:26 up 93 days, 12:53,  6 users,  load average: 0.00, 0.01, 0.18
Tasks:   0 total,   0 running,   0 sleeping,   0 stopped,   0 zombie
%Cpu(s):  0.0 us,  0.0 sy,  0.0 ni,100.0 id,  0.0 wa,  0.0 hi,  0.0 si,  0.0 st
MiB Mem : 128490.0 total,  40289.5 free,   6742.4 used,  81458.1 buff/cache
MiB Swap:   2048.0 total,   1980.0 free,     68.0 used. 119920.2 avail Mem 

    PID USER      PR  NI    VIRT    RES    SHR S  %CPU  %MEM     TIME+ COMMAND

top - 01:02:31 up 93 days, 12:53,  6 users,  load average: 0.00, 0.01, 0.17
Tasks:   0 total,   0 running,   0 sleeping,   0 stopped,   0 zombie
%Cpu(s):  0.0 us,  0.0 sy,  0.0 ni,100.0 id,  0.0 wa,  0.0 hi,  0.0 si,  0.0 st
MiB Mem : 128490.0 total,  40289.5 free,   6742.4 used,  81458.1 buff/cache
MiB Swap:   2048.0 total,   1980.0 free,     68.0 used. 119920.2 avail Mem 

    PID USER      PR  NI    VIRT    RES    SHR S  %CPU  %MEM     TIME+ COMMAND

top - 01:02:36 up 93 days, 12:53,  6 users,  load average: 0.00, 0.01, 0.17
Tasks:   0 total,   0 running,   0 sleeping,   0 stopped,   0 zombie
%Cpu(s):  0.0 us,  0.0 sy,  0.0 ni,100.0 id,  0.0 wa,  0.0 hi,  0.0 si,  0.0 st
MiB Mem : 128490.0 total,  40289.5 free,   6742.4 used,  81458.1 buff/cache
MiB Swap:   2048.0 total,   1980.0 free,     68.0 used. 119920.2 avail Mem 

    PID USER      PR  NI    VIRT    RES    SHR S  %CPU  %MEM     TIME+ COMMAND

top - 01:02:41 up 93 days, 12:53,  6 users,  load average: 0.00, 0.01, 0.17
Tasks:   0 total,   0 running,   0 sleeping,   0 stopped,   0 zombie
%Cpu(s):  0.0 us,  0.0 sy,  0.0 ni,100.0 id,  0.0 wa,  0.0 hi,  0.0 si,  0.0 st
MiB Mem : 128490.0 total,  40289.5 free,   6742.4 used,  81458.1 buff/cache
MiB Swap:   2048.0 total,   1980.0 free,     68.0 used. 119920.2 avail Mem 

    PID USER      PR  NI    VIRT    RES    SHR S  %CPU  %MEM     TIME+ COMMAND

top - 01:02:46 up 93 days, 12:53,  6 users,  load average: 0.00, 0.00, 0.17
Tasks:   0 total,   0 running,   0 sleeping,   0 stopped,   0 zombie
%Cpu(s):  0.0 us,  0.0 sy,  0.0 ni,100.0 id,  0.0 wa,  0.0 hi,  0.0 si,  0.0 st
MiB Mem : 128490.0 total,  40289.5 free,   6742.4 used,  81458.1 buff/cache
MiB Swap:   2048.0 total,   1980.0 free,     68.0 used. 119920.2 avail Mem 

    PID USER      PR  NI    VIRT    RES    SHR S  %CPU  %MEM     TIME+ COMMAND

top - 01:02:51 up 93 days, 12:53,  6 users,  load average: 0.00, 0.00, 0.17
Tasks:   0 total,   0 running,   0 sleeping,   0 stopped,   0 zombie
%Cpu(s):  0.0 us,  0.0 sy,  0.0 ni,100.0 id,  0.0 wa,  0.0 hi,  0.0 si,  0.0 st
MiB Mem : 128490.0 total,  40289.5 free,   6742.4 used,  81458.1 buff/cache
MiB Swap:   2048.0 total,   1980.0 free,     68.0 used. 119920.2 avail Mem 

    PID USER      PR  NI    VIRT    RES    SHR S  %CPU  %MEM     TIME+ COMMAND

top - 01:02:56 up 93 days, 12:54,  6 users,  load average: 0.00, 0.00, 0.17
Tasks:   0 total,   0 running,   0 sleeping,   0 stopped,   0 zombie
%Cpu(s):  0.0 us,  0.0 sy,  0.0 ni,100.0 id,  0.0 wa,  0.0 hi,  0.0 si,  0.0 st
MiB Mem : 128490.0 total,  40289.5 free,   6742.4 used,  81458.1 buff/cache
MiB Swap:   2048.0 total,   1980.0 free,     68.0 used. 119920.2 avail Mem 

    PID USER      PR  NI    VIRT    RES    SHR S  %CPU  %MEM     TIME+ COMMAND

top - 01:03:01 up 93 days, 12:54,  6 users,  load average: 0.00, 0.00, 0.17
Tasks:   0 total,   0 running,   0 sleeping,   0 stopped,   0 zombie
%Cpu(s):  0.0 us,  0.0 sy,  0.0 ni, 99.9 id,  0.0 wa,  0.0 hi,  0.0 si,  0.0 st
MiB Mem : 128490.0 total,  40289.5 free,   6742.4 used,  81458.1 buff/cache
MiB Swap:   2048.0 total,   1980.0 free,     68.0 used. 119920.2 avail Mem 

    PID USER      PR  NI    VIRT    RES    SHR S  %CPU  %MEM     TIME+ COMMAND

top - 01:03:06 up 93 days, 12:54,  6 users,  load average: 0.00, 0.00, 0.17
Tasks:   0 total,   0 running,   0 sleeping,   0 stopped,   0 zombie
%Cpu(s):  0.0 us,  0.0 sy,  0.0 ni,100.0 id,  0.0 wa,  0.0 hi,  0.0 si,  0.0 st
MiB Mem : 128490.0 total,  40289.5 free,   6742.4 used,  81458.1 buff/cache
MiB Swap:   2048.0 total,   1980.0 free,     68.0 used. 119920.2 avail Mem 

    PID USER      PR  NI    VIRT    RES    SHR S  %CPU  %MEM     TIME+ COMMAND

top - 01:03:11 up 93 days, 12:54,  6 users,  load average: 0.00, 0.00, 0.17
Tasks:   0 total,   0 running,   0 sleeping,   0 stopped,   0 zombie
%Cpu(s):  0.0 us,  0.0 sy,  0.0 ni, 99.9 id,  0.0 wa,  0.0 hi,  0.0 si,  0.0 st
MiB Mem : 128490.0 total,  40289.5 free,   6742.4 used,  81458.1 buff/cache
MiB Swap:   2048.0 total,   1980.0 free,     68.0 used. 119920.2 avail Mem 

    PID USER      PR  NI    VIRT    RES    SHR S  %CPU  %MEM     TIME+ COMMAND

top - 01:03:16 up 93 days, 12:54,  6 users,  load average: 0.00, 0.00, 0.17
Tasks:   0 total,   0 running,   0 sleeping,   0 stopped,   0 zombie
%Cpu(s):  0.0 us,  0.0 sy,  0.0 ni,100.0 id,  0.0 wa,  0.0 hi,  0.0 si,  0.0 st
MiB Mem : 128490.0 total,  40289.5 free,   6742.4 used,  81458.1 buff/cache
MiB Swap:   2048.0 total,   1980.0 free,     68.0 used. 119920.2 avail Mem 

    PID USER      PR  NI    VIRT    RES    SHR S  %CPU  %MEM     TIME+ COMMAND

top - 01:03:21 up 93 days, 12:54,  6 users,  load average: 0.00, 0.00, 0.16
Tasks:   0 total,   0 running,   0 sleeping,   0 stopped,   0 zombie
%Cpu(s):  0.0 us,  0.0 sy,  0.0 ni,100.0 id,  0.0 wa,  0.0 hi,  0.0 si,  0.0 st
MiB Mem : 128490.0 total,  40289.5 free,   6742.4 used,  81458.1 buff/cache
MiB Swap:   2048.0 total,   1980.0 free,     68.0 used. 119920.2 avail Mem 

    PID USER      PR  NI    VIRT    RES    SHR S  %CPU  %MEM     TIME+ COMMAND

top - 01:03:26 up 93 days, 12:54,  6 users,  load average: 0.00, 0.00, 0.16
Tasks:   0 total,   0 running,   0 sleeping,   0 stopped,   0 zombie
%Cpu(s):  0.0 us,  0.0 sy,  0.0 ni,100.0 id,  0.0 wa,  0.0 hi,  0.0 si,  0.0 st
MiB Mem : 128490.0 total,  40289.8 free,   6742.2 used,  81458.1 buff/cache
MiB Swap:   2048.0 total,   1980.0 free,     68.0 used. 119920.5 avail Mem 

    PID USER      PR  NI    VIRT    RES    SHR S  %CPU  %MEM     TIME+ COMMAND

top - 01:03:31 up 93 days, 12:54,  6 users,  load average: 0.00, 0.00, 0.16
Tasks:   0 total,   0 running,   0 sleeping,   0 stopped,   0 zombie
%Cpu(s):  0.0 us,  0.0 sy,  0.0 ni,100.0 id,  0.0 wa,  0.0 hi,  0.0 si,  0.0 st
MiB Mem : 128490.0 total,  40289.8 free,   6742.2 used,  81458.1 buff/cache
MiB Swap:   2048.0 total,   1980.0 free,     68.0 used. 119920.5 avail Mem 

    PID USER      PR  NI    VIRT    RES    SHR S  %CPU  %MEM     TIME+ COMMAND

top - 01:03:36 up 93 days, 12:54,  6 users,  load average: 0.00, 0.00, 0.16
Tasks:   0 total,   0 running,   0 sleeping,   0 stopped,   0 zombie
%Cpu(s):  0.0 us,  0.0 sy,  0.0 ni,100.0 id,  0.0 wa,  0.0 hi,  0.0 si,  0.0 st
MiB Mem : 128490.0 total,  40289.5 free,   6742.4 used,  81458.1 buff/cache
MiB Swap:   2048.0 total,   1980.0 free,     68.0 used. 119920.2 avail Mem 

    PID USER      PR  NI    VIRT    RES    SHR S  %CPU  %MEM     TIME+ COMMAND

top - 01:03:41 up 93 days, 12:54,  6 users,  load average: 0.00, 0.00, 0.16
Tasks:   0 total,   0 running,   0 sleeping,   0 stopped,   0 zombie
%Cpu(s):  0.0 us,  0.0 sy,  0.0 ni,100.0 id,  0.0 wa,  0.0 hi,  0.0 si,  0.0 st
MiB Mem : 128490.0 total,  40289.8 free,   6742.2 used,  81458.1 buff/cache
MiB Swap:   2048.0 total,   1980.0 free,     68.0 used. 119920.5 avail Mem 

    PID USER      PR  NI    VIRT    RES    SHR S  %CPU  %MEM     TIME+ COMMAND

top - 01:03:46 up 93 days, 12:54,  6 users,  load average: 0.00, 0.00, 0.16
Tasks:   0 total,   0 running,   0 sleeping,   0 stopped,   0 zombie
%Cpu(s):  0.1 us,  0.0 sy,  0.0 ni, 99.9 id,  0.0 wa,  0.0 hi,  0.0 si,  0.0 st
MiB Mem : 128490.0 total,  40289.8 free,   6742.2 used,  81458.1 buff/cache
MiB Swap:   2048.0 total,   1980.0 free,     68.0 used. 119920.5 avail Mem 

    PID USER      PR  NI    VIRT    RES    SHR S  %CPU  %MEM     TIME+ COMMAND

top - 01:03:51 up 93 days, 12:54,  6 users,  load average: 0.00, 0.00, 0.16
Tasks:   0 total,   0 running,   0 sleeping,   0 stopped,   0 zombie
%Cpu(s):  0.0 us,  0.0 sy,  0.0 ni,100.0 id,  0.0 wa,  0.0 hi,  0.0 si,  0.0 st
MiB Mem : 128490.0 total,  40289.8 free,   6742.2 used,  81458.1 buff/cache
MiB Swap:   2048.0 total,   1980.0 free,     68.0 used. 119920.5 avail Mem 

    PID USER      PR  NI    VIRT    RES    SHR S  %CPU  %MEM     TIME+ COMMAND

top - 01:03:56 up 93 days, 12:55,  6 users,  load average: 0.00, 0.00, 0.16
Tasks:   0 total,   0 running,   0 sleeping,   0 stopped,   0 zombie
%Cpu(s):  0.0 us,  0.0 sy,  0.0 ni,100.0 id,  0.0 wa,  0.0 hi,  0.0 si,  0.0 st
MiB Mem : 128490.0 total,  40289.8 free,   6742.2 used,  81458.1 buff/cache
MiB Swap:   2048.0 total,   1980.0 free,     68.0 used. 119920.5 avail Mem 

    PID USER      PR  NI    VIRT    RES    SHR S  %CPU  %MEM     TIME+ COMMAND

top - 01:04:01 up 93 days, 12:55,  6 users,  load average: 0.00, 0.00, 0.16
Tasks:   0 total,   0 running,   0 sleeping,   0 stopped,   0 zombie
%Cpu(s):  0.0 us,  0.0 sy,  0.0 ni,100.0 id,  0.0 wa,  0.0 hi,  0.0 si,  0.0 st
MiB Mem : 128490.0 total,  40289.8 free,   6742.2 used,  81458.1 buff/cache
MiB Swap:   2048.0 total,   1980.0 free,     68.0 used. 119920.5 avail Mem 

    PID USER      PR  NI    VIRT    RES    SHR S  %CPU  %MEM     TIME+ COMMAND

top - 01:04:06 up 93 days, 12:55,  6 users,  load average: 0.00, 0.00, 0.16
Tasks:   0 total,   0 running,   0 sleeping,   0 stopped,   0 zombie
%Cpu(s):  0.0 us,  0.0 sy,  0.0 ni,100.0 id,  0.0 wa,  0.0 hi,  0.0 si,  0.0 st
MiB Mem : 128490.0 total,  40289.8 free,   6742.2 used,  81458.1 buff/cache
MiB Swap:   2048.0 total,   1980.0 free,     68.0 used. 119920.5 avail Mem 

    PID USER      PR  NI    VIRT    RES    SHR S  %CPU  %MEM     TIME+ COMMAND

top - 01:04:11 up 93 days, 12:55,  6 users,  load average: 0.00, 0.00, 0.16
Tasks:   0 total,   0 running,   0 sleeping,   0 stopped,   0 zombie
%Cpu(s):  0.0 us,  0.0 sy,  0.0 ni,100.0 id,  0.0 wa,  0.0 hi,  0.0 si,  0.0 st
MiB Mem : 128490.0 total,  40289.8 free,   6742.2 used,  81458.1 buff/cache
MiB Swap:   2048.0 total,   1980.0 free,     68.0 used. 119920.5 avail Mem 

    PID USER      PR  NI    VIRT    RES    SHR S  %CPU  %MEM     TIME+ COMMAND

top - 01:04:16 up 93 days, 12:55,  6 users,  load average: 0.00, 0.00, 0.15
Tasks:   0 total,   0 running,   0 sleeping,   0 stopped,   0 zombie
%Cpu(s):  0.0 us,  0.0 sy,  0.0 ni, 99.9 id,  0.0 wa,  0.0 hi,  0.0 si,  0.0 st
MiB Mem : 128490.0 total,  40289.8 free,   6742.2 used,  81458.1 buff/cache
MiB Swap:   2048.0 total,   1980.0 free,     68.0 used. 119920.5 avail Mem 

    PID USER      PR  NI    VIRT    RES    SHR S  %CPU  %MEM     TIME+ COMMAND

top - 01:04:21 up 93 days, 12:55,  6 users,  load average: 0.00, 0.00, 0.15
Tasks:   0 total,   0 running,   0 sleeping,   0 stopped,   0 zombie
%Cpu(s):  0.0 us,  0.0 sy,  0.0 ni,100.0 id,  0.0 wa,  0.0 hi,  0.0 si,  0.0 st
MiB Mem : 128490.0 total,  40289.8 free,   6742.2 used,  81458.1 buff/cache
MiB Swap:   2048.0 total,   1980.0 free,     68.0 used. 119920.5 avail Mem 

    PID USER      PR  NI    VIRT    RES    SHR S  %CPU  %MEM     TIME+ COMMAND

top - 01:04:26 up 93 days, 12:55,  6 users,  load average: 0.00, 0.00, 0.15
Tasks:   0 total,   0 running,   0 sleeping,   0 stopped,   0 zombie
%Cpu(s):  0.0 us,  0.0 sy,  0.0 ni,100.0 id,  0.0 wa,  0.0 hi,  0.0 si,  0.0 st
MiB Mem : 128490.0 total,  40289.8 free,   6742.2 used,  81458.1 buff/cache
MiB Swap:   2048.0 total,   1980.0 free,     68.0 used. 119920.5 avail Mem 

    PID USER      PR  NI    VIRT    RES    SHR S  %CPU  %MEM     TIME+ COMMAND

top - 01:04:31 up 93 days, 12:55,  6 users,  load average: 0.00, 0.00, 0.15
Tasks:   0 total,   0 running,   0 sleeping,   0 stopped,   0 zombie
%Cpu(s):  0.0 us,  0.0 sy,  0.0 ni,100.0 id,  0.0 wa,  0.0 hi,  0.0 si,  0.0 st
MiB Mem : 128490.0 total,  40289.8 free,   6742.2 used,  81458.1 buff/cache
MiB Swap:   2048.0 total,   1980.0 free,     68.0 used. 119920.5 avail Mem 

    PID USER      PR  NI    VIRT    RES    SHR S  %CPU  %MEM     TIME+ COMMAND

top - 01:04:36 up 93 days, 12:55,  6 users,  load average: 0.00, 0.00, 0.15
Tasks:   0 total,   0 running,   0 sleeping,   0 stopped,   0 zombie
%Cpu(s):  0.0 us,  0.0 sy,  0.0 ni,100.0 id,  0.0 wa,  0.0 hi,  0.0 si,  0.0 st
MiB Mem : 128490.0 total,  40290.0 free,   6741.9 used,  81458.1 buff/cache
MiB Swap:   2048.0 total,   1980.0 free,     68.0 used. 119920.7 avail Mem 

    PID USER      PR  NI    VIRT    RES    SHR S  %CPU  %MEM     TIME+ COMMAND

top - 01:04:41 up 93 days, 12:55,  6 users,  load average: 0.00, 0.00, 0.15
Tasks:   0 total,   0 running,   0 sleeping,   0 stopped,   0 zombie
%Cpu(s):  0.0 us,  0.0 sy,  0.0 ni,100.0 id,  0.0 wa,  0.0 hi,  0.0 si,  0.0 st
MiB Mem : 128490.0 total,  40290.0 free,   6741.9 used,  81458.1 buff/cache
MiB Swap:   2048.0 total,   1980.0 free,     68.0 used. 119920.7 avail Mem 

    PID USER      PR  NI    VIRT    RES    SHR S  %CPU  %MEM     TIME+ COMMAND

top - 01:04:46 up 93 days, 12:55,  6 users,  load average: 0.00, 0.00, 0.15
Tasks:   0 total,   0 running,   0 sleeping,   0 stopped,   0 zombie
%Cpu(s):  0.0 us,  0.0 sy,  0.0 ni,100.0 id,  0.0 wa,  0.0 hi,  0.0 si,  0.0 st
MiB Mem : 128490.0 total,  40290.0 free,   6741.9 used,  81458.1 buff/cache
MiB Swap:   2048.0 total,   1980.0 free,     68.0 used. 119920.7 avail Mem 

    PID USER      PR  NI    VIRT    RES    SHR S  %CPU  %MEM     TIME+ COMMAND

top - 01:04:51 up 93 days, 12:55,  6 users,  load average: 0.00, 0.00, 0.15
Tasks:   0 total,   0 running,   0 sleeping,   0 stopped,   0 zombie
%Cpu(s):  0.0 us,  0.0 sy,  0.0 ni,100.0 id,  0.0 wa,  0.0 hi,  0.0 si,  0.0 st
MiB Mem : 128490.0 total,  40290.0 free,   6741.9 used,  81458.1 buff/cache
MiB Swap:   2048.0 total,   1980.0 free,     68.0 used. 119920.7 avail Mem 

    PID USER      PR  NI    VIRT    RES    SHR S  %CPU  %MEM     TIME+ COMMAND

top - 01:04:56 up 93 days, 12:56,  6 users,  load average: 0.00, 0.00, 0.15
Tasks:   0 total,   0 running,   0 sleeping,   0 stopped,   0 zombie
%Cpu(s):  0.0 us,  0.0 sy,  0.0 ni,100.0 id,  0.0 wa,  0.0 hi,  0.0 si,  0.0 st
MiB Mem : 128490.0 total,  40289.8 free,   6742.1 used,  81458.1 buff/cache
MiB Swap:   2048.0 total,   1980.0 free,     68.0 used. 119920.5 avail Mem 

    PID USER      PR  NI    VIRT    RES    SHR S  %CPU  %MEM     TIME+ COMMAND

top - 01:05:01 up 93 days, 12:56,  6 users,  load average: 0.00, 0.00, 0.15
Tasks:   0 total,   0 running,   0 sleeping,   0 stopped,   0 zombie
%Cpu(s):  0.0 us,  0.0 sy,  0.0 ni,100.0 id,  0.0 wa,  0.0 hi,  0.0 si,  0.0 st
MiB Mem : 128490.0 total,  40289.8 free,   6742.1 used,  81458.1 buff/cache
MiB Swap:   2048.0 total,   1980.0 free,     68.0 used. 119920.5 avail Mem 

    PID USER      PR  NI    VIRT    RES    SHR S  %CPU  %MEM     TIME+ COMMAND

top - 01:05:06 up 93 days, 12:56,  6 users,  load average: 0.00, 0.00, 0.14
Tasks:   0 total,   0 running,   0 sleeping,   0 stopped,   0 zombie
%Cpu(s):  0.0 us,  0.0 sy,  0.0 ni,100.0 id,  0.0 wa,  0.0 hi,  0.0 si,  0.0 st
MiB Mem : 128490.0 total,  40289.8 free,   6742.1 used,  81458.1 buff/cache
MiB Swap:   2048.0 total,   1980.0 free,     68.0 used. 119920.5 avail Mem 

    PID USER      PR  NI    VIRT    RES    SHR S  %CPU  %MEM     TIME+ COMMAND

top - 01:05:11 up 93 days, 12:56,  6 users,  load average: 0.00, 0.00, 0.14
Tasks:   0 total,   0 running,   0 sleeping,   0 stopped,   0 zombie
%Cpu(s):  0.0 us,  0.0 sy,  0.0 ni,100.0 id,  0.0 wa,  0.0 hi,  0.0 si,  0.0 st
MiB Mem : 128490.0 total,  40289.8 free,   6742.1 used,  81458.1 buff/cache
MiB Swap:   2048.0 total,   1980.0 free,     68.0 used. 119920.5 avail Mem 

    PID USER      PR  NI    VIRT    RES    SHR S  %CPU  %MEM     TIME+ COMMAND

top - 01:05:16 up 93 days, 12:56,  6 users,  load average: 0.00, 0.00, 0.14
Tasks:   0 total,   0 running,   0 sleeping,   0 stopped,   0 zombie
%Cpu(s):  0.0 us,  0.0 sy,  0.0 ni,100.0 id,  0.0 wa,  0.0 hi,  0.0 si,  0.0 st
MiB Mem : 128490.0 total,  40289.8 free,   6742.1 used,  81458.1 buff/cache
MiB Swap:   2048.0 total,   1980.0 free,     68.0 used. 119920.5 avail Mem 

    PID USER      PR  NI    VIRT    RES    SHR S  %CPU  %MEM     TIME+ COMMAND

top - 01:05:21 up 93 days, 12:56,  6 users,  load average: 0.00, 0.00, 0.14
Tasks:   0 total,   0 running,   0 sleeping,   0 stopped,   0 zombie
%Cpu(s):  0.0 us,  0.0 sy,  0.0 ni, 99.9 id,  0.0 wa,  0.0 hi,  0.0 si,  0.0 st
MiB Mem : 128490.0 total,  40289.8 free,   6742.1 used,  81458.1 buff/cache
MiB Swap:   2048.0 total,   1980.0 free,     68.0 used. 119920.5 avail Mem 

    PID USER      PR  NI    VIRT    RES    SHR S  %CPU  %MEM     TIME+ COMMAND

top - 01:05:26 up 93 days, 12:56,  6 users,  load average: 0.00, 0.00, 0.14
Tasks:   0 total,   0 running,   0 sleeping,   0 stopped,   0 zombie
%Cpu(s):  0.0 us,  0.0 sy,  0.0 ni,100.0 id,  0.0 wa,  0.0 hi,  0.0 si,  0.0 st
MiB Mem : 128490.0 total,  40289.8 free,   6742.1 used,  81458.1 buff/cache
MiB Swap:   2048.0 total,   1980.0 free,     68.0 used. 119920.5 avail Mem 

    PID USER      PR  NI    VIRT    RES    SHR S  %CPU  %MEM     TIME+ COMMAND

top - 01:05:31 up 93 days, 12:56,  6 users,  load average: 0.00, 0.00, 0.14
Tasks:   0 total,   0 running,   0 sleeping,   0 stopped,   0 zombie
%Cpu(s):  0.0 us,  0.0 sy,  0.0 ni,100.0 id,  0.0 wa,  0.0 hi,  0.0 si,  0.0 st
MiB Mem : 128490.0 total,  40289.8 free,   6742.1 used,  81458.1 buff/cache
MiB Swap:   2048.0 total,   1980.0 free,     68.0 used. 119920.5 avail Mem 

    PID USER      PR  NI    VIRT    RES    SHR S  %CPU  %MEM     TIME+ COMMAND

top - 01:05:36 up 93 days, 12:56,  6 users,  load average: 0.00, 0.00, 0.14
Tasks:   0 total,   0 running,   0 sleeping,   0 stopped,   0 zombie
%Cpu(s):  0.0 us,  0.0 sy,  0.0 ni,100.0 id,  0.0 wa,  0.0 hi,  0.0 si,  0.0 st
MiB Mem : 128490.0 total,  40289.8 free,   6742.1 used,  81458.1 buff/cache
MiB Swap:   2048.0 total,   1980.0 free,     68.0 used. 119920.5 avail Mem 

    PID USER      PR  NI    VIRT    RES    SHR S  %CPU  %MEM     TIME+ COMMAND

top - 01:05:41 up 93 days, 12:56,  6 users,  load average: 0.00, 0.00, 0.14
Tasks:   0 total,   0 running,   0 sleeping,   0 stopped,   0 zombie
%Cpu(s):  0.0 us,  0.0 sy,  0.0 ni,100.0 id,  0.0 wa,  0.0 hi,  0.0 si,  0.0 st
MiB Mem : 128490.0 total,  40289.8 free,   6742.1 used,  81458.1 buff/cache
MiB Swap:   2048.0 total,   1980.0 free,     68.0 used. 119920.5 avail Mem 

    PID USER      PR  NI    VIRT    RES    SHR S  %CPU  %MEM     TIME+ COMMAND

top - 01:05:46 up 93 days, 12:56,  6 users,  load average: 0.00, 0.00, 0.14
Tasks:   0 total,   0 running,   0 sleeping,   0 stopped,   0 zombie
%Cpu(s):  0.0 us,  0.0 sy,  0.0 ni,100.0 id,  0.0 wa,  0.0 hi,  0.0 si,  0.0 st
MiB Mem : 128490.0 total,  40289.8 free,   6742.1 used,  81458.1 buff/cache
MiB Swap:   2048.0 total,   1980.0 free,     68.0 used. 119920.5 avail Mem 

    PID USER      PR  NI    VIRT    RES    SHR S  %CPU  %MEM     TIME+ COMMAND

top - 01:05:51 up 93 days, 12:56,  6 users,  load average: 0.00, 0.00, 0.14
Tasks:   0 total,   0 running,   0 sleeping,   0 stopped,   0 zombie
%Cpu(s):  0.0 us,  0.0 sy,  0.0 ni,100.0 id,  0.0 wa,  0.0 hi,  0.0 si,  0.0 st
MiB Mem : 128490.0 total,  40289.8 free,   6742.1 used,  81458.1 buff/cache
MiB Swap:   2048.0 total,   1980.0 free,     68.0 used. 119920.5 avail Mem 

    PID USER      PR  NI    VIRT    RES    SHR S  %CPU  %MEM     TIME+ COMMAND

top - 01:05:56 up 93 days, 12:57,  6 users,  load average: 0.00, 0.00, 0.13
Tasks:   0 total,   0 running,   0 sleeping,   0 stopped,   0 zombie
%Cpu(s):  0.1 us,  0.0 sy,  0.0 ni, 99.9 id,  0.0 wa,  0.0 hi,  0.0 si,  0.0 st
MiB Mem : 128490.0 total,  40289.8 free,   6742.1 used,  81458.1 buff/cache
MiB Swap:   2048.0 total,   1980.0 free,     68.0 used. 119920.5 avail Mem 

    PID USER      PR  NI    VIRT    RES    SHR S  %CPU  %MEM     TIME+ COMMAND

top - 01:06:01 up 93 days, 12:57,  6 users,  load average: 0.00, 0.00, 0.13
Tasks:   0 total,   0 running,   0 sleeping,   0 stopped,   0 zombie
%Cpu(s):  0.0 us,  0.0 sy,  0.0 ni,100.0 id,  0.0 wa,  0.0 hi,  0.0 si,  0.0 st
MiB Mem : 128490.0 total,  40289.8 free,   6742.1 used,  81458.1 buff/cache
MiB Swap:   2048.0 total,   1980.0 free,     68.0 used. 119920.5 avail Mem 

    PID USER      PR  NI    VIRT    RES    SHR S  %CPU  %MEM     TIME+ COMMAND

top - 01:06:06 up 93 days, 12:57,  6 users,  load average: 0.00, 0.00, 0.13
Tasks:   0 total,   0 running,   0 sleeping,   0 stopped,   0 zombie
%Cpu(s):  0.0 us,  0.0 sy,  0.0 ni,100.0 id,  0.0 wa,  0.0 hi,  0.0 si,  0.0 st
MiB Mem : 128490.0 total,  40289.8 free,   6742.1 used,  81458.1 buff/cache
MiB Swap:   2048.0 total,   1980.0 free,     68.0 used. 119920.5 avail Mem 

    PID USER      PR  NI    VIRT    RES    SHR S  %CPU  %MEM     TIME+ COMMAND

top - 01:06:11 up 93 days, 12:57,  6 users,  load average: 0.00, 0.00, 0.13
Tasks:   0 total,   0 running,   0 sleeping,   0 stopped,   0 zombie
%Cpu(s):  0.0 us,  0.0 sy,  0.0 ni,100.0 id,  0.0 wa,  0.0 hi,  0.0 si,  0.0 st
MiB Mem : 128490.0 total,  40289.8 free,   6742.1 used,  81458.1 buff/cache
MiB Swap:   2048.0 total,   1980.0 free,     68.0 used. 119920.5 avail Mem 

    PID USER      PR  NI    VIRT    RES    SHR S  %CPU  %MEM     TIME+ COMMAND

top - 01:06:16 up 93 days, 12:57,  6 users,  load average: 0.00, 0.00, 0.13
Tasks:   0 total,   0 running,   0 sleeping,   0 stopped,   0 zombie
%Cpu(s):  0.0 us,  0.0 sy,  0.0 ni,100.0 id,  0.0 wa,  0.0 hi,  0.0 si,  0.0 st
MiB Mem : 128490.0 total,  40289.8 free,   6742.1 used,  81458.1 buff/cache
MiB Swap:   2048.0 total,   1980.0 free,     68.0 used. 119920.5 avail Mem 

    PID USER      PR  NI    VIRT    RES    SHR S  %CPU  %MEM     TIME+ COMMAND

top - 01:06:21 up 93 days, 12:57,  6 users,  load average: 0.00, 0.00, 0.13
Tasks:   0 total,   0 running,   0 sleeping,   0 stopped,   0 zombie
%Cpu(s):  0.0 us,  0.0 sy,  0.0 ni,100.0 id,  0.0 wa,  0.0 hi,  0.0 si,  0.0 st
MiB Mem : 128490.0 total,  40289.8 free,   6742.1 used,  81458.1 buff/cache
MiB Swap:   2048.0 total,   1980.0 free,     68.0 used. 119920.5 avail Mem 

    PID USER      PR  NI    VIRT    RES    SHR S  %CPU  %MEM     TIME+ COMMAND

top - 01:06:26 up 93 days, 12:57,  6 users,  load average: 0.00, 0.00, 0.13
Tasks:   0 total,   0 running,   0 sleeping,   0 stopped,   0 zombie
%Cpu(s):  0.0 us,  0.0 sy,  0.0 ni,100.0 id,  0.0 wa,  0.0 hi,  0.0 si,  0.0 st
MiB Mem : 128490.0 total,  40289.8 free,   6742.1 used,  81458.1 buff/cache
MiB Swap:   2048.0 total,   1980.0 free,     68.0 used. 119920.5 avail Mem 

    PID USER      PR  NI    VIRT    RES    SHR S  %CPU  %MEM     TIME+ COMMAND

top - 01:06:31 up 93 days, 12:57,  6 users,  load average: 0.00, 0.00, 0.13
Tasks:   0 total,   0 running,   0 sleeping,   0 stopped,   0 zombie
%Cpu(s):  0.0 us,  0.0 sy,  0.0 ni,100.0 id,  0.0 wa,  0.0 hi,  0.0 si,  0.0 st
MiB Mem : 128490.0 total,  40289.8 free,   6742.1 used,  81458.1 buff/cache
MiB Swap:   2048.0 total,   1980.0 free,     68.0 used. 119920.5 avail Mem 

    PID USER      PR  NI    VIRT    RES    SHR S  %CPU  %MEM     TIME+ COMMAND

top - 01:06:36 up 93 days, 12:57,  6 users,  load average: 0.00, 0.00, 0.13
Tasks:   0 total,   0 running,   0 sleeping,   0 stopped,   0 zombie
%Cpu(s):  0.0 us,  0.0 sy,  0.0 ni,100.0 id,  0.0 wa,  0.0 hi,  0.0 si,  0.0 st
MiB Mem : 128490.0 total,  40289.8 free,   6742.1 used,  81458.1 buff/cache
MiB Swap:   2048.0 total,   1980.0 free,     68.0 used. 119920.5 avail Mem 

    PID USER      PR  NI    VIRT    RES    SHR S  %CPU  %MEM     TIME+ COMMAND

top - 01:06:41 up 93 days, 12:57,  6 users,  load average: 0.00, 0.00, 0.13
Tasks:   0 total,   0 running,   0 sleeping,   0 stopped,   0 zombie
%Cpu(s):  0.0 us,  0.0 sy,  0.0 ni,100.0 id,  0.0 wa,  0.0 hi,  0.0 si,  0.0 st
MiB Mem : 128490.0 total,  40289.8 free,   6742.1 used,  81458.1 buff/cache
MiB Swap:   2048.0 total,   1980.0 free,     68.0 used. 119920.5 avail Mem 

    PID USER      PR  NI    VIRT    RES    SHR S  %CPU  %MEM     TIME+ COMMAND

top - 01:06:46 up 93 days, 12:57,  6 users,  load average: 0.00, 0.00, 0.12
Tasks:   0 total,   0 running,   0 sleeping,   0 stopped,   0 zombie
%Cpu(s):  0.0 us,  0.0 sy,  0.0 ni,100.0 id,  0.0 wa,  0.0 hi,  0.0 si,  0.0 st
MiB Mem : 128490.0 total,  40289.8 free,   6742.1 used,  81458.1 buff/cache
MiB Swap:   2048.0 total,   1980.0 free,     68.0 used. 119920.5 avail Mem 

    PID USER      PR  NI    VIRT    RES    SHR S  %CPU  %MEM     TIME+ COMMAND

top - 01:06:51 up 93 days, 12:57,  6 users,  load average: 0.00, 0.00, 0.12
Tasks:   0 total,   0 running,   0 sleeping,   0 stopped,   0 zombie
%Cpu(s):  0.0 us,  0.0 sy,  0.0 ni,100.0 id,  0.0 wa,  0.0 hi,  0.0 si,  0.0 st
MiB Mem : 128490.0 total,  40289.8 free,   6742.1 used,  81458.1 buff/cache
MiB Swap:   2048.0 total,   1980.0 free,     68.0 used. 119920.5 avail Mem 

    PID USER      PR  NI    VIRT    RES    SHR S  %CPU  %MEM     TIME+ COMMAND

top - 01:06:56 up 93 days, 12:58,  6 users,  load average: 0.00, 0.00, 0.12
Tasks:   0 total,   0 running,   0 sleeping,   0 stopped,   0 zombie
%Cpu(s):  0.0 us,  0.0 sy,  0.0 ni,100.0 id,  0.0 wa,  0.0 hi,  0.0 si,  0.0 st
MiB Mem : 128490.0 total,  40290.0 free,   6741.9 used,  81458.1 buff/cache
MiB Swap:   2048.0 total,   1980.0 free,     68.0 used. 119920.8 avail Mem 

    PID USER      PR  NI    VIRT    RES    SHR S  %CPU  %MEM     TIME+ COMMAND

top - 01:07:01 up 93 days, 12:58,  6 users,  load average: 0.00, 0.00, 0.12
Tasks:   0 total,   0 running,   0 sleeping,   0 stopped,   0 zombie
%Cpu(s):  0.0 us,  0.0 sy,  0.0 ni,100.0 id,  0.0 wa,  0.0 hi,  0.0 si,  0.0 st
MiB Mem : 128490.0 total,  40290.0 free,   6741.9 used,  81458.1 buff/cache
MiB Swap:   2048.0 total,   1980.0 free,     68.0 used. 119920.8 avail Mem 

    PID USER      PR  NI    VIRT    RES    SHR S  %CPU  %MEM     TIME+ COMMAND

top - 01:07:06 up 93 days, 12:58,  6 users,  load average: 0.00, 0.00, 0.12
Tasks:   0 total,   0 running,   0 sleeping,   0 stopped,   0 zombie
%Cpu(s):  0.0 us,  0.0 sy,  0.0 ni,100.0 id,  0.0 wa,  0.0 hi,  0.0 si,  0.0 st
MiB Mem : 128490.0 total,  40290.0 free,   6741.9 used,  81458.1 buff/cache
MiB Swap:   2048.0 total,   1980.0 free,     68.0 used. 119920.8 avail Mem 

    PID USER      PR  NI    VIRT    RES    SHR S  %CPU  %MEM     TIME+ COMMAND

top - 01:07:11 up 93 days, 12:58,  6 users,  load average: 0.00, 0.00, 0.12
Tasks:   0 total,   0 running,   0 sleeping,   0 stopped,   0 zombie
%Cpu(s):  0.0 us,  0.0 sy,  0.0 ni,100.0 id,  0.0 wa,  0.0 hi,  0.0 si,  0.0 st
MiB Mem : 128490.0 total,  40290.0 free,   6741.9 used,  81458.1 buff/cache
MiB Swap:   2048.0 total,   1980.0 free,     68.0 used. 119920.8 avail Mem 

    PID USER      PR  NI    VIRT    RES    SHR S  %CPU  %MEM     TIME+ COMMAND

top - 01:07:16 up 93 days, 12:58,  6 users,  load average: 0.00, 0.00, 0.12
Tasks:   0 total,   0 running,   0 sleeping,   0 stopped,   0 zombie
%Cpu(s):  0.0 us,  0.0 sy,  0.0 ni,100.0 id,  0.0 wa,  0.0 hi,  0.0 si,  0.0 st
MiB Mem : 128490.0 total,  40290.0 free,   6741.9 used,  81458.1 buff/cache
MiB Swap:   2048.0 total,   1980.0 free,     68.0 used. 119920.8 avail Mem 

    PID USER      PR  NI    VIRT    RES    SHR S  %CPU  %MEM     TIME+ COMMAND

top - 01:07:21 up 93 days, 12:58,  6 users,  load average: 0.00, 0.00, 0.12
Tasks:   0 total,   0 running,   0 sleeping,   0 stopped,   0 zombie
%Cpu(s):  0.0 us,  0.0 sy,  0.0 ni,100.0 id,  0.0 wa,  0.0 hi,  0.0 si,  0.0 st
MiB Mem : 128490.0 total,  40289.8 free,   6742.1 used,  81458.1 buff/cache
MiB Swap:   2048.0 total,   1980.0 free,     68.0 used. 119920.5 avail Mem 

    PID USER      PR  NI    VIRT    RES    SHR S  %CPU  %MEM     TIME+ COMMAND

top - 01:07:26 up 93 days, 12:58,  6 users,  load average: 0.00, 0.00, 0.12
Tasks:   0 total,   0 running,   0 sleeping,   0 stopped,   0 zombie
%Cpu(s):  0.0 us,  0.0 sy,  0.0 ni,100.0 id,  0.0 wa,  0.0 hi,  0.0 si,  0.0 st
MiB Mem : 128490.0 total,  40289.8 free,   6742.1 used,  81458.1 buff/cache
MiB Swap:   2048.0 total,   1980.0 free,     68.0 used. 119920.5 avail Mem 

    PID USER      PR  NI    VIRT    RES    SHR S  %CPU  %MEM     TIME+ COMMAND

top - 01:07:31 up 93 days, 12:58,  6 users,  load average: 0.00, 0.00, 0.12
Tasks:   0 total,   0 running,   0 sleeping,   0 stopped,   0 zombie
%Cpu(s):  0.0 us,  0.0 sy,  0.0 ni,100.0 id,  0.0 wa,  0.0 hi,  0.0 si,  0.0 st
MiB Mem : 128490.0 total,  40289.8 free,   6742.1 used,  81458.1 buff/cache
MiB Swap:   2048.0 total,   1980.0 free,     68.0 used. 119920.5 avail Mem 

    PID USER      PR  NI    VIRT    RES    SHR S  %CPU  %MEM     TIME+ COMMAND

top - 01:07:36 up 93 days, 12:58,  6 users,  load average: 0.00, 0.00, 0.12
Tasks:   0 total,   0 running,   0 sleeping,   0 stopped,   0 zombie
%Cpu(s):  0.0 us,  0.0 sy,  0.0 ni,100.0 id,  0.0 wa,  0.0 hi,  0.0 si,  0.0 st
MiB Mem : 128490.0 total,  40290.0 free,   6741.9 used,  81458.1 buff/cache
MiB Swap:   2048.0 total,   1980.0 free,     68.0 used. 119920.8 avail Mem 

    PID USER      PR  NI    VIRT    RES    SHR S  %CPU  %MEM     TIME+ COMMAND

top - 01:07:41 up 93 days, 12:58,  6 users,  load average: 0.00, 0.00, 0.11
Tasks:   0 total,   0 running,   0 sleeping,   0 stopped,   0 zombie
%Cpu(s):  0.0 us,  0.0 sy,  0.0 ni,100.0 id,  0.0 wa,  0.0 hi,  0.0 si,  0.0 st
MiB Mem : 128490.0 total,  40290.0 free,   6741.9 used,  81458.1 buff/cache
MiB Swap:   2048.0 total,   1980.0 free,     68.0 used. 119920.8 avail Mem 

    PID USER      PR  NI    VIRT    RES    SHR S  %CPU  %MEM     TIME+ COMMAND

top - 01:07:46 up 93 days, 12:58,  6 users,  load average: 0.00, 0.00, 0.11
Tasks:   0 total,   0 running,   0 sleeping,   0 stopped,   0 zombie
%Cpu(s):  0.0 us,  0.0 sy,  0.0 ni,100.0 id,  0.0 wa,  0.0 hi,  0.0 si,  0.0 st
MiB Mem : 128490.0 total,  40290.0 free,   6741.9 used,  81458.1 buff/cache
MiB Swap:   2048.0 total,   1980.0 free,     68.0 used. 119920.8 avail Mem 

    PID USER      PR  NI    VIRT    RES    SHR S  %CPU  %MEM     TIME+ COMMAND

top - 01:07:51 up 93 days, 12:58,  6 users,  load average: 0.00, 0.00, 0.11
Tasks:   0 total,   0 running,   0 sleeping,   0 stopped,   0 zombie
%Cpu(s):  0.0 us,  0.0 sy,  0.0 ni,100.0 id,  0.0 wa,  0.0 hi,  0.0 si,  0.0 st
MiB Mem : 128490.0 total,  40290.0 free,   6741.9 used,  81458.1 buff/cache
MiB Swap:   2048.0 total,   1980.0 free,     68.0 used. 119920.8 avail Mem 

    PID USER      PR  NI    VIRT    RES    SHR S  %CPU  %MEM     TIME+ COMMAND

top - 01:07:56 up 93 days, 12:59,  6 users,  load average: 0.00, 0.00, 0.11
Tasks:   0 total,   0 running,   0 sleeping,   0 stopped,   0 zombie
%Cpu(s):  0.0 us,  0.0 sy,  0.0 ni,100.0 id,  0.0 wa,  0.0 hi,  0.0 si,  0.0 st
MiB Mem : 128490.0 total,  40289.8 free,   6742.1 used,  81458.1 buff/cache
MiB Swap:   2048.0 total,   1980.0 free,     68.0 used. 119920.5 avail Mem 

    PID USER      PR  NI    VIRT    RES    SHR S  %CPU  %MEM     TIME+ COMMAND

top - 01:08:01 up 93 days, 12:59,  6 users,  load average: 0.00, 0.00, 0.11
Tasks:   0 total,   0 running,   0 sleeping,   0 stopped,   0 zombie
%Cpu(s):  0.0 us,  0.0 sy,  0.0 ni,100.0 id,  0.0 wa,  0.0 hi,  0.0 si,  0.0 st
MiB Mem : 128490.0 total,  40289.8 free,   6742.1 used,  81458.1 buff/cache
MiB Swap:   2048.0 total,   1980.0 free,     68.0 used. 119920.5 avail Mem 

    PID USER      PR  NI    VIRT    RES    SHR S  %CPU  %MEM     TIME+ COMMAND

top - 01:08:06 up 93 days, 12:59,  6 users,  load average: 0.00, 0.00, 0.11
Tasks:   0 total,   0 running,   0 sleeping,   0 stopped,   0 zombie
%Cpu(s):  0.1 us,  0.0 sy,  0.0 ni, 99.9 id,  0.0 wa,  0.0 hi,  0.0 si,  0.0 st
MiB Mem : 128490.0 total,  40289.8 free,   6742.1 used,  81458.1 buff/cache
MiB Swap:   2048.0 total,   1980.0 free,     68.0 used. 119920.5 avail Mem 

    PID USER      PR  NI    VIRT    RES    SHR S  %CPU  %MEM     TIME+ COMMAND

top - 01:08:11 up 93 days, 12:59,  6 users,  load average: 0.00, 0.00, 0.11
Tasks:   0 total,   0 running,   0 sleeping,   0 stopped,   0 zombie
%Cpu(s):  0.0 us,  0.0 sy,  0.0 ni,100.0 id,  0.0 wa,  0.0 hi,  0.0 si,  0.0 st
MiB Mem : 128490.0 total,  40289.8 free,   6742.1 used,  81458.1 buff/cache
MiB Swap:   2048.0 total,   1980.0 free,     68.0 used. 119920.5 avail Mem 

    PID USER      PR  NI    VIRT    RES    SHR S  %CPU  %MEM     TIME+ COMMAND

top - 01:08:16 up 93 days, 12:59,  6 users,  load average: 0.00, 0.00, 0.11
Tasks:   0 total,   0 running,   0 sleeping,   0 stopped,   0 zombie
%Cpu(s):  0.0 us,  0.0 sy,  0.0 ni, 99.9 id,  0.0 wa,  0.0 hi,  0.0 si,  0.0 st
MiB Mem : 128490.0 total,  40289.8 free,   6742.1 used,  81458.1 buff/cache
MiB Swap:   2048.0 total,   1980.0 free,     68.0 used. 119920.5 avail Mem 

    PID USER      PR  NI    VIRT    RES    SHR S  %CPU  %MEM     TIME+ COMMAND

top - 01:08:21 up 93 days, 12:59,  6 users,  load average: 0.00, 0.00, 0.11
Tasks:   0 total,   0 running,   0 sleeping,   0 stopped,   0 zombie
%Cpu(s):  0.0 us,  0.0 sy,  0.0 ni,100.0 id,  0.0 wa,  0.0 hi,  0.0 si,  0.0 st
MiB Mem : 128490.0 total,  40289.8 free,   6742.1 used,  81458.1 buff/cache
MiB Swap:   2048.0 total,   1980.0 free,     68.0 used. 119920.5 avail Mem 

    PID USER      PR  NI    VIRT    RES    SHR S  %CPU  %MEM     TIME+ COMMAND

top - 01:08:26 up 93 days, 12:59,  6 users,  load average: 0.00, 0.00, 0.11
Tasks:   0 total,   0 running,   0 sleeping,   0 stopped,   0 zombie
%Cpu(s):  0.0 us,  0.0 sy,  0.0 ni,100.0 id,  0.0 wa,  0.0 hi,  0.0 si,  0.0 st
MiB Mem : 128490.0 total,  40289.8 free,   6742.1 used,  81458.1 buff/cache
MiB Swap:   2048.0 total,   1980.0 free,     68.0 used. 119920.5 avail Mem 

    PID USER      PR  NI    VIRT    RES    SHR S  %CPU  %MEM     TIME+ COMMAND

top - 01:08:31 up 93 days, 12:59,  6 users,  load average: 0.00, 0.00, 0.10
Tasks:   0 total,   0 running,   0 sleeping,   0 stopped,   0 zombie
%Cpu(s):  0.0 us,  0.0 sy,  0.0 ni,100.0 id,  0.0 wa,  0.0 hi,  0.0 si,  0.0 st
MiB Mem : 128490.0 total,  40289.8 free,   6742.1 used,  81458.1 buff/cache
MiB Swap:   2048.0 total,   1980.0 free,     68.0 used. 119920.5 avail Mem 

    PID USER      PR  NI    VIRT    RES    SHR S  %CPU  %MEM     TIME+ COMMAND

top - 01:08:36 up 93 days, 12:59,  6 users,  load average: 0.00, 0.00, 0.10
Tasks:   0 total,   0 running,   0 sleeping,   0 stopped,   0 zombie
%Cpu(s):  0.0 us,  0.0 sy,  0.0 ni,100.0 id,  0.0 wa,  0.0 hi,  0.0 si,  0.0 st
MiB Mem : 128490.0 total,  40289.8 free,   6742.1 used,  81458.1 buff/cache
MiB Swap:   2048.0 total,   1980.0 free,     68.0 used. 119920.5 avail Mem 

    PID USER      PR  NI    VIRT    RES    SHR S  %CPU  %MEM     TIME+ COMMAND

top - 01:08:41 up 93 days, 12:59,  6 users,  load average: 0.00, 0.00, 0.10
Tasks:   0 total,   0 running,   0 sleeping,   0 stopped,   0 zombie
%Cpu(s):  0.0 us,  0.0 sy,  0.0 ni,100.0 id,  0.0 wa,  0.0 hi,  0.0 si,  0.0 st
MiB Mem : 128490.0 total,  40289.8 free,   6742.1 used,  81458.1 buff/cache
MiB Swap:   2048.0 total,   1980.0 free,     68.0 used. 119920.5 avail Mem 

    PID USER      PR  NI    VIRT    RES    SHR S  %CPU  %MEM     TIME+ COMMAND

top - 01:08:46 up 93 days, 12:59,  6 users,  load average: 0.00, 0.00, 0.10
Tasks:   0 total,   0 running,   0 sleeping,   0 stopped,   0 zombie
%Cpu(s):  0.0 us,  0.0 sy,  0.0 ni,100.0 id,  0.0 wa,  0.0 hi,  0.0 si,  0.0 st
MiB Mem : 128490.0 total,  40289.8 free,   6742.1 used,  81458.1 buff/cache
MiB Swap:   2048.0 total,   1980.0 free,     68.0 used. 119920.5 avail Mem 

    PID USER      PR  NI    VIRT    RES    SHR S  %CPU  %MEM     TIME+ COMMAND

top - 01:08:51 up 93 days, 12:59,  6 users,  load average: 0.00, 0.00, 0.10
Tasks:   0 total,   0 running,   0 sleeping,   0 stopped,   0 zombie
%Cpu(s):  0.0 us,  0.0 sy,  0.0 ni,100.0 id,  0.0 wa,  0.0 hi,  0.0 si,  0.0 st
MiB Mem : 128490.0 total,  40289.8 free,   6742.1 used,  81458.1 buff/cache
MiB Swap:   2048.0 total,   1980.0 free,     68.0 used. 119920.5 avail Mem 

    PID USER      PR  NI    VIRT    RES    SHR S  %CPU  %MEM     TIME+ COMMAND

top - 01:08:56 up 93 days, 13:00,  6 users,  load average: 0.00, 0.00, 0.10
Tasks:   0 total,   0 running,   0 sleeping,   0 stopped,   0 zombie
%Cpu(s):  0.0 us,  0.0 sy,  0.0 ni,100.0 id,  0.0 wa,  0.0 hi,  0.0 si,  0.0 st
MiB Mem : 128490.0 total,  40289.8 free,   6742.1 used,  81458.1 buff/cache
MiB Swap:   2048.0 total,   1980.0 free,     68.0 used. 119920.5 avail Mem 

    PID USER      PR  NI    VIRT    RES    SHR S  %CPU  %MEM     TIME+ COMMAND

top - 01:09:01 up 93 days, 13:00,  6 users,  load average: 0.00, 0.00, 0.10
Tasks:   0 total,   0 running,   0 sleeping,   0 stopped,   0 zombie
%Cpu(s):  0.0 us,  0.0 sy,  0.0 ni, 99.9 id,  0.0 wa,  0.0 hi,  0.0 si,  0.0 st
MiB Mem : 128490.0 total,  40289.1 free,   6742.8 used,  81458.1 buff/cache
MiB Swap:   2048.0 total,   1980.0 free,     68.0 used. 119919.9 avail Mem 

    PID USER      PR  NI    VIRT    RES    SHR S  %CPU  %MEM     TIME+ COMMAND

top - 01:09:06 up 93 days, 13:00,  6 users,  load average: 0.00, 0.00, 0.10
Tasks:   0 total,   0 running,   0 sleeping,   0 stopped,   0 zombie
%Cpu(s):  0.0 us,  0.0 sy,  0.0 ni,100.0 id,  0.0 wa,  0.0 hi,  0.0 si,  0.0 st
MiB Mem : 128490.0 total,  40287.4 free,   6744.4 used,  81458.2 buff/cache
MiB Swap:   2048.0 total,   1980.0 free,     68.0 used. 119918.2 avail Mem 

    PID USER      PR  NI    VIRT    RES    SHR S  %CPU  %MEM     TIME+ COMMAND

top - 01:09:11 up 93 days, 13:00,  6 users,  load average: 0.00, 0.00, 0.10
Tasks:   0 total,   0 running,   0 sleeping,   0 stopped,   0 zombie
%Cpu(s):  0.0 us,  0.0 sy,  0.0 ni,100.0 id,  0.0 wa,  0.0 hi,  0.0 si,  0.0 st
MiB Mem : 128490.0 total,  40287.2 free,   6744.6 used,  81458.2 buff/cache
MiB Swap:   2048.0 total,   1980.0 free,     68.0 used. 119918.0 avail Mem 

    PID USER      PR  NI    VIRT    RES    SHR S  %CPU  %MEM     TIME+ COMMAND

top - 01:09:16 up 93 days, 13:00,  6 users,  load average: 0.00, 0.00, 0.10
Tasks:   0 total,   0 running,   0 sleeping,   0 stopped,   0 zombie
%Cpu(s):  0.0 us,  0.0 sy,  0.0 ni,100.0 id,  0.0 wa,  0.0 hi,  0.0 si,  0.0 st
MiB Mem : 128490.0 total,  40287.2 free,   6744.6 used,  81458.2 buff/cache
MiB Swap:   2048.0 total,   1980.0 free,     68.0 used. 119918.0 avail Mem 

    PID USER      PR  NI    VIRT    RES    SHR S  %CPU  %MEM     TIME+ COMMAND

top - 01:09:21 up 93 days, 13:00,  6 users,  load average: 0.00, 0.00, 0.09
Tasks:   0 total,   0 running,   0 sleeping,   0 stopped,   0 zombie
%Cpu(s):  0.0 us,  0.0 sy,  0.0 ni,100.0 id,  0.0 wa,  0.0 hi,  0.0 si,  0.0 st
MiB Mem : 128490.0 total,  40287.2 free,   6744.6 used,  81458.2 buff/cache
MiB Swap:   2048.0 total,   1980.0 free,     68.0 used. 119918.0 avail Mem 

    PID USER      PR  NI    VIRT    RES    SHR S  %CPU  %MEM     TIME+ COMMAND

top - 01:09:26 up 93 days, 13:00,  6 users,  load average: 0.00, 0.00, 0.09
Tasks:   0 total,   0 running,   0 sleeping,   0 stopped,   0 zombie
%Cpu(s):  0.0 us,  0.0 sy,  0.0 ni,100.0 id,  0.0 wa,  0.0 hi,  0.0 si,  0.0 st
MiB Mem : 128490.0 total,  40287.2 free,   6744.6 used,  81458.2 buff/cache
MiB Swap:   2048.0 total,   1980.0 free,     68.0 used. 119918.0 avail Mem 

    PID USER      PR  NI    VIRT    RES    SHR S  %CPU  %MEM     TIME+ COMMAND

top - 01:09:31 up 93 days, 13:00,  6 users,  load average: 0.00, 0.00, 0.09
Tasks:   0 total,   0 running,   0 sleeping,   0 stopped,   0 zombie
%Cpu(s):  0.0 us,  0.0 sy,  0.0 ni, 99.9 id,  0.0 wa,  0.0 hi,  0.0 si,  0.0 st
MiB Mem : 128490.0 total,  40287.2 free,   6744.6 used,  81458.2 buff/cache
MiB Swap:   2048.0 total,   1980.0 free,     68.0 used. 119918.0 avail Mem 

    PID USER      PR  NI    VIRT    RES    SHR S  %CPU  %MEM     TIME+ COMMAND

top - 01:09:36 up 93 days, 13:00,  6 users,  load average: 0.00, 0.00, 0.09
Tasks:   0 total,   0 running,   0 sleeping,   0 stopped,   0 zombie
%Cpu(s):  0.0 us,  0.0 sy,  0.0 ni,100.0 id,  0.0 wa,  0.0 hi,  0.0 si,  0.0 st
MiB Mem : 128490.0 total,  40287.2 free,   6744.6 used,  81458.2 buff/cache
MiB Swap:   2048.0 total,   1980.0 free,     68.0 used. 119918.0 avail Mem 

    PID USER      PR  NI    VIRT    RES    SHR S  %CPU  %MEM     TIME+ COMMAND

top - 01:09:41 up 93 days, 13:00,  6 users,  load average: 0.00, 0.00, 0.09
Tasks:   0 total,   0 running,   0 sleeping,   0 stopped,   0 zombie
%Cpu(s):  0.0 us,  0.0 sy,  0.0 ni,100.0 id,  0.0 wa,  0.0 hi,  0.0 si,  0.0 st
MiB Mem : 128490.0 total,  40287.2 free,   6744.6 used,  81458.2 buff/cache
MiB Swap:   2048.0 total,   1980.0 free,     68.0 used. 119918.0 avail Mem 

    PID USER      PR  NI    VIRT    RES    SHR S  %CPU  %MEM     TIME+ COMMAND

top - 01:09:46 up 93 days, 13:00,  6 users,  load average: 0.00, 0.00, 0.09
Tasks:   0 total,   0 running,   0 sleeping,   0 stopped,   0 zombie
%Cpu(s):  0.0 us,  0.0 sy,  0.0 ni,100.0 id,  0.0 wa,  0.0 hi,  0.0 si,  0.0 st
MiB Mem : 128490.0 total,  40287.2 free,   6744.6 used,  81458.2 buff/cache
MiB Swap:   2048.0 total,   1980.0 free,     68.0 used. 119918.0 avail Mem 

    PID USER      PR  NI    VIRT    RES    SHR S  %CPU  %MEM     TIME+ COMMAND

top - 01:09:51 up 93 days, 13:00,  6 users,  load average: 0.00, 0.00, 0.09
Tasks:   0 total,   0 running,   0 sleeping,   0 stopped,   0 zombie
%Cpu(s):  0.0 us,  0.0 sy,  0.0 ni,100.0 id,  0.0 wa,  0.0 hi,  0.0 si,  0.0 st
MiB Mem : 128490.0 total,  40287.2 free,   6744.6 used,  81458.2 buff/cache
MiB Swap:   2048.0 total,   1980.0 free,     68.0 used. 119918.0 avail Mem 

    PID USER      PR  NI    VIRT    RES    SHR S  %CPU  %MEM     TIME+ COMMAND

top - 01:09:56 up 93 days, 13:01,  6 users,  load average: 0.00, 0.00, 0.09
Tasks:   0 total,   0 running,   0 sleeping,   0 stopped,   0 zombie
%Cpu(s):  0.0 us,  0.0 sy,  0.0 ni,100.0 id,  0.0 wa,  0.0 hi,  0.0 si,  0.0 st
MiB Mem : 128490.0 total,  40287.2 free,   6744.6 used,  81458.2 buff/cache
MiB Swap:   2048.0 total,   1980.0 free,     68.0 used. 119918.0 avail Mem 

    PID USER      PR  NI    VIRT    RES    SHR S  %CPU  %MEM     TIME+ COMMAND

top - 01:10:01 up 93 days, 13:01,  6 users,  load average: 0.00, 0.00, 0.09
Tasks:   0 total,   0 running,   0 sleeping,   0 stopped,   0 zombie
%Cpu(s):  0.0 us,  0.0 sy,  0.0 ni,100.0 id,  0.0 wa,  0.0 hi,  0.0 si,  0.0 st
MiB Mem : 128490.0 total,  40287.2 free,   6744.6 used,  81458.2 buff/cache
MiB Swap:   2048.0 total,   1980.0 free,     68.0 used. 119918.0 avail Mem 

    PID USER      PR  NI    VIRT    RES    SHR S  %CPU  %MEM     TIME+ COMMAND

top - 01:10:06 up 93 days, 13:01,  6 users,  load average: 0.00, 0.00, 0.09
Tasks:   0 total,   0 running,   0 sleeping,   0 stopped,   0 zombie
%Cpu(s):  0.0 us,  0.0 sy,  0.0 ni,100.0 id,  0.0 wa,  0.0 hi,  0.0 si,  0.0 st
MiB Mem : 128490.0 total,  40287.0 free,   6744.8 used,  81458.2 buff/cache
MiB Swap:   2048.0 total,   1980.0 free,     68.0 used. 119917.8 avail Mem 

    PID USER      PR  NI    VIRT    RES    SHR S  %CPU  %MEM     TIME+ COMMAND

top - 01:10:11 up 93 days, 13:01,  6 users,  load average: 0.00, 0.00, 0.09
Tasks:   0 total,   0 running,   0 sleeping,   0 stopped,   0 zombie
%Cpu(s):  0.0 us,  0.0 sy,  0.0 ni,100.0 id,  0.0 wa,  0.0 hi,  0.0 si,  0.0 st
MiB Mem : 128490.0 total,  40287.3 free,   6744.6 used,  81458.2 buff/cache
MiB Swap:   2048.0 total,   1980.0 free,     68.0 used. 119918.1 avail Mem 

    PID USER      PR  NI    VIRT    RES    SHR S  %CPU  %MEM     TIME+ COMMAND

top - 01:10:16 up 93 days, 13:01,  6 users,  load average: 0.00, 0.00, 0.09
Tasks:   0 total,   0 running,   0 sleeping,   0 stopped,   0 zombie
%Cpu(s):  0.1 us,  0.0 sy,  0.0 ni, 99.9 id,  0.0 wa,  0.0 hi,  0.0 si,  0.0 st
MiB Mem : 128490.0 total,  40287.3 free,   6744.6 used,  81458.2 buff/cache
MiB Swap:   2048.0 total,   1980.0 free,     68.0 used. 119918.1 avail Mem 

    PID USER      PR  NI    VIRT    RES    SHR S  %CPU  %MEM     TIME+ COMMAND

top - 01:10:21 up 93 days, 13:01,  6 users,  load average: 0.00, 0.00, 0.09
Tasks:   0 total,   0 running,   0 sleeping,   0 stopped,   0 zombie
%Cpu(s):  0.0 us,  0.0 sy,  0.0 ni,100.0 id,  0.0 wa,  0.0 hi,  0.0 si,  0.0 st
MiB Mem : 128490.0 total,  40287.0 free,   6744.8 used,  81458.2 buff/cache
MiB Swap:   2048.0 total,   1980.0 free,     68.0 used. 119917.8 avail Mem 

    PID USER      PR  NI    VIRT    RES    SHR S  %CPU  %MEM     TIME+ COMMAND

top - 01:10:26 up 93 days, 13:01,  6 users,  load average: 0.00, 0.00, 0.09
Tasks:   0 total,   0 running,   0 sleeping,   0 stopped,   0 zombie
%Cpu(s):  0.0 us,  0.0 sy,  0.0 ni,100.0 id,  0.0 wa,  0.0 hi,  0.0 si,  0.0 st
MiB Mem : 128490.0 total,  40287.0 free,   6744.8 used,  81458.2 buff/cache
MiB Swap:   2048.0 total,   1980.0 free,     68.0 used. 119917.8 avail Mem 

    PID USER      PR  NI    VIRT    RES    SHR S  %CPU  %MEM     TIME+ COMMAND

top - 01:10:31 up 93 days, 13:01,  6 users,  load average: 0.00, 0.00, 0.09
Tasks:   0 total,   0 running,   0 sleeping,   0 stopped,   0 zombie
%Cpu(s):  0.0 us,  0.0 sy,  0.0 ni,100.0 id,  0.0 wa,  0.0 hi,  0.0 si,  0.0 st
MiB Mem : 128490.0 total,  40287.0 free,   6744.8 used,  81458.2 buff/cache
MiB Swap:   2048.0 total,   1980.0 free,     68.0 used. 119917.8 avail Mem 

    PID USER      PR  NI    VIRT    RES    SHR S  %CPU  %MEM     TIME+ COMMAND

top - 01:10:36 up 93 days, 13:01,  6 users,  load average: 0.00, 0.00, 0.09
Tasks:   0 total,   0 running,   0 sleeping,   0 stopped,   0 zombie
%Cpu(s):  0.0 us,  0.0 sy,  0.0 ni,100.0 id,  0.0 wa,  0.0 hi,  0.0 si,  0.0 st
MiB Mem : 128490.0 total,  40287.0 free,   6744.8 used,  81458.2 buff/cache
MiB Swap:   2048.0 total,   1980.0 free,     68.0 used. 119917.8 avail Mem 

    PID USER      PR  NI    VIRT    RES    SHR S  %CPU  %MEM     TIME+ COMMAND

top - 01:10:41 up 93 days, 13:01,  6 users,  load average: 0.00, 0.00, 0.08
Tasks:   0 total,   0 running,   0 sleeping,   0 stopped,   0 zombie
%Cpu(s):  0.0 us,  0.0 sy,  0.0 ni,100.0 id,  0.0 wa,  0.0 hi,  0.0 si,  0.0 st
MiB Mem : 128490.0 total,  40287.0 free,   6744.8 used,  81458.2 buff/cache
MiB Swap:   2048.0 total,   1980.0 free,     68.0 used. 119917.8 avail Mem 

    PID USER      PR  NI    VIRT    RES    SHR S  %CPU  %MEM     TIME+ COMMAND

top - 01:10:46 up 93 days, 13:01,  6 users,  load average: 0.00, 0.00, 0.08
Tasks:   0 total,   0 running,   0 sleeping,   0 stopped,   0 zombie
%Cpu(s):  0.0 us,  0.0 sy,  0.0 ni,100.0 id,  0.0 wa,  0.0 hi,  0.0 si,  0.0 st
MiB Mem : 128490.0 total,  40287.0 free,   6744.8 used,  81458.2 buff/cache
MiB Swap:   2048.0 total,   1980.0 free,     68.0 used. 119917.8 avail Mem 

    PID USER      PR  NI    VIRT    RES    SHR S  %CPU  %MEM     TIME+ COMMAND

top - 01:10:51 up 93 days, 13:01,  6 users,  load average: 0.00, 0.00, 0.08
Tasks:   0 total,   0 running,   0 sleeping,   0 stopped,   0 zombie
%Cpu(s):  0.0 us,  0.0 sy,  0.0 ni,100.0 id,  0.0 wa,  0.0 hi,  0.0 si,  0.0 st
MiB Mem : 128490.0 total,  40287.0 free,   6744.8 used,  81458.2 buff/cache
MiB Swap:   2048.0 total,   1980.0 free,     68.0 used. 119917.8 avail Mem 

    PID USER      PR  NI    VIRT    RES    SHR S  %CPU  %MEM     TIME+ COMMAND

top - 01:10:56 up 93 days, 13:02,  6 users,  load average: 0.00, 0.00, 0.08
Tasks:   0 total,   0 running,   0 sleeping,   0 stopped,   0 zombie
%Cpu(s):  0.0 us,  0.0 sy,  0.0 ni,100.0 id,  0.0 wa,  0.0 hi,  0.0 si,  0.0 st
MiB Mem : 128490.0 total,  40287.0 free,   6744.8 used,  81458.2 buff/cache
MiB Swap:   2048.0 total,   1980.0 free,     68.0 used. 119917.8 avail Mem 

    PID USER      PR  NI    VIRT    RES    SHR S  %CPU  %MEM     TIME+ COMMAND

top - 01:11:01 up 93 days, 13:02,  6 users,  load average: 0.00, 0.00, 0.08
Tasks:   0 total,   0 running,   0 sleeping,   0 stopped,   0 zombie
%Cpu(s):  0.0 us,  0.0 sy,  0.0 ni,100.0 id,  0.0 wa,  0.0 hi,  0.0 si,  0.0 st
MiB Mem : 128490.0 total,  40287.0 free,   6744.8 used,  81458.2 buff/cache
MiB Swap:   2048.0 total,   1980.0 free,     68.0 used. 119917.8 avail Mem 

    PID USER      PR  NI    VIRT    RES    SHR S  %CPU  %MEM     TIME+ COMMAND

top - 01:11:06 up 93 days, 13:02,  6 users,  load average: 0.00, 0.00, 0.08
Tasks:   0 total,   0 running,   0 sleeping,   0 stopped,   0 zombie
%Cpu(s):  0.0 us,  0.0 sy,  0.0 ni,100.0 id,  0.0 wa,  0.0 hi,  0.0 si,  0.0 st
MiB Mem : 128490.0 total,  40287.0 free,   6744.8 used,  81458.2 buff/cache
MiB Swap:   2048.0 total,   1980.0 free,     68.0 used. 119917.8 avail Mem 

    PID USER      PR  NI    VIRT    RES    SHR S  %CPU  %MEM     TIME+ COMMAND

top - 01:11:11 up 93 days, 13:02,  6 users,  load average: 0.00, 0.00, 0.08
Tasks:   0 total,   0 running,   0 sleeping,   0 stopped,   0 zombie
%Cpu(s):  0.0 us,  0.0 sy,  0.0 ni,100.0 id,  0.0 wa,  0.0 hi,  0.0 si,  0.0 st
MiB Mem : 128490.0 total,  40287.0 free,   6744.8 used,  81458.2 buff/cache
MiB Swap:   2048.0 total,   1980.0 free,     68.0 used. 119917.8 avail Mem 

    PID USER      PR  NI    VIRT    RES    SHR S  %CPU  %MEM     TIME+ COMMAND

top - 01:11:16 up 93 days, 13:02,  6 users,  load average: 0.00, 0.00, 0.08
Tasks:   0 total,   0 running,   0 sleeping,   0 stopped,   0 zombie
%Cpu(s):  0.0 us,  0.0 sy,  0.0 ni,100.0 id,  0.0 wa,  0.0 hi,  0.0 si,  0.0 st
MiB Mem : 128490.0 total,  40287.0 free,   6744.8 used,  81458.2 buff/cache
MiB Swap:   2048.0 total,   1980.0 free,     68.0 used. 119917.8 avail Mem 

    PID USER      PR  NI    VIRT    RES    SHR S  %CPU  %MEM     TIME+ COMMAND

top - 01:11:21 up 93 days, 13:02,  6 users,  load average: 0.00, 0.00, 0.08
Tasks:   0 total,   0 running,   0 sleeping,   0 stopped,   0 zombie
%Cpu(s):  0.0 us,  0.0 sy,  0.0 ni,100.0 id,  0.0 wa,  0.0 hi,  0.0 si,  0.0 st
MiB Mem : 128490.0 total,  40287.0 free,   6744.8 used,  81458.2 buff/cache
MiB Swap:   2048.0 total,   1980.0 free,     68.0 used. 119917.8 avail Mem 

    PID USER      PR  NI    VIRT    RES    SHR S  %CPU  %MEM     TIME+ COMMAND

top - 01:11:26 up 93 days, 13:02,  6 users,  load average: 0.00, 0.00, 0.08
Tasks:   0 total,   0 running,   0 sleeping,   0 stopped,   0 zombie
%Cpu(s):  0.0 us,  0.0 sy,  0.0 ni,100.0 id,  0.0 wa,  0.0 hi,  0.0 si,  0.0 st
MiB Mem : 128490.0 total,  40287.0 free,   6744.8 used,  81458.2 buff/cache
MiB Swap:   2048.0 total,   1980.0 free,     68.0 used. 119917.8 avail Mem 

    PID USER      PR  NI    VIRT    RES    SHR S  %CPU  %MEM     TIME+ COMMAND

top - 01:11:31 up 93 days, 13:02,  6 users,  load average: 0.00, 0.00, 0.08
Tasks:   0 total,   0 running,   0 sleeping,   0 stopped,   0 zombie
%Cpu(s):  0.0 us,  0.0 sy,  0.0 ni,100.0 id,  0.0 wa,  0.0 hi,  0.0 si,  0.0 st
MiB Mem : 128490.0 total,  40287.0 free,   6744.8 used,  81458.2 buff/cache
MiB Swap:   2048.0 total,   1980.0 free,     68.0 used. 119917.8 avail Mem 

    PID USER      PR  NI    VIRT    RES    SHR S  %CPU  %MEM     TIME+ COMMAND

top - 01:11:36 up 93 days, 13:02,  6 users,  load average: 0.00, 0.00, 0.08
Tasks:   0 total,   0 running,   0 sleeping,   0 stopped,   0 zombie
%Cpu(s):  0.0 us,  0.0 sy,  0.0 ni,100.0 id,  0.0 wa,  0.0 hi,  0.0 si,  0.0 st
MiB Mem : 128490.0 total,  40287.0 free,   6744.8 used,  81458.2 buff/cache
MiB Swap:   2048.0 total,   1980.0 free,     68.0 used. 119917.8 avail Mem 

    PID USER      PR  NI    VIRT    RES    SHR S  %CPU  %MEM     TIME+ COMMAND

top - 01:11:41 up 93 days, 13:02,  6 users,  load average: 0.00, 0.00, 0.08
Tasks:   0 total,   0 running,   0 sleeping,   0 stopped,   0 zombie
%Cpu(s):  0.0 us,  0.0 sy,  0.0 ni,100.0 id,  0.0 wa,  0.0 hi,  0.0 si,  0.0 st
MiB Mem : 128490.0 total,  40287.0 free,   6744.8 used,  81458.2 buff/cache
MiB Swap:   2048.0 total,   1980.0 free,     68.0 used. 119917.8 avail Mem 

    PID USER      PR  NI    VIRT    RES    SHR S  %CPU  %MEM     TIME+ COMMAND

top - 01:11:46 up 93 days, 13:02,  6 users,  load average: 0.00, 0.00, 0.08
Tasks:   0 total,   0 running,   0 sleeping,   0 stopped,   0 zombie
%Cpu(s):  0.0 us,  0.0 sy,  0.0 ni,100.0 id,  0.0 wa,  0.0 hi,  0.0 si,  0.0 st
MiB Mem : 128490.0 total,  40287.0 free,   6744.8 used,  81458.2 buff/cache
MiB Swap:   2048.0 total,   1980.0 free,     68.0 used. 119917.8 avail Mem 

    PID USER      PR  NI    VIRT    RES    SHR S  %CPU  %MEM     TIME+ COMMAND

top - 01:11:51 up 93 days, 13:02,  6 users,  load average: 0.00, 0.00, 0.08
Tasks:   0 total,   0 running,   0 sleeping,   0 stopped,   0 zombie
%Cpu(s):  0.0 us,  0.0 sy,  0.0 ni,100.0 id,  0.0 wa,  0.0 hi,  0.0 si,  0.0 st
MiB Mem : 128490.0 total,  40286.8 free,   6745.0 used,  81458.2 buff/cache
MiB Swap:   2048.0 total,   1980.0 free,     68.0 used. 119917.6 avail Mem 

    PID USER      PR  NI    VIRT    RES    SHR S  %CPU  %MEM     TIME+ COMMAND

top - 01:11:56 up 93 days, 13:03,  6 users,  load average: 0.00, 0.00, 0.08
Tasks:   0 total,   0 running,   0 sleeping,   0 stopped,   0 zombie
%Cpu(s):  0.0 us,  0.0 sy,  0.0 ni,100.0 id,  0.0 wa,  0.0 hi,  0.0 si,  0.0 st
MiB Mem : 128490.0 total,  40286.8 free,   6745.0 used,  81458.2 buff/cache
MiB Swap:   2048.0 total,   1980.0 free,     68.0 used. 119917.6 avail Mem 

    PID USER      PR  NI    VIRT    RES    SHR S  %CPU  %MEM     TIME+ COMMAND

top - 01:12:01 up 93 days, 13:03,  6 users,  load average: 0.00, 0.00, 0.08
Tasks:   0 total,   0 running,   0 sleeping,   0 stopped,   0 zombie
%Cpu(s):  0.0 us,  0.0 sy,  0.0 ni,100.0 id,  0.0 wa,  0.0 hi,  0.0 si,  0.0 st
MiB Mem : 128490.0 total,  40287.0 free,   6744.8 used,  81458.2 buff/cache
MiB Swap:   2048.0 total,   1980.0 free,     68.0 used. 119917.8 avail Mem 

    PID USER      PR  NI    VIRT    RES    SHR S  %CPU  %MEM     TIME+ COMMAND

top - 01:12:06 up 93 days, 13:03,  6 users,  load average: 0.00, 0.00, 0.08
Tasks:   0 total,   0 running,   0 sleeping,   0 stopped,   0 zombie
%Cpu(s):  0.0 us,  0.0 sy,  0.0 ni, 99.9 id,  0.0 wa,  0.0 hi,  0.0 si,  0.0 st
MiB Mem : 128490.0 total,  40287.0 free,   6744.8 used,  81458.2 buff/cache
MiB Swap:   2048.0 total,   1980.0 free,     68.0 used. 119917.9 avail Mem 

    PID USER      PR  NI    VIRT    RES    SHR S  %CPU  %MEM     TIME+ COMMAND

top - 01:12:11 up 93 days, 13:03,  6 users,  load average: 0.00, 0.00, 0.08
Tasks:   0 total,   0 running,   0 sleeping,   0 stopped,   0 zombie
%Cpu(s):  0.0 us,  0.0 sy,  0.0 ni,100.0 id,  0.0 wa,  0.0 hi,  0.0 si,  0.0 st
MiB Mem : 128490.0 total,  40287.0 free,   6744.8 used,  81458.2 buff/cache
MiB Swap:   2048.0 total,   1980.0 free,     68.0 used. 119917.9 avail Mem 

    PID USER      PR  NI    VIRT    RES    SHR S  %CPU  %MEM     TIME+ COMMAND

top - 01:12:16 up 93 days, 13:03,  6 users,  load average: 0.00, 0.00, 0.08
Tasks:   0 total,   0 running,   0 sleeping,   0 stopped,   0 zombie
%Cpu(s):  0.0 us,  0.0 sy,  0.0 ni,100.0 id,  0.0 wa,  0.0 hi,  0.0 si,  0.0 st
MiB Mem : 128490.0 total,  40287.0 free,   6744.8 used,  81458.2 buff/cache
MiB Swap:   2048.0 total,   1980.0 free,     68.0 used. 119917.9 avail Mem 

    PID USER      PR  NI    VIRT    RES    SHR S  %CPU  %MEM     TIME+ COMMAND

top - 01:12:21 up 93 days, 13:03,  6 users,  load average: 0.00, 0.00, 0.08
Tasks:   0 total,   0 running,   0 sleeping,   0 stopped,   0 zombie
%Cpu(s):  0.0 us,  0.0 sy,  0.0 ni,100.0 id,  0.0 wa,  0.0 hi,  0.0 si,  0.0 st
MiB Mem : 128490.0 total,  40287.0 free,   6744.8 used,  81458.2 buff/cache
MiB Swap:   2048.0 total,   1980.0 free,     68.0 used. 119917.9 avail Mem 

    PID USER      PR  NI    VIRT    RES    SHR S  %CPU  %MEM     TIME+ COMMAND

top - 01:12:26 up 93 days, 13:03,  6 users,  load average: 0.00, 0.00, 0.07
Tasks:   0 total,   0 running,   0 sleeping,   0 stopped,   0 zombie
%Cpu(s):  0.1 us,  0.0 sy,  0.0 ni, 99.9 id,  0.0 wa,  0.0 hi,  0.0 si,  0.0 st
MiB Mem : 128490.0 total,  40287.0 free,   6744.8 used,  81458.2 buff/cache
MiB Swap:   2048.0 total,   1980.0 free,     68.0 used. 119917.9 avail Mem 

    PID USER      PR  NI    VIRT    RES    SHR S  %CPU  %MEM     TIME+ COMMAND

top - 01:12:31 up 93 days, 13:03,  6 users,  load average: 0.00, 0.00, 0.07
Tasks:   0 total,   0 running,   0 sleeping,   0 stopped,   0 zombie
%Cpu(s):  0.0 us,  0.0 sy,  0.0 ni,100.0 id,  0.0 wa,  0.0 hi,  0.0 si,  0.0 st
MiB Mem : 128490.0 total,  40287.0 free,   6744.8 used,  81458.2 buff/cache
MiB Swap:   2048.0 total,   1980.0 free,     68.0 used. 119917.9 avail Mem 

    PID USER      PR  NI    VIRT    RES    SHR S  %CPU  %MEM     TIME+ COMMAND

top - 01:12:36 up 93 days, 13:03,  6 users,  load average: 0.00, 0.00, 0.07
Tasks:   0 total,   0 running,   0 sleeping,   0 stopped,   0 zombie
%Cpu(s):  0.0 us,  0.0 sy,  0.0 ni,100.0 id,  0.0 wa,  0.0 hi,  0.0 si,  0.0 st
MiB Mem : 128490.0 total,  40286.8 free,   6745.0 used,  81458.2 buff/cache
MiB Swap:   2048.0 total,   1980.0 free,     68.0 used. 119917.6 avail Mem 

    PID USER      PR  NI    VIRT    RES    SHR S  %CPU  %MEM     TIME+ COMMAND

top - 01:12:41 up 93 days, 13:03,  6 users,  load average: 0.00, 0.00, 0.07
Tasks:   0 total,   0 running,   0 sleeping,   0 stopped,   0 zombie
%Cpu(s):  0.0 us,  0.0 sy,  0.0 ni,100.0 id,  0.0 wa,  0.0 hi,  0.0 si,  0.0 st
MiB Mem : 128490.0 total,  40287.3 free,   6744.5 used,  81458.2 buff/cache
MiB Swap:   2048.0 total,   1980.0 free,     68.0 used. 119918.1 avail Mem 

    PID USER      PR  NI    VIRT    RES    SHR S  %CPU  %MEM     TIME+ COMMAND

top - 01:12:46 up 93 days, 13:03,  6 users,  load average: 0.00, 0.00, 0.07
Tasks:   0 total,   0 running,   0 sleeping,   0 stopped,   0 zombie
%Cpu(s):  0.0 us,  0.0 sy,  0.0 ni,100.0 id,  0.0 wa,  0.0 hi,  0.0 si,  0.0 st
MiB Mem : 128490.0 total,  40287.3 free,   6744.5 used,  81458.2 buff/cache
MiB Swap:   2048.0 total,   1980.0 free,     68.0 used. 119918.1 avail Mem 

    PID USER      PR  NI    VIRT    RES    SHR S  %CPU  %MEM     TIME+ COMMAND

top - 01:12:51 up 93 days, 13:03,  6 users,  load average: 0.00, 0.00, 0.07
Tasks:   0 total,   0 running,   0 sleeping,   0 stopped,   0 zombie
%Cpu(s):  0.0 us,  0.0 sy,  0.0 ni,100.0 id,  0.0 wa,  0.0 hi,  0.0 si,  0.0 st
MiB Mem : 128490.0 total,  40287.3 free,   6744.5 used,  81458.2 buff/cache
MiB Swap:   2048.0 total,   1980.0 free,     68.0 used. 119918.1 avail Mem 

    PID USER      PR  NI    VIRT    RES    SHR S  %CPU  %MEM     TIME+ COMMAND

top - 01:12:56 up 93 days, 13:04,  6 users,  load average: 0.00, 0.00, 0.07
Tasks:   0 total,   0 running,   0 sleeping,   0 stopped,   0 zombie
%Cpu(s):  0.0 us,  0.0 sy,  0.0 ni,100.0 id,  0.0 wa,  0.0 hi,  0.0 si,  0.0 st
MiB Mem : 128490.0 total,  40287.3 free,   6744.5 used,  81458.2 buff/cache
MiB Swap:   2048.0 total,   1980.0 free,     68.0 used. 119918.1 avail Mem 

    PID USER      PR  NI    VIRT    RES    SHR S  %CPU  %MEM     TIME+ COMMAND
