# unix_time, cycles_done, cur_path, paths_total, pending_total, pending_favs, map_size, unique_crashes, unique_hangs, max_depth, execs_per_sec
1737536341, 0, 0, 2, 2, 2, 0.64%, 1, 0, 1, 6.78
1737536346, 0, 0, 6, 6, 2, 0.73%, 4, 0, 2, 12.52
1737536351, 0, 0, 12, 12, 2, 0.75%, 4, 0, 2, 12.37
1737536356, 0, 0, 19, 19, 2, 0.76%, 4, 0, 2, 12.63
1737536361, 0, 0, 24, 24, 2, 0.77%, 4, 0, 2, 11.97
1737536366, 0, 0, 29, 29, 2, 0.77%, 4, 0, 2, 11.00
1737536372, 0, 0, 34, 34, 2, 0.78%, 4, 0, 2, 12.72
1737536377, 0, 0, 37, 37, 2, 0.79%, 4, 0, 2, 11.71
1737536382, 0, 0, 39, 39, 2, 0.79%, 4, 0, 2, 11.87
1737536387, 0, 0, 41, 41, 2, 0.79%, 4, 0, 2, 11.94
1737536392, 0, 0, 44, 44, 2, 0.81%, 4, 0, 2, 11.66
1737536397, 0, 0, 45, 45, 2, 0.81%, 4, 0, 2, 11.42
1737536402, 0, 0, 48, 48, 2, 0.81%, 4, 0, 2, 12.36
1737536407, 0, 0, 50, 50, 2, 0.81%, 4, 0, 2, 13.11
1737536413, 0, 0, 52, 52, 2, 0.81%, 4, 0, 2, 12.27
1737536418, 0, 0, 54, 54, 2, 0.82%, 4, 0, 2, 12.35
1737536423, 0, 0, 56, 56, 2, 0.83%, 4, 0, 2, 11.52
1737536428, 0, 0, 58, 58, 2, 0.83%, 4, 0, 2, 11.26
1737536433, 0, 0, 59, 59, 2, 0.83%, 4, 0, 2, 11.18
1737536438, 0, 0, 61, 61, 2, 0.83%, 4, 0, 2, 11.18
1737536443, 0, 0, 62, 62, 2, 0.83%, 4, 0, 2, 12.14
1737536449, 0, 0, 65, 65, 2, 0.84%, 4, 0, 2, 11.35
1737536454, 0, 0, 66, 66, 2, 0.85%, 4, 0, 2, 11.32
1737536459, 0, 0, 67, 67, 2, 0.85%, 4, 0, 2, 11.46
1737536482, 0, 0, 68, 68, 2, 0.85%, 4, 0, 2, 0.72
1737536487, 0, 0, 70, 70, 2, 0.85%, 4, 0, 2, 13.17
1737536492, 0, 0, 71, 71, 2, 0.85%, 4, 0, 2, 11.65
1737536497, 0, 0, 72, 72, 2, 0.85%, 4, 0, 2, 11.56
1737536508, 0, 0, 73, 73, 2, 0.86%, 4, 0, 2, 11.57
1737536518, 0, 0, 74, 74, 2, 0.87%, 4, 0, 2, 12.02
1737536586, 0, 72, 77, 76, 0, 0.87%, 4, 0, 3, 14.96
1737536591, 0, 72, 78, 77, 0, 0.87%, 4, 0, 3, 12.89
1737536602, 0, 72, 79, 78, 0, 0.88%, 4, 0, 3, 12.24
1737536607, 0, 72, 80, 79, 0, 0.88%, 4, 0, 3, 12.72
1737536612, 0, 72, 81, 80, 0, 0.88%, 4, 0, 3, 12.12
1737536627, 0, 72, 82, 81, 0, 0.89%, 4, 0, 3, 12.60
1737536648, 0, 72, 83, 82, 0, 0.89%, 4, 0, 3, 11.54
1737536658, 0, 72, 85, 84, 0, 0.89%, 4, 0, 3, 12.39
1737536663, 0, 72, 87, 86, 0, 0.89%, 4, 0, 3, 12.32
1737536668, 0, 72, 89, 88, 0, 0.89%, 4, 0, 3, 11.79
1737536688, 0, 72, 90, 89, 0, 0.89%, 4, 0, 3, 12.91
1737536693, 0, 72, 91, 90, 0, 0.89%, 4, 0, 3, 12.24
1737536699, 0, 72, 93, 92, 0, 0.89%, 4, 0, 3, 12.71
1737536704, 0, 72, 95, 94, 0, 0.89%, 4, 0, 3, 12.20
1737536709, 0, 72, 96, 95, 0, 0.89%, 4, 0, 3, 11.85
1737536714, 0, 72, 97, 96, 0, 0.89%, 4, 0, 3, 11.84
1737536719, 0, 72, 98, 97, 0, 0.89%, 4, 0, 3, 11.97
1737536725, 0, 72, 100, 99, 0, 0.89%, 4, 0, 3, 13.19
1737536730, 0, 72, 101, 100, 0, 0.89%, 4, 0, 3, 12.84
1737536735, 1, 0, 104, 102, 1, 0.89%, 4, 0, 3, 13.15
1737536745, 1, 0, 107, 105, 1, 0.89%, 4, 0, 3, 11.55
1737536750, 1, 0, 108, 106, 1, 0.90%, 4, 0, 3, 11.23
1737536755, 1, 0, 111, 109, 1, 0.90%, 4, 0, 3, 11.20
1737536760, 1, 0, 114, 112, 1, 0.90%, 4, 0, 3, 12.12
1737536766, 1, 0, 116, 114, 1, 0.90%, 4, 0, 3, 11.31
1737536771, 1, 0, 118, 116, 1, 0.90%, 4, 0, 3, 11.98
1737536776, 1, 0, 120, 118, 1, 0.90%, 4, 0, 3, 11.44
1737536781, 1, 0, 122, 120, 1, 0.91%, 4, 0, 3, 12.22
1737536786, 1, 0, 123, 121, 1, 0.91%, 4, 0, 3, 11.92
1737536796, 1, 0, 124, 122, 1, 0.91%, 4, 0, 3, 12.38
1737536801, 1, 0, 126, 124, 1, 0.91%, 4, 0, 3, 12.50
1737536806, 1, 0, 127, 125, 1, 0.91%, 4, 0, 3, 12.41
1737536812, 1, 0, 129, 127, 1, 0.91%, 4, 0, 3, 11.41
1737536817, 1, 0, 130, 128, 1, 0.91%, 4, 0, 3, 11.35
1737536822, 1, 0, 131, 129, 1, 0.91%, 4, 0, 3, 11.63
1737536832, 1, 0, 133, 131, 1, 0.91%, 4, 0, 3, 11.67
1737536837, 1, 0, 134, 132, 1, 0.94%, 4, 0, 3, 12.00
1737536842, 1, 0, 135, 133, 1, 0.94%, 4, 0, 3, 11.39
1737536848, 1, 0, 137, 135, 1, 0.94%, 4, 0, 3, 11.76
1737536853, 1, 0, 138, 136, 1, 0.94%, 4, 0, 3, 11.64
1737536858, 1, 0, 139, 137, 1, 0.94%, 4, 0, 3, 12.03
1737536863, 1, 0, 140, 138, 1, 0.94%, 4, 0, 3, 13.17
1737536868, 1, 0, 141, 139, 1, 0.94%, 4, 0, 3, 12.09
1737536873, 1, 0, 142, 140, 1, 0.94%, 4, 0, 3, 12.31
1737536878, 1, 0, 143, 141, 1, 0.95%, 4, 0, 3, 11.68
1737536883, 1, 0, 145, 143, 1, 0.95%, 4, 0, 3, 11.53
1737536889, 1, 0, 146, 144, 1, 0.95%, 4, 0, 3, 11.98
1737536894, 1, 0, 148, 146, 1, 0.96%, 4, 0, 3, 11.98
1737536899, 1, 0, 150, 148, 1, 0.96%, 4, 1, 3, 12.16
1737536909, 1, 0, 152, 150, 1, 0.96%, 4, 1, 3, 12.62
1737536914, 1, 0, 154, 152, 1, 0.96%, 4, 1, 3, 13.28
1737536924, 1, 0, 156, 154, 1, 0.97%, 4, 1, 3, 13.21
1737536930, 1, 0, 158, 156, 1, 0.99%, 4, 1, 3, 13.26
1737536935, 1, 0, 159, 157, 1, 0.99%, 4, 1, 3, 13.67
1737536940, 1, 0, 160, 158, 1, 0.99%, 4, 1, 3, 13.32
1737536945, 1, 0, 161, 159, 1, 0.99%, 4, 1, 3, 13.57
1737536955, 1, 0, 162, 160, 1, 0.99%, 4, 1, 3, 12.91
1737536960, 1, 0, 164, 162, 1, 0.99%, 4, 1, 3, 12.64
1737536971, 1, 0, 166, 164, 1, 1.00%, 4, 1, 3, 12.36
1737536976, 1, 0, 167, 165, 1, 1.00%, 4, 1, 3, 11.62
1737536981, 1, 0, 170, 168, 1, 1.00%, 4, 1, 3, 11.05
1737536986, 1, 0, 171, 169, 1, 1.00%, 4, 1, 3, 11.77
1737536991, 1, 0, 172, 170, 1, 1.00%, 4, 1, 3, 13.10
1737536996, 1, 0, 173, 171, 1, 1.01%, 4, 1, 3, 12.04
1737537007, 1, 0, 174, 172, 1, 1.01%, 4, 1, 3, 11.51
1737537012, 1, 0, 175, 173, 1, 1.01%, 4, 1, 3, 10.94
1737537017, 1, 0, 177, 175, 1, 1.01%, 4, 1, 3, 11.70
1737537022, 1, 0, 178, 176, 1, 1.03%, 4, 1, 3, 11.65
1737537027, 1, 0, 179, 177, 1, 1.03%, 4, 2, 3, 13.59
1737537032, 1, 0, 180, 178, 1, 1.03%, 4, 2, 3, 12.05
1737537038, 1, 0, 181, 179, 1, 1.03%, 4, 2, 3, 11.73
1737537043, 1, 0, 182, 180, 1, 1.03%, 4, 2, 3, 13.03
1737537058, 1, 0, 183, 181, 1, 1.03%, 4, 2, 3, 11.86
1737537063, 1, 0, 184, 182, 1, 1.03%, 4, 2, 3, 11.92
1737537068, 1, 0, 186, 184, 1, 1.04%, 4, 2, 3, 12.15
1737537078, 1, 0, 187, 185, 1, 1.05%, 4, 2, 3, 11.57
1737537089, 1, 0, 189, 187, 1, 1.05%, 4, 2, 3, 12.22
1737537094, 1, 0, 190, 188, 1, 1.05%, 4, 2, 3, 12.35
1737537099, 1, 0, 191, 189, 1, 1.05%, 4, 2, 3, 11.75
1737537104, 1, 0, 192, 190, 1, 1.05%, 4, 2, 3, 12.18
1737537114, 1, 0, 193, 191, 1, 1.06%, 4, 2, 3, 11.98
1737537119, 1, 0, 194, 192, 1, 1.06%, 4, 2, 3, 12.08
1737537135, 1, 0, 196, 194, 1, 1.07%, 4, 2, 3, 12.26
1737537176, 1, 0, 197, 195, 1, 1.07%, 4, 2, 3, 11.32
1737537181, 1, 0, 197, 195, 1, 1.07%, 5, 2, 3, 11.59
1737537186, 1, 0, 198, 196, 1, 1.07%, 5, 2, 3, 10.67
1737537191, 1, 0, 198, 196, 1, 1.07%, 8, 2, 3, 10.71
1737537201, 1, 0, 199, 197, 1, 1.07%, 8, 2, 3, 10.56
1737537216, 1, 0, 200, 198, 1, 1.07%, 8, 2, 3, 10.90
1737537227, 1, 0, 201, 199, 1, 1.07%, 8, 2, 3, 10.79
1737537237, 1, 0, 201, 199, 1, 1.07%, 8, 3, 3, 10.17
1737537242, 1, 0, 202, 200, 1, 1.07%, 8, 3, 3, 10.16
1737537247, 1, 0, 203, 201, 1, 1.07%, 8, 3, 3, 10.95
1737537258, 1, 1, 204, 202, 1, 1.07%, 9, 3, 3, 10.22
1737537273, 1, 1, 205, 203, 1, 1.07%, 9, 3, 3, 10.59
1737537278, 1, 1, 206, 204, 1, 1.07%, 9, 3, 3, 10.66
1737537283, 1, 1, 207, 205, 1, 1.07%, 9, 3, 3, 10.61
1737537288, 1, 1, 208, 206, 1, 1.07%, 9, 3, 3, 10.67
1737537293, 1, 1, 209, 207, 1, 1.07%, 9, 3, 3, 10.11
1737537304, 2, 2, 212, 209, 1, 1.07%, 9, 3, 3, 12.59
1737537309, 2, 2, 214, 211, 1, 1.08%, 9, 3, 3, 13.70
1737537314, 2, 2, 215, 212, 1, 1.08%, 9, 3, 3, 13.82
1737537324, 2, 2, 216, 213, 1, 1.08%, 9, 3, 3, 13.98
1737537334, 2, 2, 218, 215, 1, 1.08%, 9, 3, 3, 13.21
1737537339, 2, 2, 219, 216, 1, 1.08%, 9, 3, 3, 13.16
1737537350, 2, 2, 221, 218, 1, 1.08%, 9, 3, 3, 12.94
1737537355, 2, 2, 222, 219, 1, 1.09%, 9, 3, 3, 13.51
1737537365, 2, 2, 223, 220, 1, 1.10%, 9, 3, 3, 13.62
1737537370, 2, 2, 224, 221, 1, 1.10%, 9, 3, 3, 13.75
1737537375, 2, 2, 225, 222, 1, 1.10%, 9, 3, 3, 12.28
1737537391, 2, 46, 226, 222, 0, 1.10%, 9, 3, 3, 13.12
1737537396, 2, 46, 228, 224, 0, 1.10%, 9, 3, 3, 12.01
1737537406, 2, 46, 231, 227, 0, 1.10%, 9, 3, 3, 12.02
1737537411, 2, 46, 232, 228, 0, 1.10%, 9, 3, 3, 11.21
1737537416, 2, 46, 234, 230, 0, 1.10%, 9, 3, 3, 10.61
1737537421, 2, 46, 235, 231, 0, 1.10%, 9, 3, 3, 13.58
1737537426, 2, 46, 236, 232, 0, 1.10%, 9, 3, 3, 12.68
1737537432, 2, 46, 237, 233, 0, 1.10%, 9, 3, 3, 12.83
1737537437, 2, 46, 238, 234, 0, 1.10%, 9, 3, 3, 11.95
1737537447, 2, 46, 240, 236, 0, 1.10%, 9, 3, 3, 13.11
1737537452, 2, 46, 241, 237, 0, 1.11%, 9, 3, 3, 12.84
1737537457, 2, 46, 242, 238, 0, 1.11%, 9, 3, 3, 12.46
1737537472, 2, 46, 244, 240, 0, 1.11%, 9, 3, 3, 11.64
1737537477, 2, 46, 245, 241, 0, 1.11%, 9, 3, 3, 12.20
1737537483, 2, 46, 248, 244, 0, 1.11%, 9, 3, 3, 11.96
1737537488, 2, 46, 249, 245, 0, 1.11%, 9, 3, 3, 12.51
1737537493, 2, 46, 250, 246, 0, 1.11%, 9, 3, 3, 12.39
1737537498, 3, 11, 250, 245, 0, 1.11%, 9, 3, 3, 13.22
1737537503, 3, 11, 251, 246, 0, 1.11%, 9, 3, 3, 12.94
1737537513, 3, 11, 253, 248, 0, 1.11%, 9, 3, 3, 11.67
1737537518, 3, 11, 254, 249, 0, 1.11%, 9, 3, 3, 12.41
1737537529, 3, 11, 256, 251, 0, 1.11%, 9, 3, 3, 12.21
1737537534, 3, 11, 258, 253, 0, 1.11%, 9, 3, 3, 11.62
1737537544, 3, 187, 259, 253, 0, 1.11%, 10, 3, 3, 11.53
1737537549, 3, 187, 261, 255, 0, 1.11%, 10, 3, 3, 11.17
1737537575, 3, 187, 262, 256, 0, 1.11%, 10, 3, 3, 11.38
1737537621, 3, 187, 262, 256, 0, 1.11%, 11, 3, 3, 11.06
1737537632, 3, 187, 262, 256, 0, 1.11%, 12, 3, 3, 10.92
1737537642, 3, 187, 262, 256, 0, 1.11%, 13, 3, 3, 11.04
1737537647, 4, 31, 263, 256, 0, 1.11%, 13, 3, 3, 11.43
1737537652, 4, 31, 264, 257, 0, 1.11%, 13, 3, 3, 12.37
1737537673, 4, 50, 264, 256, 0, 1.11%, 13, 3, 3, 12.45
1737537698, 4, 177, 265, 256, 4294967295, 1.11%, 13, 3, 3, 12.72
1737537714, 4, 177, 266, 257, 4294967295, 1.11%, 13, 3, 3, 10.58
1737537719, 4, 177, 267, 258, 4294967295, 1.11%, 13, 3, 3, 10.60
1737537729, 4, 177, 268, 259, 4294967295, 1.11%, 13, 3, 3, 10.75
1737537734, 4, 177, 269, 260, 4294967295, 1.11%, 13, 3, 3, 10.79
1737537744, 5, 129, 269, 259, 0, 1.11%, 13, 3, 3, 10.10
1737537755, 5, 129, 270, 260, 0, 1.11%, 13, 3, 3, 9.94
1737537775, 5, 139, 271, 260, 0, 1.11%, 14, 3, 3, 10.07
1737537791, 5, 139, 272, 261, 0, 1.12%, 15, 3, 3, 10.65
1737537796, 5, 139, 272, 261, 0, 1.12%, 16, 3, 3, 10.72
1737537811, 5, 155, 272, 260, 0, 1.12%, 16, 3, 3, 11.32
1737537817, 5, 155, 273, 261, 0, 1.13%, 16, 3, 3, 11.61
1737537842, 5, 166, 273, 260, 0, 1.13%, 16, 3, 3, 10.57
1737537873, 5, 175, 273, 259, 0, 1.13%, 16, 4, 3, 10.10
1737537883, 5, 175, 274, 260, 0, 1.13%, 16, 4, 3, 11.44
1737537893, 5, 175, 274, 260, 0, 1.13%, 16, 5, 3, 10.74
1737537904, 6, 1, 274, 259, 9, 1.13%, 16, 5, 3, 2.19
1737537909, 6, 1, 275, 260, 9, 1.13%, 16, 5, 3, 12.04
1737537996, 6, 78, 277, 262, 9, 1.13%, 16, 5, 4, 12.28
1737538001, 6, 78, 278, 263, 9, 1.13%, 16, 5, 4, 11.73
1737538006, 6, 78, 279, 264, 9, 1.13%, 16, 5, 4, 11.00
1737538011, 6, 78, 280, 265, 9, 1.13%, 16, 5, 4, 12.10
1737538016, 6, 78, 282, 267, 9, 1.13%, 16, 5, 4, 11.56
1737538021, 6, 78, 283, 268, 9, 1.13%, 16, 5, 4, 11.35
1737538026, 6, 78, 284, 269, 9, 1.13%, 16, 5, 4, 11.45
1737538031, 6, 78, 286, 271, 9, 1.13%, 16, 5, 4, 11.28
1737538037, 6, 78, 287, 272, 9, 1.13%, 16, 5, 4, 11.54
1737538042, 6, 78, 289, 274, 9, 1.13%, 16, 5, 4, 12.17
1737538047, 6, 78, 290, 275, 9, 1.13%, 16, 5, 4, 11.36
1737538052, 6, 78, 291, 276, 9, 1.13%, 16, 5, 4, 11.51
1737538057, 6, 78, 292, 277, 9, 1.13%, 16, 5, 4, 11.35
1737538062, 7, 1, 294, 278, 7, 1.13%, 16, 5, 4, 12.00
1737538072, 7, 1, 296, 280, 7, 1.13%, 16, 5, 4, 11.68
1737538078, 7, 1, 298, 282, 7, 1.13%, 16, 5, 4, 11.72
1737538088, 7, 1, 299, 283, 7, 1.13%, 16, 5, 4, 11.78
1737538093, 7, 1, 300, 284, 7, 1.13%, 16, 5, 4, 11.36
1737538098, 7, 1, 301, 285, 7, 1.13%, 16, 5, 4, 11.38
1737538103, 7, 1, 303, 287, 7, 1.13%, 16, 5, 4, 11.79
1737538108, 7, 1, 304, 288, 7, 1.13%, 16, 5, 4, 11.64
1737538114, 7, 1, 305, 289, 7, 1.13%, 16, 5, 4, 11.22
1737538119, 7, 1, 306, 290, 7, 1.13%, 16, 5, 4, 11.09
1737538124, 7, 1, 307, 291, 10, 1.13%, 16, 5, 4, 11.34
1737538129, 7, 1, 308, 292, 10, 1.13%, 16, 5, 4, 12.14
1737538134, 7, 1, 309, 293, 10, 1.13%, 16, 5, 4, 12.81
1737538139, 7, 1, 310, 294, 10, 1.14%, 16, 5, 4, 13.01
1737538160, 7, 1, 311, 295, 10, 1.14%, 16, 5, 4, 11.96
1737538170, 7, 1, 312, 296, 10, 1.14%, 16, 5, 4, 12.03
1737538185, 7, 1, 313, 297, 4, 1.14%, 16, 5, 4, 12.01
1737538195, 7, 1, 314, 298, 4, 1.14%, 16, 5, 4, 11.54
1737538211, 7, 1, 315, 299, 5, 1.14%, 16, 5, 4, 11.85
1737538216, 7, 1, 316, 300, 5, 1.14%, 16, 5, 4, 11.67
1737538226, 7, 1, 317, 301, 5, 1.14%, 16, 5, 4, 10.87
1737538242, 7, 1, 318, 302, 5, 1.14%, 16, 5, 4, 10.86
1737538252, 7, 1, 318, 302, 2, 1.14%, 16, 5, 4, 11.44
1737538267, 7, 1, 318, 302, 2, 1.14%, 17, 5, 4, 10.41
1737538277, 7, 1, 318, 302, 2, 1.14%, 18, 5, 4, 10.29
1737538282, 7, 1, 319, 303, 2, 1.14%, 18, 5, 4, 10.57
1737538293, 7, 1, 320, 304, 2, 1.14%, 18, 5, 4, 10.62
1737538298, 7, 1, 321, 305, 2, 1.14%, 18, 5, 4, 10.67
1737538308, 7, 1, 322, 306, 2, 1.14%, 18, 5, 4, 10.61
1737538318, 7, 204, 323, 307, 0, 1.14%, 18, 5, 4, 10.48
1737538323, 7, 204, 328, 312, 0, 1.14%, 19, 5, 4, 10.91
1737538329, 7, 204, 331, 315, 0, 1.14%, 19, 5, 4, 10.58
1737538334, 7, 204, 337, 321, 0, 1.14%, 19, 5, 4, 11.10
1737538339, 7, 204, 342, 326, 0, 1.14%, 19, 5, 4, 10.97
1737538344, 7, 204, 346, 330, 0, 1.14%, 19, 5, 4, 10.72
1737538349, 7, 204, 349, 333, 0, 1.14%, 19, 5, 4, 10.65
1737538354, 7, 204, 352, 336, 0, 1.14%, 19, 5, 4, 10.49
1737538360, 7, 204, 356, 340, 0, 1.14%, 19, 5, 4, 10.62
1737538365, 7, 204, 361, 345, 0, 1.14%, 19, 5, 4, 10.88
1737538370, 7, 204, 364, 348, 0, 1.14%, 19, 5, 4, 10.69
1737538375, 7, 204, 368, 352, 0, 1.14%, 19, 5, 4, 10.73
1737538380, 7, 204, 373, 357, 0, 1.14%, 19, 5, 4, 10.58
1737538386, 7, 204, 375, 359, 0, 1.14%, 19, 5, 4, 10.89
1737538391, 7, 204, 379, 363, 0, 1.14%, 19, 5, 4, 10.52
1737538396, 7, 204, 383, 367, 0, 1.14%, 19, 5, 4, 10.61
1737538401, 7, 204, 387, 371, 0, 1.14%, 19, 5, 4, 10.73
1737538406, 7, 204, 392, 376, 0, 1.14%, 19, 5, 4, 11.15
1737538411, 7, 204, 395, 379, 0, 1.14%, 19, 5, 4, 10.57
1737538416, 7, 204, 399, 383, 0, 1.14%, 19, 5, 4, 10.81
1737538421, 7, 204, 405, 389, 0, 1.14%, 19, 5, 4, 11.19
1737538426, 7, 204, 408, 392, 0, 1.14%, 19, 5, 4, 10.74
1737538432, 7, 204, 413, 397, 0, 1.14%, 19, 5, 4, 11.05
1737538437, 7, 204, 418, 402, 0, 1.14%, 19, 5, 4, 11.14
1737538442, 7, 204, 422, 406, 0, 1.14%, 19, 5, 4, 10.68
1737538447, 7, 204, 427, 411, 0, 1.14%, 19, 5, 4, 11.04
1737538452, 7, 204, 432, 416, 0, 1.14%, 19, 5, 4, 11.04
1737538457, 7, 204, 436, 420, 0, 1.14%, 19, 5, 4, 10.54
1737538462, 7, 204, 441, 425, 0, 1.14%, 19, 5, 4, 10.73
1737538468, 7, 204, 444, 428, 0, 1.14%, 19, 5, 4, 10.51
1737538473, 7, 204, 446, 430, 0, 1.14%, 19, 5, 4, 10.47
1737538478, 7, 204, 451, 435, 0, 1.14%, 19, 5, 4, 11.11
1737538483, 7, 204, 454, 438, 0, 1.14%, 19, 5, 4, 10.64
1737538488, 7, 204, 459, 443, 0, 1.14%, 19, 5, 4, 11.14
1737538493, 7, 204, 462, 446, 0, 1.14%, 19, 5, 4, 10.71
1737538498, 7, 204, 465, 449, 0, 1.14%, 19, 5, 4, 10.75
1737538503, 7, 204, 469, 453, 0, 1.14%, 19, 5, 4, 10.56
1737538509, 7, 204, 473, 457, 0, 1.14%, 19, 5, 4, 11.02
1737538514, 7, 204, 478, 462, 0, 1.14%, 19, 5, 4, 11.21
1737538519, 7, 204, 484, 468, 0, 1.14%, 19, 5, 4, 11.50
1737538524, 7, 204, 490, 474, 0, 1.14%, 19, 5, 4, 11.27
1737538529, 7, 204, 495, 479, 0, 1.14%, 19, 5, 4, 11.16
1737538534, 7, 204, 501, 485, 0, 1.14%, 19, 5, 4, 11.33
1737538539, 7, 204, 506, 490, 0, 1.14%, 19, 5, 4, 10.68
1737538545, 7, 204, 510, 494, 0, 1.14%, 19, 5, 4, 10.74
1737538550, 7, 204, 514, 498, 0, 1.14%, 19, 5, 4, 10.67
1737538555, 7, 204, 521, 505, 0, 1.14%, 19, 5, 4, 11.46
1737538560, 7, 204, 526, 510, 0, 1.14%, 19, 5, 4, 11.24
1737538565, 7, 204, 531, 515, 0, 1.14%, 19, 5, 4, 11.13
1737538570, 7, 204, 536, 520, 0, 1.14%, 19, 5, 4, 11.21
1737538575, 7, 204, 542, 526, 0, 1.14%, 19, 5, 4, 11.56
1737538580, 7, 204, 548, 532, 0, 1.14%, 19, 5, 4, 11.32
1737538585, 7, 204, 553, 537, 0, 1.14%, 19, 5, 4, 11.15
1737538591, 7, 204, 559, 543, 0, 1.14%, 19, 5, 4, 11.25
1737538596, 7, 204, 565, 549, 0, 1.14%, 19, 5, 4, 11.47
1737538601, 7, 204, 568, 552, 0, 1.14%, 19, 5, 4, 10.85
1737538606, 7, 204, 571, 555, 0, 1.14%, 19, 5, 4, 10.18
1737538611, 7, 204, 573, 557, 0, 1.14%, 19, 5, 4, 10.15
1737538616, 7, 204, 576, 560, 0, 1.14%, 19, 5, 4, 10.57
1737538621, 7, 204, 579, 563, 0, 1.14%, 19, 5, 4, 10.51
1737538626, 7, 204, 581, 565, 0, 1.14%, 19, 5, 4, 10.20
1737538631, 7, 204, 584, 568, 0, 1.14%, 19, 5, 4, 10.44
1737538636, 7, 204, 587, 571, 0, 1.14%, 19, 5, 4, 10.34
1737538642, 7, 204, 590, 574, 0, 1.14%, 19, 5, 4, 10.33
1737538647, 7, 204, 595, 579, 0, 1.14%, 19, 5, 4, 10.97
1737538652, 7, 204, 601, 585, 0, 1.14%, 19, 5, 4, 11.03
1737538657, 7, 204, 608, 592, 0, 1.14%, 19, 5, 4, 11.05
1737538662, 7, 204, 614, 598, 0, 1.14%, 19, 5, 4, 11.49
1737538667, 7, 204, 619, 603, 0, 1.14%, 19, 5, 4, 11.08
1737538672, 7, 204, 625, 609, 0, 1.14%, 19, 5, 4, 11.39
1737538677, 7, 204, 628, 612, 0, 1.14%, 19, 5, 4, 10.92
1737538682, 7, 204, 634, 618, 0, 1.14%, 19, 5, 4, 11.30
1737538688, 7, 204, 639, 623, 0, 1.14%, 19, 5, 4, 11.37
1737538693, 7, 204, 644, 628, 0, 1.14%, 19, 5, 4, 11.40
1737538698, 7, 204, 650, 634, 0, 1.14%, 19, 5, 4, 11.46
1737538703, 7, 204, 656, 640, 0, 1.14%, 19, 5, 4, 11.32
1737538708, 7, 204, 662, 646, 0, 1.14%, 19, 5, 4, 11.54
1737538713, 7, 204, 668, 652, 0, 1.14%, 19, 5, 4, 11.57
1737538718, 7, 204, 674, 658, 0, 1.14%, 19, 5, 4, 11.36
1737538724, 7, 204, 680, 664, 0, 1.14%, 19, 5, 4, 11.55
1737538729, 7, 204, 686, 670, 0, 1.14%, 19, 5, 4, 11.48
1737538734, 7, 204, 692, 676, 0, 1.14%, 19, 5, 4, 11.53
1737538739, 7, 204, 698, 682, 0, 1.14%, 19, 5, 4, 11.24
1737538744, 7, 204, 703, 687, 0, 1.14%, 19, 5, 4, 11.30
1737538750, 7, 204, 706, 690, 0, 1.14%, 19, 5, 4, 10.84
1737538755, 7, 204, 708, 692, 0, 1.14%, 19, 5, 4, 10.29
1737538760, 7, 204, 709, 693, 0, 1.14%, 19, 5, 4, 10.05
1737538765, 7, 204, 711, 695, 0, 1.14%, 19, 5, 4, 10.27
1737538770, 7, 204, 714, 698, 0, 1.14%, 19, 5, 4, 10.39
1737538775, 7, 204, 716, 700, 0, 1.14%, 19, 5, 4, 10.44
1737538780, 7, 204, 717, 701, 0, 1.14%, 19, 5, 4, 9.99
1737538785, 7, 204, 720, 704, 0, 1.14%, 19, 5, 4, 10.65
1737538790, 7, 204, 726, 710, 0, 1.14%, 19, 5, 4, 10.99
1737538796, 7, 204, 732, 716, 0, 1.14%, 19, 5, 4, 11.36
1737538801, 7, 204, 738, 722, 0, 1.14%, 19, 5, 4, 11.57
1737538806, 7, 204, 743, 727, 0, 1.14%, 19, 5, 4, 11.05
1737538811, 7, 204, 748, 732, 0, 1.14%, 19, 5, 4, 10.99
1737538816, 7, 204, 753, 737, 0, 1.14%, 19, 5, 4, 10.96
1737538821, 7, 204, 758, 742, 0, 1.14%, 19, 5, 4, 11.16
1737538827, 7, 204, 764, 748, 0, 1.14%, 19, 5, 4, 11.47
1737538832, 7, 204, 769, 753, 0, 1.14%, 19, 5, 4, 11.26
1737538837, 7, 204, 774, 758, 0, 1.14%, 19, 5, 4, 11.31
1737538842, 7, 204, 780, 764, 0, 1.14%, 19, 5, 4, 10.82
1737538847, 7, 204, 785, 769, 0, 1.14%, 19, 5, 4, 11.15
1737538852, 7, 204, 791, 775, 0, 1.14%, 19, 5, 4, 11.51
1737538858, 7, 204, 797, 781, 0, 1.14%, 19, 5, 4, 10.96
1737538863, 7, 204, 802, 786, 0, 1.14%, 19, 5, 4, 11.08
1737538868, 7, 204, 806, 790, 0, 1.14%, 19, 5, 4, 11.19
1737538873, 7, 204, 812, 796, 0, 1.14%, 19, 5, 4, 11.12
1737538878, 7, 204, 816, 800, 0, 1.14%, 19, 5, 4, 10.96
1737538883, 7, 204, 817, 801, 0, 1.14%, 19, 5, 4, 10.23
1737538889, 7, 204, 821, 805, 0, 1.14%, 19, 5, 4, 10.41
1737538894, 7, 204, 823, 807, 0, 1.14%, 19, 5, 4, 10.30
1737538899, 7, 204, 826, 810, 0, 1.14%, 19, 5, 4, 10.41
1737538904, 7, 204, 829, 813, 0, 1.14%, 19, 5, 4, 10.14
1737538909, 7, 204, 831, 815, 0, 1.14%, 19, 5, 4, 10.16
1737538914, 7, 204, 833, 817, 0, 1.14%, 19, 5, 4, 10.11
1737538919, 7, 204, 839, 823, 0, 1.14%, 19, 5, 4, 11.30
1737538924, 7, 204, 844, 828, 0, 1.14%, 19, 5, 4, 11.24
1737538929, 7, 204, 850, 834, 0, 1.14%, 19, 5, 4, 11.37
1737538934, 7, 204, 856, 840, 0, 1.14%, 19, 5, 4, 11.25
1737538939, 7, 204, 861, 845, 0, 1.14%, 19, 5, 4, 11.06
1737538945, 7, 204, 866, 850, 0, 1.14%, 19, 5, 4, 11.38
1737538950, 7, 204, 871, 855, 0, 1.14%, 19, 5, 4, 11.36
1737538955, 7, 204, 877, 861, 0, 1.14%, 19, 5, 4, 11.55
1737538960, 7, 204, 882, 866, 0, 1.14%, 19, 5, 4, 11.05
1737538965, 7, 204, 888, 872, 0, 1.14%, 19, 5, 4, 11.31
1737538971, 7, 204, 893, 877, 0, 1.14%, 19, 5, 4, 11.38
1737538976, 7, 204, 898, 882, 0, 1.14%, 19, 5, 4, 10.91
1737538981, 7, 204, 903, 887, 0, 1.14%, 19, 5, 4, 11.24
1737538986, 7, 204, 909, 893, 0, 1.14%, 19, 5, 4, 11.35
1737538991, 7, 204, 914, 898, 0, 1.14%, 19, 5, 4, 11.41
1737538996, 7, 204, 920, 904, 0, 1.14%, 19, 5, 4, 11.26
1737539001, 7, 204, 925, 909, 0, 1.14%, 19, 5, 4, 11.17
1737539006, 7, 204, 928, 912, 0, 1.14%, 19, 5, 4, 10.61
1737539011, 7, 204, 934, 918, 0, 1.14%, 19, 5, 4, 11.32
1737539017, 7, 204, 940, 924, 0, 1.14%, 19, 5, 4, 11.20
1737539022, 7, 204, 945, 929, 0, 1.14%, 19, 5, 4, 11.16
1737539027, 7, 204, 952, 936, 0, 1.14%, 19, 5, 4, 11.42
1737539033, 7, 204, 957, 941, 0, 1.14%, 19, 5, 4, 11.36
1737539038, 7, 204, 962, 946, 0, 1.14%, 19, 5, 4, 11.21
1737539043, 7, 204, 966, 950, 0, 1.14%, 19, 5, 4, 10.94
1737539048, 7, 204, 971, 955, 0, 1.14%, 19, 5, 4, 11.16
1737539053, 7, 204, 977, 961, 0, 1.14%, 19, 5, 4, 11.51
1737539058, 7, 204, 982, 966, 0, 1.14%, 19, 5, 4, 11.05
1737539063, 7, 204, 987, 971, 0, 1.14%, 19, 5, 4, 11.05
1737539069, 7, 204, 992, 976, 0, 1.14%, 19, 5, 4, 10.96
1737539074, 7, 204, 998, 982, 0, 1.14%, 19, 5, 4, 11.33
1737539079, 7, 204, 1003, 987, 0, 1.14%, 19, 5, 4, 11.07
1737539084, 7, 204, 1008, 992, 0, 1.14%, 19, 5, 4, 11.37
1737539089, 7, 204, 1013, 997, 0, 1.14%, 19, 5, 4, 11.25
1737539094, 7, 204, 1017, 1001, 0, 1.14%, 19, 5, 4, 10.85
1737539099, 7, 204, 1021, 1005, 0, 1.14%, 19, 5, 4, 10.90
1737539105, 7, 204, 1026, 1010, 0, 1.14%, 19, 5, 4, 11.12
1737539110, 7, 204, 1030, 1014, 0, 1.14%, 19, 5, 4, 10.84
1737539115, 7, 204, 1036, 1020, 0, 1.14%, 19, 5, 4, 11.44
1737539120, 7, 204, 1042, 1026, 0, 1.14%, 19, 5, 4, 11.34
1737539125, 7, 204, 1047, 1031, 0, 1.14%, 19, 5, 4, 11.22
1737539130, 7, 204, 1053, 1037, 0, 1.14%, 19, 5, 4, 11.29
1737539135, 7, 204, 1058, 1042, 0, 1.14%, 19, 5, 4, 11.26
1737539140, 7, 204, 1063, 1047, 0, 1.14%, 19, 5, 4, 11.34
1737539146, 7, 204, 1068, 1052, 0, 1.14%, 19, 5, 4, 11.21
1737539151, 7, 204, 1074, 1058, 0, 1.14%, 19, 5, 4, 11.39
1737539156, 7, 204, 1080, 1064, 0, 1.14%, 19, 5, 4, 11.37
1737539161, 7, 204, 1085, 1069, 0, 1.14%, 19, 5, 4, 11.18
1737539166, 7, 204, 1091, 1075, 0, 1.14%, 19, 5, 4, 11.50
1737539171, 7, 204, 1096, 1080, 0, 1.14%, 19, 5, 4, 11.50
1737539177, 7, 204, 1101, 1085, 0, 1.17%, 19, 5, 4, 10.77
1737539182, 7, 204, 1106, 1090, 0, 1.17%, 19, 5, 4, 11.20
1737539187, 7, 204, 1110, 1094, 0, 1.17%, 19, 5, 4, 10.84
1737539192, 7, 204, 1113, 1097, 0, 1.17%, 19, 5, 4, 10.28
1737539197, 7, 204, 1117, 1101, 0, 1.17%, 19, 5, 4, 10.71
1737539202, 7, 204, 1119, 1103, 0, 1.17%, 19, 5, 4, 10.27
1737539208, 7, 204, 1123, 1107, 0, 1.17%, 19, 5, 4, 10.71
1737539213, 7, 204, 1126, 1110, 0, 1.17%, 19, 5, 4, 10.79
1737539218, 7, 204, 1129, 1113, 0, 1.17%, 19, 5, 4, 10.38
1737539223, 7, 204, 1134, 1118, 0, 1.17%, 19, 5, 4, 10.53
1737539228, 7, 204, 1136, 1120, 0, 1.17%, 19, 5, 4, 10.33
1737539233, 7, 204, 1141, 1125, 0, 1.17%, 19, 5, 4, 11.12
1737539238, 7, 204, 1147, 1131, 0, 1.17%, 19, 5, 4, 11.09
1737539243, 7, 204, 1153, 1137, 0, 1.17%, 19, 5, 4, 11.29
1737539249, 7, 204, 1159, 1143, 0, 1.17%, 19, 5, 4, 11.52
1737539254, 7, 204, 1165, 1149, 0, 1.17%, 19, 5, 4, 11.30
1737539259, 7, 204, 1171, 1155, 0, 1.17%, 19, 5, 4, 11.56
1737539264, 7, 204, 1177, 1161, 0, 1.17%, 19, 5, 4, 11.60
1737539269, 7, 204, 1183, 1167, 0, 1.17%, 19, 5, 4, 11.52
1737539274, 7, 204, 1189, 1173, 0, 1.17%, 19, 5, 4, 11.29
1737539279, 7, 204, 1195, 1179, 0, 1.17%, 19, 5, 4, 11.34
1737539284, 7, 204, 1201, 1185, 0, 1.17%, 19, 5, 4, 11.19
1737539289, 7, 204, 1207, 1191, 0, 1.17%, 19, 5, 4, 11.47
1737539295, 7, 204, 1212, 1196, 0, 1.17%, 19, 5, 4, 11.44
1737539300, 7, 204, 1219, 1203, 0, 1.17%, 19, 5, 4, 11.46
1737539305, 7, 204, 1225, 1209, 0, 1.17%, 19, 5, 4, 11.43
1737539310, 7, 204, 1230, 1214, 0, 1.17%, 19, 5, 4, 11.21
1737539315, 7, 204, 1236, 1220, 0, 1.17%, 19, 5, 4, 11.06
1737539320, 7, 204, 1241, 1225, 0, 1.17%, 19, 5, 4, 11.29
1737539325, 7, 204, 1247, 1231, 0, 1.17%, 19, 5, 4, 11.15
1737539330, 7, 204, 1252, 1236, 0, 1.17%, 19, 5, 4, 10.99
1737539336, 7, 204, 1259, 1243, 0, 1.17%, 20, 5, 4, 11.49
1737539341, 7, 204, 1264, 1248, 0, 1.17%, 20, 5, 4, 11.51
1737539346, 8, 220, 1267, 1250, 1, 1.17%, 20, 5, 4, 11.69
1737539376, 8, 220, 1268, 1251, 1, 1.17%, 20, 5, 4, 11.63
1737539381, 9, 176, 1269, 1251, 4, 1.17%, 20, 5, 4, 11.19
1737539412, 10, 90, 1271, 1252, 1, 1.17%, 20, 5, 4, 12.22
1737539417, 10, 90, 1278, 1259, 1, 1.17%, 20, 5, 4, 12.80
1737539423, 10, 90, 1285, 1266, 1, 1.17%, 20, 5, 4, 12.11
1737539428, 10, 90, 1287, 1268, 1, 1.17%, 20, 5, 4, 10.82
1737539433, 10, 90, 1294, 1275, 1, 1.17%, 20, 5, 4, 11.69
1737539438, 10, 90, 1301, 1282, 1, 1.17%, 20, 5, 4, 12.26
1737539443, 10, 90, 1308, 1289, 1, 1.17%, 20, 5, 4, 13.30
1737539448, 10, 90, 1310, 1291, 1, 1.17%, 20, 5, 4, 10.62
1737539453, 10, 90, 1317, 1298, 1, 1.17%, 20, 5, 4, 12.69
1737539458, 10, 90, 1324, 1305, 1, 1.17%, 20, 5, 4, 11.80
1737539463, 10, 90, 1330, 1311, 1, 1.17%, 20, 5, 4, 11.91
1737539469, 10, 90, 1337, 1318, 1, 1.17%, 20, 5, 4, 13.20
1737539474, 10, 90, 1343, 1324, 1, 1.17%, 20, 5, 4, 11.59
1737539479, 10, 90, 1351, 1332, 1, 1.17%, 20, 5, 4, 12.54
1737539484, 10, 90, 1357, 1338, 1, 1.17%, 20, 5, 4, 11.46
1737539489, 10, 90, 1365, 1346, 1, 1.17%, 20, 5, 4, 12.01
1737539494, 10, 90, 1371, 1352, 1, 1.17%, 20, 5, 4, 11.80
1737539500, 10, 90, 1378, 1359, 1, 1.17%, 20, 5, 4, 11.96
1737539505, 10, 90, 1385, 1366, 1, 1.17%, 20, 5, 4, 13.47
1737539510, 10, 90, 1392, 1373, 1, 1.17%, 20, 5, 4, 11.83
1737539515, 10, 90, 1399, 1380, 1, 1.17%, 20, 5, 4, 13.70
1737539520, 10, 90, 1406, 1387, 1, 1.17%, 20, 5, 4, 12.89
1737539525, 10, 90, 1412, 1393, 1, 1.17%, 20, 5, 4, 11.90
1737539530, 10, 90, 1421, 1402, 1, 1.17%, 20, 5, 4, 13.40
1737539536, 10, 90, 1427, 1408, 1, 1.17%, 20, 5, 4, 12.61
1737539541, 10, 90, 1433, 1414, 1, 1.17%, 20, 5, 4, 10.59
1737539546, 10, 90, 1440, 1421, 1, 1.17%, 20, 5, 4, 12.78
1737539551, 10, 90, 1445, 1426, 1, 1.17%, 20, 5, 4, 14.65
1737539556, 10, 90, 1452, 1433, 1, 1.17%, 20, 5, 4, 13.02
1737539561, 10, 90, 1459, 1440, 1, 1.17%, 20, 5, 4, 11.83
1737539566, 10, 90, 1466, 1447, 1, 1.17%, 20, 5, 4, 12.81
1737539571, 10, 90, 1473, 1454, 1, 1.17%, 20, 5, 4, 11.31
1737539577, 10, 90, 1479, 1460, 1, 1.17%, 20, 5, 4, 11.34
1737539582, 10, 90, 1485, 1466, 1, 1.17%, 20, 5, 4, 11.16
1737539587, 10, 90, 1492, 1473, 1, 1.17%, 20, 5, 4, 11.62
1737539592, 10, 90, 1498, 1479, 1, 1.17%, 20, 5, 4, 10.98
1737539597, 10, 90, 1505, 1486, 1, 1.17%, 20, 5, 4, 11.95
1737539602, 10, 90, 1512, 1493, 1, 1.17%, 20, 5, 4, 12.56
1737539607, 10, 90, 1520, 1501, 1, 1.17%, 20, 5, 4, 13.05
1737539613, 10, 90, 1527, 1508, 1, 1.17%, 20, 5, 4, 12.49
1737539618, 10, 90, 1534, 1515, 1, 1.17%, 20, 5, 4, 12.64
1737539623, 10, 90, 1540, 1521, 1, 1.17%, 20, 5, 4, 11.46
1737539628, 10, 90, 1547, 1528, 1, 1.17%, 20, 5, 4, 13.45
1737539633, 10, 90, 1553, 1534, 1, 1.17%, 20, 5, 4, 10.96
1737539638, 10, 90, 1559, 1540, 1, 1.17%, 20, 5, 4, 10.73
1737539643, 10, 90, 1566, 1547, 1, 1.17%, 20, 5, 4, 12.38
1737539649, 10, 90, 1573, 1554, 1, 1.17%, 20, 5, 4, 12.57
1737539654, 10, 90, 1580, 1561, 1, 1.17%, 20, 5, 4, 12.24
1737539659, 10, 90, 1587, 1568, 1, 1.17%, 20, 5, 4, 11.66
1737539664, 10, 90, 1593, 1574, 1, 1.17%, 20, 5, 4, 11.11
1737539669, 10, 90, 1598, 1579, 1, 1.17%, 20, 5, 4, 10.00
1737539674, 10, 90, 1606, 1587, 1, 1.17%, 20, 5, 4, 12.28
1737539679, 10, 90, 1614, 1595, 1, 1.17%, 20, 5, 4, 13.43
1737539684, 10, 90, 1621, 1602, 1, 1.17%, 20, 5, 4, 13.03
1737539690, 10, 90, 1628, 1609, 1, 1.17%, 20, 5, 4, 11.44
1737539695, 10, 90, 1635, 1616, 1, 1.17%, 20, 5, 4, 12.10
1737539700, 10, 90, 1640, 1621, 1, 1.17%, 20, 5, 4, 10.85
1737539705, 10, 90, 1647, 1628, 1, 1.17%, 20, 5, 4, 11.24
1737539710, 10, 90, 1653, 1634, 1, 1.17%, 20, 5, 4, 11.27
1737539715, 10, 90, 1661, 1642, 1, 1.17%, 20, 5, 4, 13.13
1737539720, 10, 90, 1668, 1649, 1, 1.17%, 20, 5, 4, 12.77
1737539725, 10, 90, 1675, 1656, 1, 1.17%, 20, 5, 4, 13.30
1737539730, 10, 90, 1682, 1663, 1, 1.17%, 20, 5, 4, 12.79
1737539736, 10, 90, 1688, 1669, 1, 1.17%, 20, 5, 4, 11.36
1737539741, 10, 90, 1695, 1676, 1, 1.17%, 20, 5, 4, 11.88
1737539746, 10, 90, 1701, 1682, 1, 1.17%, 20, 5, 4, 11.70
1737539751, 10, 90, 1708, 1689, 1, 1.17%, 20, 5, 4, 11.54
1737539756, 10, 90, 1714, 1695, 1, 1.17%, 20, 5, 4, 11.64
1737539761, 10, 90, 1720, 1701, 1, 1.17%, 20, 5, 4, 10.51
1737539766, 10, 90, 1727, 1708, 1, 1.17%, 20, 5, 4, 12.37
1737539772, 10, 90, 1734, 1715, 1, 1.17%, 20, 5, 4, 11.44
1737539777, 10, 90, 1739, 1720, 1, 1.17%, 20, 5, 4, 10.74
1737539782, 10, 90, 1745, 1726, 1, 1.17%, 20, 5, 4, 11.36
1737539787, 10, 90, 1753, 1734, 1, 1.17%, 20, 5, 4, 12.08
1737539792, 10, 90, 1759, 1740, 1, 1.17%, 20, 5, 4, 11.29
1737539797, 10, 90, 1766, 1747, 1, 1.17%, 20, 5, 4, 11.32
1737539802, 10, 90, 1772, 1753, 1, 1.17%, 20, 5, 4, 11.44
1737539808, 10, 90, 1778, 1759, 1, 1.17%, 20, 5, 4, 10.65
1737539813, 10, 90, 1785, 1766, 1, 1.17%, 20, 5, 4, 12.01
1737539818, 10, 90, 1792, 1773, 1, 1.17%, 20, 5, 4, 11.49
1737539823, 10, 90, 1799, 1780, 1, 1.17%, 20, 5, 4, 12.34
1737539828, 10, 90, 1805, 1786, 1, 1.17%, 20, 5, 4, 11.62
1737539833, 10, 90, 1812, 1793, 1, 1.17%, 20, 5, 4, 11.75
1737539838, 10, 90, 1818, 1799, 1, 1.17%, 20, 5, 4, 11.99
1737539843, 10, 90, 1824, 1805, 1, 1.17%, 20, 5, 4, 10.69
1737539849, 10, 90, 1830, 1811, 1, 1.17%, 20, 5, 4, 11.57
1737539854, 10, 90, 1837, 1818, 1, 1.17%, 20, 5, 4, 11.74
1737539859, 10, 90, 1844, 1825, 1, 1.17%, 20, 5, 4, 11.66
1737539864, 10, 90, 1851, 1832, 1, 1.17%, 20, 5, 4, 12.29
1737539869, 10, 90, 1859, 1840, 1, 1.17%, 20, 5, 4, 13.28
1737539874, 10, 90, 1866, 1847, 1, 1.17%, 20, 5, 4, 13.44
1737539879, 10, 90, 1873, 1854, 1, 1.17%, 20, 5, 4, 12.20
1737539884, 10, 90, 1879, 1860, 1, 1.17%, 20, 5, 4, 11.59
1737539889, 10, 90, 1889, 1870, 1, 1.17%, 20, 5, 4, 15.45
1737539895, 10, 90, 1897, 1878, 1, 1.17%, 20, 5, 4, 14.16
1737539900, 10, 90, 1904, 1885, 1, 1.17%, 20, 5, 4, 11.92
1737539905, 10, 90, 1911, 1892, 1, 1.17%, 20, 5, 4, 12.94
1737539910, 10, 90, 1918, 1899, 1, 1.17%, 20, 5, 4, 12.05
1737539915, 10, 90, 1924, 1905, 1, 1.17%, 20, 5, 4, 12.28
1737539920, 10, 90, 1930, 1911, 1, 1.17%, 20, 5, 4, 10.77
1737539925, 10, 90, 1937, 1918, 1, 1.17%, 20, 5, 4, 12.02
1737539931, 10, 90, 1943, 1924, 1, 1.17%, 20, 5, 4, 10.97
1737539936, 10, 90, 1950, 1931, 1, 1.17%, 20, 5, 4, 11.54
1737539941, 10, 90, 1956, 1937, 1, 1.17%, 20, 5, 4, 11.60
1737539946, 10, 90, 1963, 1944, 1, 1.17%, 20, 5, 4, 11.87
1737539951, 10, 90, 1969, 1950, 1, 1.17%, 20, 5, 4, 10.72
1737539957, 10, 90, 1975, 1956, 1, 1.17%, 20, 5, 4, 10.59
1737539962, 10, 90, 1982, 1963, 1, 1.17%, 20, 5, 4, 11.54
1737539967, 10, 90, 1984, 1965, 1, 1.17%, 20, 5, 4, 11.25
1737539972, 10, 90, 1991, 1972, 1, 1.17%, 20, 5, 4, 11.50
1737539977, 10, 90, 1998, 1979, 1, 1.17%, 20, 5, 4, 11.55
1737539982, 10, 90, 2004, 1985, 1, 1.17%, 20, 5, 4, 10.86
1737539987, 10, 90, 2011, 1992, 1, 1.17%, 20, 5, 4, 12.48
1737539992, 10, 90, 2018, 1999, 1, 1.17%, 20, 5, 4, 13.04
1737539998, 10, 90, 2026, 2007, 1, 1.17%, 20, 5, 4, 13.58
1737540003, 10, 90, 2033, 2014, 1, 1.17%, 20, 5, 4, 13.64
1737540008, 10, 90, 2041, 2022, 1, 1.17%, 20, 5, 4, 13.75
1737540013, 10, 90, 2046, 2027, 1, 1.17%, 20, 5, 4, 13.62
1737540018, 10, 90, 2053, 2034, 1, 1.17%, 20, 5, 4, 13.03
1737540023, 10, 90, 2061, 2042, 1, 1.17%, 20, 5, 4, 13.52
1737540028, 10, 90, 2068, 2049, 1, 1.17%, 20, 5, 4, 13.51
1737540033, 10, 90, 2075, 2056, 1, 1.17%, 20, 5, 4, 13.23
1737540039, 10, 90, 2083, 2064, 1, 1.17%, 20, 5, 4, 13.22
1737540044, 10, 90, 2090, 2071, 1, 1.17%, 20, 5, 4, 12.17
1737540049, 10, 90, 2097, 2078, 1, 1.17%, 20, 5, 4, 14.31
1737540054, 10, 90, 2104, 2085, 1, 1.17%, 20, 5, 4, 13.10
1737540059, 10, 90, 2113, 2094, 1, 1.17%, 20, 5, 4, 14.56
1737540064, 10, 90, 2119, 2100, 1, 1.17%, 20, 5, 4, 12.20
1737540069, 10, 90, 2124, 2105, 1, 1.17%, 20, 5, 4, 11.10
1737540074, 10, 90, 2128, 2109, 1, 1.17%, 20, 5, 4, 10.75
1737540080, 10, 90, 2135, 2116, 1, 1.17%, 20, 5, 4, 12.13
1737540085, 10, 90, 2141, 2122, 1, 1.17%, 20, 5, 4, 11.58
1737540090, 10, 90, 2148, 2129, 1, 1.17%, 20, 5, 4, 11.93
1737540095, 10, 90, 2155, 2136, 1, 1.17%, 20, 5, 4, 11.80
1737540100, 10, 90, 2163, 2144, 1, 1.17%, 20, 5, 4, 12.61
1737540105, 10, 90, 2170, 2151, 1, 1.17%, 20, 5, 4, 12.64
1737540111, 10, 90, 2177, 2158, 1, 1.17%, 20, 5, 4, 12.52
1737540116, 10, 90, 2185, 2166, 1, 1.17%, 20, 5, 4, 14.12
1737540121, 10, 90, 2193, 2174, 1, 1.17%, 20, 5, 4, 13.13
1737540126, 10, 90, 2199, 2180, 1, 1.17%, 20, 5, 4, 12.66
1737540131, 10, 90, 2208, 2189, 1, 1.17%, 20, 5, 4, 13.83
1737540136, 10, 90, 2214, 2195, 1, 1.17%, 20, 5, 4, 12.71
1737540141, 10, 90, 2221, 2202, 1, 1.17%, 20, 5, 4, 12.55
1737540147, 10, 90, 2228, 2209, 1, 1.17%, 20, 5, 4, 12.54
1737540152, 10, 90, 2235, 2216, 1, 1.17%, 20, 5, 4, 11.97
1737540157, 10, 90, 2241, 2222, 1, 1.17%, 20, 5, 4, 12.21
1737540162, 10, 90, 2249, 2230, 1, 1.17%, 20, 5, 4, 12.06
1737540167, 10, 90, 2255, 2236, 1, 1.17%, 20, 5, 4, 11.88
1737540172, 10, 90, 2262, 2243, 1, 1.17%, 20, 5, 4, 12.24
1737540178, 10, 90, 2271, 2252, 1, 1.17%, 20, 5, 4, 14.39
1737540183, 10, 90, 2278, 2259, 1, 1.17%, 20, 5, 4, 12.77
1737540188, 10, 90, 2285, 2266, 1, 1.17%, 20, 5, 4, 13.80
1737540193, 10, 90, 2293, 2274, 1, 1.17%, 20, 5, 4, 13.68
1737540198, 10, 90, 2300, 2281, 1, 1.17%, 20, 5, 4, 13.02
1737540203, 10, 90, 2307, 2288, 1, 1.17%, 20, 5, 4, 11.89
1737540208, 10, 90, 2314, 2295, 1, 1.17%, 20, 5, 4, 12.30
1737540214, 10, 90, 2321, 2302, 1, 1.17%, 20, 5, 4, 12.60
1737540219, 10, 90, 2328, 2309, 1, 1.17%, 20, 5, 4, 12.38
1737540224, 10, 90, 2335, 2316, 1, 1.17%, 20, 5, 4, 11.32
1737540229, 10, 90, 2342, 2323, 1, 1.17%, 20, 5, 4, 12.38
1737540234, 10, 90, 2349, 2330, 1, 1.17%, 20, 5, 4, 12.65
1737540239, 10, 90, 2356, 2337, 1, 1.17%, 20, 5, 4, 12.70
1737540245, 10, 90, 2364, 2345, 1, 1.17%, 20, 5, 4, 13.93
1737540250, 10, 90, 2371, 2352, 1, 1.17%, 20, 5, 4, 13.31
1737540255, 10, 90, 2378, 2359, 1, 1.17%, 20, 5, 4, 12.78
1737540260, 10, 90, 2386, 2367, 1, 1.17%, 20, 5, 4, 14.34
1737540265, 10, 90, 2393, 2374, 1, 1.17%, 20, 5, 4, 12.84
1737540270, 10, 90, 2401, 2382, 1, 1.17%, 20, 5, 4, 13.61
1737540275, 10, 90, 2409, 2390, 1, 1.17%, 20, 5, 4, 14.45
1737540280, 10, 90, 2416, 2397, 1, 1.17%, 20, 5, 4, 13.24
1737540285, 10, 90, 2422, 2403, 1, 1.17%, 20, 5, 4, 11.85
1737540290, 10, 90, 2428, 2409, 1, 1.17%, 20, 5, 4, 11.13
1737540296, 10, 90, 2435, 2416, 1, 1.17%, 20, 5, 4, 11.68
1737540301, 10, 90, 2442, 2423, 1, 1.17%, 20, 5, 4, 12.01
1737540306, 10, 90, 2448, 2429, 1, 1.17%, 20, 5, 4, 12.55
1737540311, 10, 90, 2455, 2436, 1, 1.17%, 20, 5, 4, 11.95
1737540316, 10, 90, 2463, 2444, 1, 1.17%, 20, 5, 4, 13.28
1737540321, 10, 90, 2470, 2451, 1, 1.17%, 20, 5, 4, 13.36
1737540326, 10, 90, 2477, 2458, 1, 1.17%, 20, 5, 4, 12.96
1737540331, 10, 90, 2485, 2466, 1, 1.17%, 20, 5, 4, 13.44
1737540337, 10, 90, 2493, 2474, 1, 1.17%, 20, 5, 4, 14.25
1737540342, 10, 90, 2500, 2481, 1, 1.17%, 20, 5, 4, 12.55
1737540347, 10, 90, 2507, 2488, 1, 1.17%, 20, 5, 4, 12.84
1737540352, 10, 90, 2514, 2495, 1, 1.17%, 20, 5, 4, 13.03
1737540357, 10, 90, 2522, 2503, 1, 1.17%, 20, 5, 4, 13.30
1737540362, 10, 90, 2528, 2509, 1, 1.17%, 20, 5, 4, 11.93
1737540367, 10, 90, 2536, 2517, 1, 1.17%, 20, 5, 4, 12.54
1737540373, 10, 90, 2542, 2523, 1, 1.17%, 20, 5, 4, 12.04
1737540378, 10, 90, 2549, 2530, 1, 1.17%, 20, 5, 4, 12.32
1737540383, 10, 90, 2556, 2537, 1, 1.17%, 20, 5, 4, 12.24
1737540388, 10, 90, 2563, 2544, 1, 1.17%, 20, 5, 4, 12.38
1737540393, 10, 90, 2569, 2550, 1, 1.17%, 20, 5, 4, 11.96
1737540398, 10, 90, 2577, 2558, 1, 1.17%, 20, 5, 4, 13.51
1737540403, 10, 90, 2584, 2565, 1, 1.17%, 20, 5, 4, 13.37
1737540408, 10, 90, 2592, 2573, 1, 1.17%, 20, 5, 4, 13.28
1737540414, 10, 90, 2599, 2580, 1, 1.17%, 20, 5, 4, 12.23
1737540419, 10, 90, 2605, 2586, 1, 1.17%, 20, 5, 4, 12.18
1737540424, 10, 90, 2610, 2591, 1, 1.17%, 20, 5, 4, 13.50
1737540429, 10, 90, 2615, 2596, 1, 1.17%, 20, 5, 4, 11.99
1737540434, 10, 90, 2621, 2602, 1, 1.17%, 20, 5, 4, 11.37
1737540439, 10, 90, 2628, 2609, 1, 1.17%, 20, 5, 4, 11.44
1737540444, 10, 90, 2635, 2616, 1, 1.17%, 20, 5, 4, 11.47
1737540449, 10, 90, 2642, 2623, 1, 1.17%, 20, 5, 4, 12.38
1737540454, 10, 90, 2649, 2630, 1, 1.17%, 20, 5, 4, 14.07
1737540460, 10, 90, 2656, 2637, 1, 1.17%, 20, 5, 4, 13.02
1737540465, 10, 90, 2664, 2645, 1, 1.17%, 20, 5, 4, 13.23
1737540470, 10, 90, 2671, 2652, 1, 1.17%, 20, 5, 4, 13.40
1737540475, 10, 90, 2679, 2660, 1, 1.17%, 20, 5, 4, 13.98
1737540480, 10, 90, 2686, 2667, 1, 1.17%, 20, 5, 4, 13.09
1737540485, 10, 90, 2692, 2673, 1, 1.17%, 20, 5, 4, 11.18
1737540490, 10, 90, 2699, 2680, 1, 1.17%, 20, 5, 4, 12.54
1737540495, 10, 90, 2708, 2689, 1, 1.17%, 20, 5, 4, 14.69
1737540500, 10, 90, 2714, 2695, 1, 1.17%, 20, 5, 4, 11.80
1737540506, 10, 90, 2722, 2703, 1, 1.17%, 20, 5, 4, 13.74
1737540511, 10, 90, 2729, 2710, 1, 1.17%, 20, 5, 4, 12.93
1737540516, 10, 90, 2735, 2716, 1, 1.17%, 20, 5, 4, 11.40
1737540521, 10, 90, 2742, 2723, 1, 1.17%, 20, 5, 4, 11.68
1737540526, 10, 90, 2748, 2729, 1, 1.17%, 20, 5, 4, 12.57
1737540531, 10, 90, 2755, 2736, 1, 1.17%, 20, 5, 4, 12.36
1737540536, 10, 90, 2762, 2743, 1, 1.17%, 20, 5, 4, 12.33
1737540542, 10, 90, 2769, 2750, 1, 1.17%, 20, 5, 4, 12.92
1737540547, 10, 90, 2777, 2758, 1, 1.17%, 20, 5, 4, 13.61
1737540552, 10, 90, 2784, 2765, 1, 1.17%, 20, 5, 4, 12.28
1737540557, 10, 90, 2791, 2772, 1, 1.17%, 20, 5, 4, 12.16
1737540562, 10, 90, 2793, 2774, 1, 1.17%, 20, 5, 4, 10.28
1737540567, 10, 90, 2799, 2780, 1, 1.17%, 20, 5, 4, 11.39
1737540572, 10, 90, 2807, 2788, 1, 1.17%, 20, 5, 4, 13.51
1737540578, 10, 90, 2814, 2795, 1, 1.17%, 20, 5, 4, 12.64
1737540583, 10, 90, 2821, 2802, 1, 1.17%, 20, 5, 4, 12.50
1737540588, 10, 90, 2828, 2809, 1, 1.17%, 20, 5, 4, 13.11
1737540593, 10, 90, 2835, 2816, 1, 1.17%, 20, 5, 4, 11.85
1737540598, 10, 90, 2842, 2823, 1, 1.17%, 20, 5, 4, 11.82
1737540603, 10, 90, 2849, 2830, 1, 1.17%, 20, 5, 4, 12.44
1737540608, 10, 90, 2856, 2837, 1, 1.17%, 20, 5, 4, 12.59
1737540614, 10, 90, 2863, 2844, 1, 1.17%, 20, 5, 4, 12.56
1737540619, 10, 90, 2870, 2851, 1, 1.17%, 20, 5, 4, 12.20
1737540624, 10, 90, 2877, 2858, 1, 1.17%, 20, 5, 4, 12.19
1737540629, 10, 90, 2883, 2864, 1, 1.17%, 20, 5, 4, 12.23
1737540634, 10, 90, 2890, 2871, 1, 1.17%, 20, 5, 4, 12.84
1737540639, 10, 90, 2897, 2878, 1, 1.17%, 20, 5, 4, 13.09
1737540644, 10, 90, 2905, 2886, 1, 1.17%, 20, 5, 4, 13.51
1737540649, 10, 90, 2912, 2893, 1, 1.17%, 20, 5, 4, 12.50
1737540654, 10, 90, 2918, 2899, 1, 1.17%, 20, 5, 4, 11.42
1737540660, 10, 90, 2926, 2907, 1, 1.17%, 20, 5, 4, 12.57
1737540665, 10, 90, 2933, 2914, 1, 1.17%, 20, 5, 4, 13.15
1737540670, 10, 90, 2939, 2920, 1, 1.17%, 20, 5, 4, 12.82
1737540675, 10, 90, 2947, 2928, 1, 1.17%, 20, 5, 4, 12.72
1737540680, 10, 90, 2954, 2935, 1, 1.17%, 20, 5, 4, 13.47
1737540686, 10, 90, 2961, 2942, 1, 1.17%, 20, 5, 4, 12.17
1737540691, 10, 90, 2967, 2948, 1, 1.17%, 20, 5, 4, 11.35
1737540696, 10, 90, 2973, 2954, 1, 1.17%, 20, 5, 4, 12.17
1737540701, 10, 90, 2981, 2962, 1, 1.17%, 20, 5, 4, 13.69
1737540706, 10, 90, 2988, 2969, 1, 1.17%, 20, 5, 4, 12.43
1737540711, 10, 90, 2995, 2976, 1, 1.17%, 20, 5, 4, 12.53
1737540717, 10, 90, 3002, 2983, 1, 1.17%, 20, 5, 4, 11.89
1737540722, 10, 90, 3008, 2989, 1, 1.17%, 20, 5, 4, 12.45
1737540727, 10, 90, 3015, 2996, 1, 1.17%, 20, 5, 4, 13.49
1737540732, 10, 90, 3023, 3004, 1, 1.17%, 20, 5, 4, 13.25
1737540737, 10, 90, 3029, 3010, 1, 1.17%, 20, 5, 4, 12.16
1737540742, 10, 90, 3037, 3018, 1, 1.17%, 20, 5, 4, 13.62
1737540747, 10, 90, 3043, 3024, 1, 1.17%, 20, 5, 4, 11.64
1737540753, 10, 90, 3049, 3030, 1, 1.17%, 20, 5, 4, 11.44
1737540758, 10, 90, 3057, 3038, 1, 1.17%, 20, 5, 4, 13.32
1737540763, 10, 90, 3063, 3044, 1, 1.17%, 20, 5, 4, 11.37
1737540768, 10, 90, 3071, 3052, 1, 1.17%, 20, 5, 4, 13.76
1737540773, 10, 90, 3077, 3058, 1, 1.17%, 20, 5, 4, 11.74
1737540778, 10, 90, 3082, 3063, 1, 1.17%, 20, 5, 4, 12.88
1737540783, 10, 90, 3089, 3070, 1, 1.17%, 20, 5, 4, 12.31
1737540789, 10, 90, 3096, 3077, 1, 1.17%, 20, 5, 4, 12.13
1737540794, 10, 90, 3102, 3083, 1, 1.17%, 20, 5, 4, 12.20
1737540799, 10, 90, 3109, 3090, 1, 1.17%, 20, 5, 4, 12.13
1737540804, 10, 90, 3115, 3096, 1, 1.17%, 20, 5, 4, 12.31
1737540809, 10, 90, 3122, 3103, 1, 1.17%, 20, 5, 4, 11.67
1737540814, 10, 90, 3128, 3109, 1, 1.17%, 20, 5, 4, 12.22
1737540819, 10, 90, 3135, 3116, 1, 1.17%, 20, 5, 4, 13.22
1737540824, 10, 90, 3143, 3124, 1, 1.17%, 20, 5, 4, 14.31
1737540829, 10, 90, 3150, 3131, 1, 1.17%, 20, 5, 4, 13.51
1737540834, 10, 90, 3159, 3140, 1, 1.17%, 20, 5, 4, 15.33
1737540840, 10, 90, 3166, 3147, 1, 1.17%, 20, 5, 4, 13.98
1737540845, 10, 90, 3173, 3154, 1, 1.17%, 20, 5, 4, 12.55
1737540850, 10, 90, 3180, 3161, 1, 1.17%, 20, 5, 4, 13.66
1737540855, 10, 90, 3187, 3168, 1, 1.17%, 20, 5, 4, 12.85
1737540860, 10, 90, 3193, 3174, 1, 1.17%, 20, 5, 4, 10.86
1737540865, 10, 90, 3199, 3180, 1, 1.17%, 20, 5, 4, 11.28
1737540870, 10, 90, 3205, 3186, 1, 1.17%, 20, 5, 4, 10.76
1737540875, 10, 90, 3213, 3194, 1, 1.17%, 20, 5, 4, 13.25
1737540880, 10, 90, 3219, 3200, 1, 1.17%, 20, 5, 4, 11.92
1737540885, 10, 90, 3227, 3208, 1, 1.17%, 20, 5, 4, 14.02
1737540891, 10, 90, 3234, 3215, 1, 1.17%, 20, 5, 4, 14.12
1737540896, 10, 90, 3242, 3223, 1, 1.17%, 20, 5, 4, 14.08
1737540901, 10, 90, 3247, 3228, 1, 1.17%, 20, 5, 4, 11.31
1737540906, 10, 90, 3253, 3234, 1, 1.17%, 20, 5, 4, 11.29
1737540911, 10, 90, 3259, 3240, 1, 1.17%, 20, 5, 4, 11.37
1737540916, 10, 90, 3266, 3247, 1, 1.17%, 20, 5, 4, 11.59
1737540921, 10, 90, 3272, 3253, 1, 1.17%, 20, 5, 4, 12.28
1737540927, 10, 90, 3280, 3261, 1, 1.17%, 20, 5, 4, 13.74
1737540932, 10, 90, 3286, 3267, 1, 1.17%, 20, 5, 4, 12.09
1737540937, 10, 90, 3293, 3274, 1, 1.17%, 20, 5, 4, 11.95
1737540942, 10, 90, 3301, 3282, 1, 1.17%, 20, 5, 4, 13.90
1737540947, 10, 90, 3308, 3289, 1, 1.17%, 20, 5, 4, 13.41
1737540952, 10, 90, 3315, 3296, 1, 1.17%, 20, 5, 4, 12.76
1737540957, 10, 90, 3322, 3303, 1, 1.17%, 20, 5, 4, 11.37
1737540962, 10, 90, 3330, 3311, 1, 1.17%, 20, 5, 4, 12.88
1737540967, 10, 90, 3336, 3317, 1, 1.17%, 20, 5, 4, 11.99
1737540972, 10, 90, 3344, 3325, 1, 1.17%, 20, 5, 4, 13.14
1737540978, 10, 90, 3351, 3332, 1, 1.17%, 20, 5, 4, 12.83
1737540983, 10, 90, 3357, 3338, 1, 1.17%, 20, 5, 4, 11.66
1737540988, 10, 90, 3362, 3343, 1, 1.17%, 20, 5, 4, 10.53
1737540993, 10, 90, 3370, 3351, 1, 1.17%, 20, 5, 4, 12.55
1737540998, 10, 90, 3376, 3357, 1, 1.17%, 20, 5, 4, 11.40
1737541003, 10, 90, 3383, 3364, 1, 1.17%, 20, 5, 4, 12.42
1737541008, 10, 90, 3390, 3371, 1, 1.17%, 20, 5, 4, 11.98
1737541013, 10, 90, 3396, 3377, 1, 1.17%, 20, 5, 4, 10.76
1737541018, 10, 90, 3403, 3384, 1, 1.17%, 20, 5, 4, 12.92
1737541024, 10, 90, 3410, 3391, 1, 1.17%, 20, 5, 4, 13.36
1737541029, 10, 90, 3417, 3398, 1, 1.17%, 20, 5, 4, 13.16
1737541034, 10, 90, 3423, 3404, 1, 1.17%, 20, 5, 4, 10.76
1737541039, 10, 90, 3430, 3411, 1, 1.17%, 20, 5, 4, 12.27
1737541044, 10, 90, 3436, 3417, 1, 1.17%, 20, 5, 4, 11.21
1737541049, 10, 90, 3443, 3424, 1, 1.17%, 20, 5, 4, 12.29
1737541054, 10, 90, 3451, 3432, 1, 1.17%, 20, 5, 4, 13.07
1737541059, 10, 90, 3456, 3437, 1, 1.17%, 20, 5, 4, 10.46
1737541064, 10, 90, 3463, 3444, 1, 1.17%, 20, 5, 4, 11.99
1737541069, 10, 90, 3470, 3451, 1, 1.17%, 20, 5, 4, 12.37
1737541075, 10, 90, 3477, 3458, 1, 1.17%, 20, 5, 4, 13.08
1737541080, 10, 90, 3485, 3466, 1, 1.17%, 20, 5, 4, 14.10
1737541085, 10, 90, 3491, 3472, 1, 1.17%, 20, 5, 4, 12.13
1737541090, 10, 90, 3497, 3478, 1, 1.17%, 20, 5, 4, 11.48
1737541095, 10, 90, 3503, 3484, 1, 1.17%, 20, 5, 4, 12.02
1737541100, 10, 90, 3510, 3491, 1, 1.17%, 20, 5, 4, 12.56
1737541105, 10, 90, 3516, 3497, 1, 1.17%, 20, 5, 4, 11.09
1737541110, 10, 90, 3524, 3505, 1, 1.17%, 20, 5, 4, 12.51
1737541116, 10, 90, 3531, 3512, 1, 1.17%, 20, 5, 4, 13.24
1737541121, 10, 90, 3538, 3519, 1, 1.17%, 20, 5, 4, 12.27
1737541126, 10, 90, 3545, 3526, 1, 1.17%, 20, 5, 4, 13.21
1737541131, 10, 90, 3551, 3532, 1, 1.17%, 20, 5, 4, 11.94
1737541136, 10, 90, 3557, 3538, 1, 1.17%, 20, 5, 4, 11.12
1737541141, 10, 90, 3565, 3546, 1, 1.17%, 20, 5, 4, 13.20
1737541146, 10, 90, 3571, 3552, 1, 1.17%, 20, 5, 4, 11.47
1737541151, 10, 90, 3578, 3559, 1, 1.17%, 20, 5, 4, 12.10
1737541156, 10, 90, 3585, 3566, 1, 1.17%, 20, 5, 4, 12.04
1737541161, 10, 90, 3592, 3573, 1, 1.17%, 20, 5, 4, 12.21
1737541167, 10, 90, 3597, 3578, 1, 1.17%, 20, 5, 4, 11.07
1737541172, 10, 90, 3604, 3585, 1, 1.17%, 20, 5, 4, 11.11
1737541177, 10, 90, 3611, 3592, 1, 1.17%, 20, 5, 4, 13.36
1737541182, 10, 90, 3619, 3600, 1, 1.17%, 20, 5, 4, 13.10
1737541187, 10, 90, 3625, 3606, 1, 1.17%, 20, 5, 4, 12.00
1737541192, 10, 90, 3633, 3614, 1, 1.17%, 20, 5, 4, 12.07
1737541198, 10, 90, 3639, 3620, 1, 1.17%, 20, 5, 4, 11.31
1737541203, 10, 90, 3645, 3626, 1, 1.17%, 20, 5, 4, 10.84
1737541208, 10, 90, 3652, 3633, 1, 1.17%, 20, 5, 4, 12.09
1737541213, 10, 90, 3658, 3639, 1, 1.17%, 20, 5, 4, 11.28
1737541218, 10, 90, 3666, 3647, 1, 1.17%, 20, 5, 4, 12.71
1737541223, 10, 90, 3673, 3654, 1, 1.17%, 20, 5, 4, 12.54
1737541228, 10, 90, 3680, 3661, 1, 1.17%, 20, 5, 4, 12.85
1737541234, 10, 90, 3686, 3667, 1, 1.17%, 20, 5, 4, 10.91
1737541239, 10, 90, 3693, 3674, 1, 1.17%, 20, 5, 4, 12.39
1737541244, 10, 90, 3699, 3680, 1, 1.17%, 20, 5, 4, 11.13
1737541249, 10, 90, 3706, 3687, 1, 1.17%, 20, 5, 4, 12.92
1737541254, 10, 90, 3713, 3694, 1, 1.17%, 20, 5, 4, 13.01
1737541259, 10, 90, 3719, 3700, 1, 1.17%, 20, 5, 4, 11.69
1737541264, 10, 90, 3727, 3708, 1, 1.17%, 20, 5, 4, 12.78
1737541270, 10, 90, 3733, 3714, 1, 1.17%, 20, 5, 4, 10.77
1737541275, 10, 90, 3739, 3720, 1, 1.17%, 20, 5, 4, 10.14
1737541280, 10, 90, 3745, 3726, 1, 1.17%, 20, 5, 4, 11.60
1737541285, 10, 90, 3752, 3733, 1, 1.17%, 20, 5, 4, 12.52
1737541290, 10, 90, 3760, 3741, 1, 1.17%, 20, 5, 4, 13.15
1737541296, 10, 90, 3766, 3747, 1, 1.17%, 20, 5, 4, 11.25
1737541301, 10, 90, 3772, 3753, 1, 1.17%, 20, 5, 4, 11.53
1737541306, 10, 90, 3778, 3759, 1, 1.17%, 20, 5, 4, 11.37
1737541311, 10, 90, 3786, 3767, 1, 1.17%, 20, 5, 4, 13.05
1737541316, 10, 90, 3793, 3774, 1, 1.17%, 20, 5, 4, 12.86
1737541322, 10, 90, 3798, 3779, 1, 1.17%, 20, 5, 4, 11.28
1737541327, 10, 90, 3806, 3787, 1, 1.17%, 20, 5, 4, 12.71
1737541332, 10, 90, 3812, 3793, 1, 1.17%, 20, 5, 4, 12.56
1737541337, 10, 90, 3819, 3800, 1, 1.17%, 20, 5, 4, 11.57
1737541342, 10, 90, 3825, 3806, 1, 1.17%, 20, 5, 4, 11.32
1737541347, 10, 90, 3833, 3814, 1, 1.17%, 20, 5, 4, 12.70
1737541352, 10, 90, 3840, 3821, 1, 1.17%, 20, 5, 4, 12.78
1737541358, 10, 90, 3846, 3827, 1, 1.17%, 20, 5, 4, 11.22
1737541363, 10, 90, 3854, 3835, 1, 1.17%, 20, 5, 4, 12.51
1737541368, 10, 90, 3860, 3841, 1, 1.17%, 20, 5, 4, 11.54
1737541373, 10, 90, 3867, 3848, 1, 1.17%, 20, 5, 4, 11.93
1737541378, 10, 90, 3874, 3855, 1, 1.17%, 20, 5, 4, 12.84
1737541383, 10, 90, 3881, 3862, 1, 1.17%, 20, 5, 4, 12.23
1737541388, 10, 90, 3888, 3869, 1, 1.17%, 20, 5, 4, 12.51
1737541393, 10, 90, 3896, 3877, 1, 1.17%, 20, 5, 4, 14.48
1737541399, 10, 90, 3904, 3885, 1, 1.17%, 20, 5, 4, 13.38
1737541404, 10, 90, 3911, 3892, 1, 1.17%, 20, 5, 4, 13.47
1737541409, 10, 90, 3919, 3900, 1, 1.17%, 20, 5, 4, 13.25
1737541414, 10, 90, 3925, 3906, 1, 1.17%, 20, 5, 4, 12.16
1737541419, 10, 90, 3932, 3913, 1, 1.17%, 20, 5, 4, 13.25
1737541424, 10, 90, 3939, 3920, 1, 1.17%, 20, 5, 4, 12.47
1737541429, 10, 90, 3946, 3927, 1, 1.17%, 20, 5, 4, 12.68
1737541435, 10, 90, 3952, 3933, 1, 1.17%, 20, 5, 4, 11.53
1737541440, 10, 90, 3959, 3940, 1, 1.17%, 20, 5, 4, 11.15
1737541445, 10, 90, 3965, 3946, 1, 1.17%, 20, 5, 4, 10.13
1737541450, 10, 90, 3972, 3953, 1, 1.17%, 20, 5, 4, 12.75
1737541455, 10, 90, 3979, 3960, 1, 1.17%, 20, 5, 4, 11.65
1737541460, 10, 90, 3985, 3966, 1, 1.17%, 20, 5, 4, 11.99
1737541466, 10, 90, 3992, 3973, 1, 1.17%, 20, 5, 4, 12.21
1737541471, 10, 90, 3999, 3980, 1, 1.17%, 20, 5, 4, 11.69
1737541476, 10, 90, 4006, 3987, 1, 1.17%, 20, 5, 4, 11.63
1737541481, 10, 90, 4011, 3992, 1, 1.17%, 20, 5, 4, 10.79
1737541486, 10, 90, 4018, 3999, 1, 1.17%, 20, 5, 4, 11.98
1737541491, 10, 90, 4024, 4005, 1, 1.17%, 20, 5, 4, 11.73
1737541496, 10, 90, 4031, 4012, 1, 1.17%, 20, 5, 4, 12.99
1737541502, 10, 90, 4038, 4019, 1, 1.17%, 20, 5, 4, 12.55
1737541507, 10, 90, 4044, 4025, 1, 1.17%, 20, 5, 4, 11.26
1737541512, 10, 90, 4051, 4032, 1, 1.17%, 20, 5, 4, 12.21
1737541517, 10, 90, 4057, 4038, 1, 1.17%, 20, 5, 4, 11.55
1737541522, 10, 90, 4065, 4046, 1, 1.17%, 20, 5, 4, 13.04
1737541527, 10, 90, 4072, 4053, 1, 1.17%, 20, 5, 4, 12.86
1737541532, 10, 90, 4080, 4061, 1, 1.17%, 20, 5, 4, 12.84
1737541537, 10, 90, 4086, 4067, 1, 1.17%, 20, 5, 4, 11.50
1737541542, 10, 90, 4092, 4073, 1, 1.17%, 20, 5, 4, 10.84
1737541547, 10, 90, 4098, 4079, 1, 1.17%, 20, 5, 4, 11.46
1737541553, 10, 90, 4105, 4086, 1, 1.17%, 20, 5, 4, 12.21
1737541558, 10, 90, 4113, 4094, 1, 1.17%, 20, 5, 4, 13.50
1737541563, 10, 90, 4119, 4100, 1, 1.17%, 20, 5, 4, 13.27
1737541568, 10, 90, 4127, 4108, 1, 1.17%, 20, 5, 4, 13.72
1737541573, 10, 90, 4135, 4116, 1, 1.17%, 20, 5, 4, 14.01
1737541578, 10, 90, 4142, 4123, 1, 1.17%, 20, 5, 4, 12.29
1737541583, 10, 90, 4149, 4130, 1, 1.17%, 20, 5, 4, 13.24
1737541589, 10, 90, 4156, 4137, 1, 1.17%, 20, 5, 4, 12.40
1737541594, 10, 90, 4162, 4143, 1, 1.17%, 20, 5, 4, 10.85
1737541599, 10, 90, 4169, 4150, 1, 1.17%, 20, 5, 4, 12.65
1737541604, 10, 90, 4177, 4158, 1, 1.17%, 20, 5, 4, 14.31
1737541609, 10, 90, 4185, 4166, 1, 1.17%, 20, 5, 4, 13.11
1737541614, 10, 90, 4192, 4173, 1, 1.17%, 20, 5, 4, 13.14
1737541619, 10, 90, 4199, 4180, 1, 1.17%, 20, 5, 4, 13.44
1737541624, 10, 90, 4207, 4188, 1, 1.17%, 20, 5, 4, 13.24
1737541629, 10, 90, 4215, 4196, 1, 1.17%, 20, 5, 4, 13.33
1737541634, 10, 90, 4221, 4202, 1, 1.17%, 20, 5, 4, 12.43
1737541639, 10, 90, 4229, 4210, 1, 1.17%, 20, 5, 4, 14.52
1737541645, 10, 90, 4237, 4218, 1, 1.17%, 20, 5, 4, 13.53
1737541650, 10, 90, 4243, 4224, 1, 1.17%, 20, 5, 4, 12.27
1737541655, 10, 90, 4251, 4232, 1, 1.17%, 20, 5, 4, 12.34
1737541660, 10, 90, 4257, 4238, 1, 1.17%, 20, 5, 4, 12.06
1737541665, 10, 90, 4265, 4246, 1, 1.17%, 20, 5, 4, 12.70
1737541670, 10, 90, 4271, 4252, 1, 1.17%, 20, 5, 4, 11.36
1737541675, 10, 90, 4277, 4258, 1, 1.17%, 20, 5, 4, 11.85
1737541681, 10, 90, 4285, 4266, 1, 1.17%, 20, 5, 4, 13.62
1737541686, 10, 90, 4292, 4273, 1, 1.17%, 20, 5, 4, 12.53
1737541691, 10, 90, 4298, 4279, 1, 1.17%, 20, 5, 4, 11.67
1737541696, 10, 90, 4307, 4288, 1, 1.17%, 20, 5, 4, 13.61
1737541701, 10, 90, 4313, 4294, 1, 1.17%, 20, 5, 4, 11.54
1737541706, 10, 90, 4319, 4300, 1, 1.17%, 20, 5, 4, 10.81
1737541711, 10, 90, 4326, 4307, 1, 1.17%, 20, 5, 4, 12.54
1737541716, 10, 90, 4333, 4314, 1, 1.17%, 20, 5, 4, 11.42
1737541722, 10, 90, 4340, 4321, 1, 1.17%, 20, 5, 4, 13.06
1737541727, 10, 90, 4348, 4329, 1, 1.17%, 20, 5, 4, 12.94
1737541732, 10, 90, 4355, 4336, 1, 1.17%, 20, 5, 4, 12.93
1737541737, 10, 90, 4362, 4343, 1, 1.17%, 20, 5, 4, 12.19
1737541742, 10, 90, 4369, 4350, 1, 1.17%, 20, 5, 4, 12.67
1737541747, 10, 90, 4377, 4358, 1, 1.17%, 20, 5, 4, 13.72
1737541752, 10, 90, 4384, 4365, 1, 1.17%, 20, 5, 4, 12.67
1737541757, 10, 90, 4391, 4372, 1, 1.17%, 20, 5, 4, 14.12
1737541763, 10, 90, 4399, 4380, 1, 1.17%, 20, 5, 4, 13.57
1737541768, 10, 90, 4405, 4386, 1, 1.17%, 20, 5, 4, 12.17
1737541773, 10, 90, 4412, 4393, 1, 1.17%, 20, 5, 4, 12.49
1737541778, 10, 90, 4418, 4399, 1, 1.17%, 20, 5, 4, 11.87
1737541783, 10, 90, 4425, 4406, 1, 1.17%, 20, 5, 4, 12.28
1737541788, 10, 90, 4433, 4414, 1, 1.17%, 20, 5, 4, 12.83
1737541793, 10, 90, 4440, 4421, 1, 1.17%, 20, 5, 4, 13.17
1737541798, 10, 90, 4447, 4428, 1, 1.17%, 20, 5, 4, 13.67
1737541803, 10, 90, 4454, 4435, 1, 1.17%, 20, 5, 4, 13.05
1737541808, 10, 90, 4461, 4442, 1, 1.17%, 20, 5, 4, 12.48
1737541813, 10, 90, 4467, 4448, 1, 1.17%, 20, 5, 4, 10.96
1737541819, 10, 90, 4474, 4455, 1, 1.17%, 20, 5, 4, 11.40
1737541824, 10, 90, 4480, 4461, 1, 1.17%, 20, 5, 4, 11.65
1737541829, 10, 90, 4487, 4468, 1, 1.17%, 20, 5, 4, 12.61
1737541834, 10, 90, 4494, 4475, 1, 1.17%, 20, 5, 4, 11.77
1737541839, 10, 90, 4500, 4481, 1, 1.17%, 20, 5, 4, 10.83
1737541844, 10, 90, 4507, 4488, 1, 1.17%, 20, 5, 4, 12.54
1737541849, 10, 90, 4514, 4495, 1, 1.17%, 20, 5, 4, 12.74
1737541854, 10, 90, 4521, 4502, 1, 1.17%, 20, 5, 4, 12.67
1737541860, 10, 90, 4528, 4509, 1, 1.17%, 20, 5, 4, 12.35
1737541865, 10, 90, 4535, 4516, 1, 1.17%, 20, 5, 4, 12.32
1737541870, 10, 90, 4542, 4523, 1, 1.17%, 20, 5, 4, 11.86
1737541875, 10, 90, 4549, 4530, 1, 1.17%, 20, 5, 4, 13.21
1737541880, 10, 90, 4556, 4537, 1, 1.17%, 20, 5, 4, 13.05
1737541885, 10, 90, 4563, 4544, 1, 1.17%, 20, 5, 4, 13.27
1737541890, 10, 90, 4570, 4551, 1, 1.17%, 20, 5, 4, 12.52
1737541896, 10, 90, 4577, 4558, 1, 1.17%, 20, 5, 4, 12.28
1737541901, 10, 90, 4584, 4565, 1, 1.17%, 20, 5, 4, 13.07
1737541906, 10, 90, 4591, 4572, 1, 1.17%, 20, 5, 4, 12.60
1737541911, 10, 90, 4598, 4579, 1, 1.17%, 20, 5, 4, 12.33
1737541916, 10, 90, 4605, 4586, 1, 1.17%, 20, 5, 4, 12.43
1737541921, 10, 90, 4614, 4595, 1, 1.17%, 20, 5, 4, 13.36
1737541926, 10, 90, 4620, 4601, 1, 1.17%, 20, 5, 4, 12.03
1737541931, 10, 90, 4627, 4608, 1, 1.17%, 20, 5, 4, 12.74
1737541936, 10, 90, 4635, 4616, 1, 1.17%, 20, 5, 4, 13.13
1737541942, 10, 90, 4642, 4623, 1, 1.17%, 20, 5, 4, 13.57
1737541947, 10, 90, 4650, 4631, 1, 1.17%, 20, 5, 4, 13.67
1737541952, 10, 90, 4657, 4638, 1, 1.17%, 20, 5, 4, 12.68
1737541957, 10, 90, 4664, 4645, 1, 1.17%, 20, 5, 4, 13.08
1737541962, 10, 90, 4672, 4653, 1, 1.17%, 20, 5, 4, 13.34
1737541967, 10, 90, 4679, 4660, 1, 1.17%, 20, 5, 4, 13.21
1737541972, 10, 90, 4686, 4667, 1, 1.17%, 20, 5, 4, 12.71
1737541977, 10, 90, 4692, 4673, 1, 1.17%, 20, 5, 4, 11.36
1737541982, 10, 90, 4697, 4678, 1, 1.17%, 20, 5, 4, 10.35
1737541987, 10, 90, 4705, 4686, 1, 1.17%, 20, 5, 4, 12.15
1737541993, 10, 90, 4711, 4692, 1, 1.17%, 20, 5, 4, 11.83
1737541998, 10, 90, 4718, 4699, 1, 1.17%, 20, 5, 4, 11.95
1737542003, 10, 90, 4725, 4706, 1, 1.17%, 20, 5, 4, 12.04
1737542008, 10, 90, 4733, 4714, 1, 1.17%, 20, 5, 4, 13.07
1737542013, 10, 90, 4739, 4720, 1, 1.17%, 20, 5, 4, 11.77
1737542018, 10, 90, 4746, 4727, 1, 1.17%, 20, 5, 4, 11.87
1737542023, 10, 90, 4752, 4733, 1, 1.17%, 20, 5, 4, 11.04
1737542029, 10, 90, 4759, 4740, 1, 1.17%, 20, 5, 4, 11.88
1737542034, 10, 90, 4766, 4747, 1, 1.17%, 20, 5, 4, 11.44
1737542039, 10, 90, 4772, 4753, 1, 1.17%, 20, 5, 4, 12.03
1737542044, 10, 90, 4779, 4760, 1, 1.17%, 20, 5, 4, 12.91
1737542049, 10, 90, 4787, 4768, 1, 1.17%, 20, 5, 4, 12.56
1737542054, 10, 90, 4795, 4776, 1, 1.17%, 20, 5, 4, 13.65
1737542059, 10, 90, 4801, 4782, 1, 1.17%, 20, 5, 4, 13.03
1737542064, 10, 90, 4809, 4790, 1, 1.17%, 20, 5, 4, 13.05
1737542070, 10, 90, 4816, 4797, 1, 1.17%, 20, 5, 4, 13.02
1737542075, 10, 90, 4823, 4804, 1, 1.17%, 20, 5, 4, 12.58
1737542080, 10, 90, 4830, 4811, 1, 1.17%, 20, 5, 4, 13.51
1737542085, 10, 90, 4837, 4818, 1, 1.17%, 20, 5, 4, 12.48
1737542090, 10, 90, 4844, 4825, 1, 1.17%, 20, 5, 4, 13.41
1737542095, 10, 90, 4850, 4831, 1, 1.17%, 20, 5, 4, 11.10
1737542100, 10, 90, 4857, 4838, 1, 1.17%, 20, 5, 4, 11.77
1737542105, 10, 90, 4864, 4845, 1, 1.17%, 20, 5, 4, 12.65
1737542110, 10, 90, 4871, 4852, 1, 1.17%, 20, 5, 4, 11.85
1737542116, 10, 90, 4877, 4858, 1, 1.17%, 20, 5, 4, 12.24
1737542121, 10, 90, 4883, 4864, 1, 1.17%, 20, 5, 4, 10.74
1737542126, 10, 90, 4890, 4871, 1, 1.17%, 20, 5, 4, 11.87
1737542131, 10, 90, 4897, 4878, 1, 1.17%, 20, 5, 4, 12.19
1737542136, 10, 90, 4904, 4885, 1, 1.17%, 20, 5, 4, 12.31
1737542141, 10, 90, 4909, 4890, 1, 1.17%, 20, 5, 4, 11.02
1737542146, 10, 90, 4916, 4897, 1, 1.17%, 20, 5, 4, 11.94
1737542151, 10, 90, 4923, 4904, 1, 1.17%, 20, 5, 4, 13.50
1737542157, 10, 90, 4930, 4911, 1, 1.17%, 20, 5, 4, 11.97
1737542162, 10, 90, 4937, 4918, 1, 1.17%, 20, 5, 4, 11.95
1737542167, 10, 90, 4944, 4925, 1, 1.17%, 20, 5, 4, 12.20
1737542172, 10, 90, 4951, 4932, 1, 1.17%, 20, 5, 4, 11.95
1737542177, 10, 90, 4957, 4938, 1, 1.17%, 20, 5, 4, 11.67
1737542182, 10, 90, 4964, 4945, 1, 1.17%, 20, 5, 4, 12.85
1737542187, 10, 90, 4970, 4951, 1, 1.17%, 20, 5, 4, 11.80
1737542193, 10, 90, 4977, 4958, 1, 1.17%, 20, 5, 4, 11.39
1737542198, 10, 90, 4984, 4965, 1, 1.17%, 20, 5, 4, 13.96
1737542203, 10, 90, 4992, 4973, 1, 1.17%, 20, 5, 4, 13.28
1737542208, 10, 90, 4997, 4978, 1, 1.17%, 20, 5, 4, 10.84
1737542213, 10, 90, 5003, 4984, 1, 1.17%, 20, 5, 4, 10.82
1737542218, 10, 90, 5010, 4991, 1, 1.17%, 20, 5, 4, 11.55
1737542223, 10, 90, 5016, 4997, 1, 1.17%, 20, 5, 4, 10.77
1737542228, 10, 90, 5023, 5004, 1, 1.17%, 20, 5, 4, 11.95
1737542233, 10, 90, 5029, 5010, 1, 1.17%, 20, 5, 4, 11.79
1737542238, 10, 90, 5036, 5017, 1, 1.17%, 20, 5, 4, 11.47
1737542244, 10, 90, 5042, 5023, 1, 1.17%, 20, 5, 4, 11.71
1737542249, 10, 90, 5048, 5029, 1, 1.17%, 20, 5, 4, 11.02
1737542254, 10, 90, 5055, 5036, 1, 1.17%, 20, 5, 4, 12.62
1737542259, 10, 90, 5061, 5042, 1, 1.17%, 20, 5, 4, 11.70
1737542264, 10, 90, 5067, 5048, 1, 1.17%, 20, 5, 4, 10.36
1737542269, 10, 90, 5073, 5054, 1, 1.17%, 20, 5, 4, 11.29
1737542274, 10, 90, 5079, 5060, 1, 1.17%, 20, 5, 4, 11.52
1737542279, 10, 90, 5086, 5067, 1, 1.17%, 20, 5, 4, 11.20
1737542284, 10, 90, 5093, 5074, 1, 1.17%, 20, 5, 4, 12.39
1737542289, 10, 90, 5100, 5081, 1, 1.17%, 20, 5, 4, 13.66
1737542294, 10, 90, 5107, 5088, 1, 1.17%, 20, 5, 4, 12.21
1737542300, 10, 90, 5113, 5094, 1, 1.17%, 20, 5, 4, 11.31
1737542305, 10, 90, 5120, 5101, 1, 1.17%, 20, 5, 4, 11.82
1737542310, 10, 90, 5126, 5107, 1, 1.17%, 20, 5, 4, 11.06
1737542315, 10, 90, 5133, 5114, 1, 1.17%, 20, 5, 4, 11.18
1737542320, 10, 90, 5138, 5119, 1, 1.17%, 20, 5, 4, 10.31
1737542325, 10, 90, 5144, 5125, 1, 1.17%, 20, 5, 4, 10.58
1737542330, 10, 90, 5151, 5132, 1, 1.17%, 20, 5, 4, 11.25
1737542336, 10, 90, 5158, 5139, 1, 1.17%, 20, 5, 4, 12.71
1737542341, 10, 90, 5166, 5147, 1, 1.17%, 20, 5, 4, 12.83
1737542346, 10, 90, 5172, 5153, 1, 1.17%, 20, 5, 4, 11.81
1737542351, 10, 90, 5179, 5160, 1, 1.17%, 20, 5, 4, 11.30
1737542356, 10, 90, 5185, 5166, 1, 1.17%, 20, 5, 4, 11.45
1737542361, 10, 90, 5193, 5174, 1, 1.17%, 20, 5, 4, 12.33
1737542367, 10, 90, 5199, 5180, 1, 1.17%, 20, 5, 4, 12.12
1737542372, 10, 90, 5206, 5187, 1, 1.17%, 20, 5, 4, 11.89
1737542377, 10, 90, 5215, 5196, 1, 1.17%, 20, 5, 4, 13.52
1737542382, 10, 90, 5220, 5201, 1, 1.17%, 20, 5, 4, 11.23
1737542387, 10, 90, 5227, 5208, 1, 1.17%, 20, 5, 4, 11.88
1737542392, 10, 90, 5233, 5214, 1, 1.17%, 20, 5, 4, 10.70
1737542397, 10, 90, 5240, 5221, 1, 1.17%, 20, 5, 4, 11.55
1737542402, 10, 90, 5245, 5226, 1, 1.17%, 20, 5, 4, 10.91
1737542408, 10, 90, 5252, 5233, 1, 1.17%, 20, 5, 4, 11.08
1737542413, 10, 90, 5258, 5239, 1, 1.17%, 20, 5, 4, 11.81
1737542418, 10, 90, 5264, 5245, 1, 1.17%, 20, 5, 4, 10.55
1737542423, 10, 90, 5270, 5251, 1, 1.17%, 20, 5, 4, 11.37
1737542428, 10, 90, 5278, 5259, 1, 1.17%, 20, 5, 4, 11.82
1737542433, 10, 90, 5285, 5266, 1, 1.17%, 20, 5, 4, 12.53
1737542438, 10, 90, 5292, 5273, 1, 1.17%, 20, 5, 4, 13.07
1737542443, 10, 90, 5298, 5279, 1, 1.17%, 20, 5, 4, 11.61
1737542449, 10, 90, 5304, 5285, 1, 1.17%, 20, 5, 4, 10.35
1737542454, 10, 90, 5311, 5292, 1, 1.17%, 20, 5, 4, 11.66
1737542459, 10, 90, 5317, 5298, 1, 1.17%, 20, 5, 4, 11.12
1737542464, 10, 90, 5323, 5304, 1, 1.17%, 20, 5, 4, 12.02
1737542469, 10, 90, 5331, 5312, 1, 1.17%, 20, 5, 4, 12.39
1737542474, 10, 90, 5337, 5318, 1, 1.17%, 20, 5, 4, 11.67
1737542479, 10, 90, 5344, 5325, 1, 1.17%, 20, 5, 4, 11.92
1737542484, 10, 90, 5350, 5331, 1, 1.17%, 20, 5, 4, 11.96
1737542490, 10, 90, 5357, 5338, 1, 1.17%, 20, 5, 4, 11.50
1737542495, 10, 90, 5365, 5346, 1, 1.17%, 20, 5, 4, 12.90
1737542500, 10, 90, 5372, 5353, 1, 1.17%, 20, 5, 4, 13.16
1737542505, 10, 90, 5380, 5361, 1, 1.17%, 20, 5, 4, 13.76
1737542510, 10, 90, 5386, 5367, 1, 1.17%, 20, 5, 4, 12.29
1737542516, 10, 90, 5392, 5373, 1, 1.17%, 20, 5, 4, 11.07
1737542521, 10, 90, 5399, 5380, 1, 1.17%, 20, 5, 4, 11.60
1737542526, 10, 90, 5406, 5387, 1, 1.17%, 20, 5, 4, 11.80
1737542531, 10, 90, 5413, 5394, 1, 1.17%, 20, 5, 4, 11.52
1737542536, 10, 90, 5419, 5400, 1, 1.17%, 20, 5, 4, 11.35
1737542541, 10, 90, 5426, 5407, 1, 1.17%, 20, 5, 4, 11.14
1737542546, 10, 90, 5433, 5414, 1, 1.17%, 20, 5, 4, 13.06
1737542552, 10, 90, 5440, 5421, 1, 1.17%, 20, 5, 4, 11.90
1737542557, 10, 90, 5447, 5428, 1, 1.17%, 20, 5, 4, 13.00
1737542562, 10, 90, 5453, 5434, 1, 1.17%, 20, 5, 4, 11.60
1737542567, 10, 90, 5460, 5441, 1, 1.17%, 20, 5, 4, 12.50
1737542572, 10, 90, 5467, 5448, 1, 1.17%, 20, 5, 4, 11.49
1737542577, 10, 90, 5474, 5455, 1, 1.17%, 20, 5, 4, 12.18
1737542582, 10, 90, 5481, 5462, 1, 1.17%, 20, 5, 4, 12.73
1737542587, 10, 90, 5489, 5470, 1, 1.17%, 20, 5, 4, 15.11
1737542593, 10, 90, 5496, 5477, 1, 1.17%, 20, 5, 4, 13.29
1737542598, 10, 90, 5504, 5485, 1, 1.17%, 20, 5, 4, 13.05
1737542603, 10, 90, 5511, 5492, 1, 1.17%, 20, 5, 4, 12.90
1737542608, 10, 90, 5519, 5500, 1, 1.17%, 20, 5, 4, 12.83
1737542613, 10, 90, 5525, 5506, 1, 1.17%, 20, 5, 4, 12.00
1737542618, 10, 90, 5533, 5514, 1, 1.17%, 20, 5, 4, 12.87
1737542624, 10, 90, 5539, 5520, 1, 1.17%, 20, 5, 4, 12.30
1737542629, 10, 90, 5546, 5527, 1, 1.17%, 20, 5, 4, 12.31
1737542634, 10, 90, 5553, 5534, 1, 1.17%, 20, 5, 4, 12.48
1737542639, 10, 90, 5560, 5541, 1, 1.17%, 20, 5, 4, 12.42
1737542644, 10, 90, 5568, 5549, 1, 1.17%, 20, 5, 4, 13.37
1737542649, 10, 90, 5574, 5555, 1, 1.17%, 20, 5, 4, 12.75
1737542655, 10, 90, 5583, 5564, 1, 1.17%, 20, 5, 4, 14.13
1737542660, 10, 90, 5590, 5571, 1, 1.17%, 20, 5, 4, 13.49
1737542665, 10, 90, 5597, 5578, 1, 1.17%, 20, 5, 4, 13.30
1737542670, 10, 90, 5604, 5585, 1, 1.17%, 20, 5, 4, 11.77
1737542675, 10, 90, 5611, 5592, 1, 1.17%, 20, 5, 4, 13.13
1737542680, 10, 90, 5617, 5598, 1, 1.17%, 20, 5, 4, 11.97
1737542685, 10, 90, 5625, 5606, 1, 1.17%, 20, 5, 4, 12.67
1737542690, 10, 90, 5630, 5611, 1, 1.17%, 20, 5, 4, 10.10
1737542696, 10, 90, 5636, 5617, 1, 1.17%, 20, 5, 4, 10.98
1737542701, 10, 90, 5643, 5624, 1, 1.17%, 20, 5, 4, 13.39
1737542706, 10, 90, 5650, 5631, 1, 1.17%, 20, 5, 4, 12.30
1737542711, 10, 90, 5656, 5637, 1, 1.17%, 20, 5, 4, 12.01
1737542716, 10, 90, 5663, 5644, 1, 1.17%, 20, 5, 4, 12.05
1737542721, 10, 90, 5669, 5650, 1, 1.17%, 20, 5, 4, 11.79
1737542726, 10, 90, 5676, 5657, 1, 1.17%, 20, 5, 4, 11.81
1737542731, 10, 90, 5683, 5664, 1, 1.17%, 20, 5, 4, 13.10
1737542736, 10, 90, 5690, 5671, 1, 1.17%, 20, 5, 4, 12.83
1737542741, 10, 90, 5696, 5677, 1, 1.17%, 20, 5, 4, 11.77
1737542747, 10, 90, 5702, 5683, 1, 1.17%, 20, 5, 4, 10.68
1737542752, 10, 90, 5709, 5690, 1, 1.17%, 20, 5, 4, 12.19
1737542757, 10, 90, 5716, 5697, 1, 1.17%, 20, 5, 4, 12.22
1737542762, 10, 90, 5723, 5704, 1, 1.17%, 20, 5, 4, 11.49
1737542767, 10, 90, 5730, 5711, 1, 1.17%, 20, 5, 4, 12.52
1737542772, 10, 90, 5737, 5718, 1, 1.17%, 20, 5, 4, 12.34
1737542777, 10, 90, 5744, 5725, 1, 1.17%, 20, 5, 4, 12.64
1737542782, 10, 90, 5749, 5730, 1, 1.17%, 20, 5, 4, 11.03
1737542787, 10, 90, 5756, 5737, 1, 1.17%, 20, 5, 4, 12.48
1737542793, 10, 90, 5764, 5745, 1, 1.17%, 20, 5, 4, 12.78
1737542798, 10, 90, 5771, 5752, 1, 1.17%, 20, 5, 4, 13.80
1737542803, 10, 90, 5779, 5760, 1, 1.17%, 20, 5, 4, 13.59
1737542808, 10, 90, 5785, 5766, 1, 1.17%, 20, 5, 4, 11.80
1737542813, 10, 90, 5792, 5773, 1, 1.17%, 20, 5, 4, 12.40
1737542818, 10, 90, 5798, 5779, 1, 1.17%, 20, 5, 4, 11.80
1737542823, 10, 90, 5805, 5786, 1, 1.17%, 20, 5, 4, 12.80
1737542828, 10, 90, 5811, 5792, 1, 1.17%, 20, 5, 4, 11.03
1737542833, 10, 90, 5818, 5799, 1, 1.17%, 20, 5, 4, 12.28
1737542838, 10, 90, 5825, 5806, 1, 1.17%, 20, 5, 4, 13.09
1737542844, 10, 90, 5831, 5812, 1, 1.17%, 20, 5, 4, 11.29
1737542849, 10, 90, 5838, 5819, 1, 1.17%, 20, 5, 4, 11.43
1737542854, 10, 90, 5845, 5826, 1, 1.17%, 20, 5, 4, 13.58
1737542859, 10, 90, 5851, 5832, 1, 1.17%, 20, 5, 4, 11.39
1737542864, 10, 90, 5859, 5840, 1, 1.17%, 20, 5, 4, 13.56
1737542869, 10, 90, 5867, 5848, 1, 1.17%, 20, 5, 4, 12.93
1737542874, 10, 90, 5874, 5855, 1, 1.17%, 20, 5, 4, 13.56
1737542880, 10, 90, 5880, 5861, 1, 1.17%, 20, 5, 4, 11.23
1737542885, 10, 90, 5888, 5869, 1, 1.17%, 20, 5, 4, 12.74
1737542890, 10, 90, 5893, 5874, 1, 1.17%, 20, 5, 4, 10.76
1737542895, 10, 90, 5900, 5881, 1, 1.17%, 20, 5, 4, 11.41
1737542900, 10, 90, 5906, 5887, 1, 1.17%, 20, 5, 4, 11.44
1737542905, 10, 90, 5914, 5895, 1, 1.17%, 20, 5, 4, 13.77
1737542910, 10, 90, 5920, 5901, 1, 1.17%, 20, 5, 4, 12.85
1737542915, 10, 90, 5927, 5908, 1, 1.17%, 20, 5, 4, 11.78
1737542920, 10, 90, 5934, 5915, 1, 1.17%, 20, 5, 4, 12.02
1737542926, 10, 90, 5940, 5921, 1, 1.17%, 20, 5, 4, 10.91
1737542931, 10, 90, 5947, 5928, 1, 1.17%, 20, 5, 4, 11.95
1737542936, 10, 90, 5953, 5934, 1, 1.17%, 20, 5, 4, 11.08
1737542941, 10, 90, 5960, 5941, 1, 1.17%, 20, 5, 4, 10.78
1737542946, 10, 90, 5966, 5947, 1, 1.17%, 20, 5, 4, 11.59
1737542951, 10, 90, 5973, 5954, 1, 1.17%, 20, 5, 4, 12.45
1737542956, 10, 90, 5980, 5961, 1, 1.17%, 20, 5, 4, 12.04
1737542961, 10, 90, 5987, 5968, 1, 1.17%, 20, 5, 4, 12.01
1737542967, 10, 90, 5995, 5976, 1, 1.17%, 20, 5, 4, 13.08
1737542972, 10, 90, 6001, 5982, 1, 1.17%, 20, 5, 4, 12.18
1737542977, 10, 90, 6008, 5989, 1, 1.17%, 20, 5, 4, 12.54
1737542982, 10, 90, 6015, 5996, 1, 1.17%, 20, 5, 4, 12.28
1737542987, 10, 90, 6021, 6002, 1, 1.17%, 20, 5, 4, 11.57
1737542992, 10, 90, 6029, 6010, 1, 1.17%, 20, 5, 4, 12.59
1737542997, 10, 90, 6036, 6017, 1, 1.17%, 20, 5, 4, 13.28
1737543002, 10, 90, 6043, 6024, 1, 1.17%, 20, 5, 4, 12.50
1737543007, 10, 90, 6050, 6031, 1, 1.17%, 20, 5, 4, 12.59
1737543012, 10, 90, 6056, 6037, 1, 1.17%, 20, 5, 4, 12.05
1737543018, 10, 90, 6063, 6044, 1, 1.17%, 20, 5, 4, 12.58
1737543023, 10, 90, 6070, 6051, 1, 1.17%, 20, 5, 4, 11.45
1737543028, 10, 90, 6076, 6057, 1, 1.17%, 20, 5, 4, 11.85
1737543033, 10, 90, 6085, 6066, 1, 1.17%, 20, 5, 4, 15.43
1737543038, 10, 90, 6092, 6073, 1, 1.17%, 20, 5, 4, 13.28
1737543043, 10, 90, 6100, 6081, 1, 1.17%, 20, 5, 4, 13.56
1737543048, 10, 90, 6107, 6088, 1, 1.17%, 20, 5, 4, 13.10
1737543053, 10, 90, 6114, 6095, 1, 1.17%, 20, 5, 4, 13.09
1737543058, 10, 90, 6120, 6101, 1, 1.17%, 20, 5, 4, 12.36
1737543064, 10, 90, 6127, 6108, 1, 1.17%, 20, 5, 4, 12.47
1737543069, 10, 90, 6134, 6115, 1, 1.17%, 20, 5, 4, 11.64
1737543074, 10, 90, 6143, 6124, 1, 1.17%, 20, 5, 4, 14.42
1737543079, 10, 90, 6150, 6131, 1, 1.17%, 20, 5, 4, 13.61
1737543084, 10, 90, 6156, 6137, 1, 1.17%, 20, 5, 4, 13.51
1737543089, 10, 90, 6163, 6144, 1, 1.17%, 20, 5, 4, 12.62
1737543094, 10, 90, 6170, 6151, 1, 1.17%, 20, 5, 4, 13.51
1737543100, 10, 90, 6179, 6160, 1, 1.17%, 20, 5, 4, 14.48
1737543105, 10, 90, 6187, 6168, 1, 1.17%, 20, 5, 4, 14.52
1737543110, 10, 90, 6192, 6173, 1, 1.17%, 20, 5, 4, 11.52
1737543115, 10, 90, 6199, 6180, 1, 1.17%, 20, 5, 4, 11.50
1737543120, 10, 90, 6206, 6187, 1, 1.17%, 20, 5, 4, 10.99
1737543125, 10, 90, 6212, 6193, 1, 1.17%, 20, 5, 4, 11.69
1737543131, 10, 90, 6219, 6200, 1, 1.17%, 20, 5, 4, 12.55
1737543136, 10, 90, 6226, 6207, 1, 1.17%, 20, 5, 4, 12.05
1737543141, 10, 90, 6234, 6215, 1, 1.17%, 20, 5, 4, 13.29
1737543146, 10, 90, 6241, 6222, 1, 1.17%, 20, 5, 4, 12.82
1737543151, 10, 90, 6247, 6228, 1, 1.17%, 20, 5, 4, 11.58
1737543156, 10, 90, 6254, 6235, 1, 1.17%, 20, 5, 4, 11.36
1737543161, 10, 90, 6262, 6243, 1, 1.17%, 20, 5, 4, 13.89
1737543166, 10, 90, 6269, 6250, 1, 1.17%, 20, 5, 4, 12.51
1737543171, 10, 90, 6276, 6257, 1, 1.17%, 20, 5, 4, 13.49
1737543177, 10, 90, 6283, 6264, 1, 1.17%, 20, 5, 4, 12.29
1737543182, 10, 90, 6290, 6271, 1, 1.17%, 20, 5, 4, 12.52
1737543187, 10, 90, 6297, 6278, 1, 1.17%, 20, 5, 4, 12.64
1737543192, 10, 90, 6303, 6284, 1, 1.17%, 20, 5, 4, 11.40
1737543197, 10, 90, 6312, 6293, 1, 1.17%, 20, 5, 4, 14.57
1737543202, 10, 90, 6319, 6300, 1, 1.17%, 20, 5, 4, 12.94
1737543207, 10, 90, 6325, 6306, 1, 1.17%, 20, 5, 4, 12.42
1737543212, 10, 90, 6332, 6313, 1, 1.17%, 20, 5, 4, 12.94
1737543217, 10, 90, 6339, 6320, 1, 1.17%, 20, 5, 4, 11.68
1737543222, 10, 90, 6346, 6327, 1, 1.17%, 20, 5, 4, 11.84
1737543228, 10, 90, 6352, 6333, 1, 1.17%, 20, 5, 4, 13.08
1737543233, 10, 90, 6359, 6340, 1, 1.17%, 20, 5, 4, 12.69
1737543238, 10, 90, 6365, 6346, 1, 1.17%, 20, 5, 4, 11.36
1737543243, 10, 90, 6370, 6351, 1, 1.17%, 20, 5, 4, 10.38
1737543248, 10, 90, 6377, 6358, 1, 1.17%, 20, 5, 4, 10.94
1737543253, 10, 90, 6385, 6366, 1, 1.17%, 20, 5, 4, 13.29
1737543258, 10, 90, 6392, 6373, 1, 1.17%, 20, 5, 4, 13.22
1737543263, 10, 90, 6398, 6379, 1, 1.17%, 20, 5, 4, 11.22
1737543268, 10, 90, 6404, 6385, 1, 1.17%, 20, 5, 4, 10.31
1737543273, 10, 90, 6410, 6391, 1, 1.17%, 20, 5, 4, 10.34
1737543279, 10, 90, 6416, 6397, 1, 1.17%, 20, 5, 4, 10.60
1737543284, 10, 90, 6424, 6405, 1, 1.17%, 20, 5, 4, 12.98
1737543289, 10, 90, 6431, 6412, 1, 1.17%, 20, 5, 4, 13.27
1737543294, 10, 90, 6438, 6419, 1, 1.17%, 20, 5, 4, 12.44
1737543299, 10, 90, 6442, 6423, 1, 1.17%, 20, 5, 4, 11.12
1737543305, 10, 90, 6447, 6428, 1, 1.17%, 20, 5, 4, 11.50
1737543310, 10, 90, 6455, 6436, 1, 1.17%, 20, 5, 4, 12.46
1737543315, 10, 90, 6462, 6443, 1, 1.17%, 20, 5, 4, 12.29
1737543320, 10, 90, 6470, 6451, 1, 1.17%, 20, 5, 4, 13.81
1737543325, 10, 90, 6477, 6458, 1, 1.17%, 20, 5, 4, 13.06
1737543331, 10, 90, 6484, 6465, 1, 1.17%, 20, 5, 4, 12.84
1737543336, 10, 90, 6492, 6473, 1, 1.17%, 20, 5, 4, 13.63
1737543341, 10, 90, 6498, 6479, 1, 1.17%, 20, 5, 4, 11.75
1737543346, 10, 90, 6506, 6487, 1, 1.17%, 20, 5, 4, 13.05
1737543351, 10, 90, 6512, 6493, 1, 1.17%, 20, 5, 4, 11.90
1737543356, 10, 90, 6519, 6500, 1, 1.17%, 20, 5, 4, 11.83
1737543361, 10, 90, 6526, 6507, 1, 1.17%, 20, 5, 4, 12.08
1737543366, 10, 90, 6534, 6515, 1, 1.17%, 20, 5, 4, 13.37
1737543371, 10, 90, 6541, 6522, 1, 1.17%, 20, 5, 4, 12.77
1737543377, 10, 90, 6548, 6529, 1, 1.17%, 20, 5, 4, 12.11
1737543382, 10, 90, 6554, 6535, 1, 1.17%, 20, 5, 4, 11.48
1737543387, 10, 90, 6561, 6542, 1, 1.17%, 20, 5, 4, 11.20
1737543392, 10, 90, 6567, 6548, 1, 1.17%, 20, 5, 4, 12.23
1737543397, 10, 90, 6574, 6555, 1, 1.17%, 20, 5, 4, 12.07
1737543402, 10, 90, 6580, 6561, 1, 1.17%, 20, 5, 4, 11.83
1737543407, 10, 90, 6588, 6569, 1, 1.17%, 20, 5, 4, 12.80
1737543412, 10, 90, 6596, 6577, 1, 1.17%, 20, 5, 4, 13.53
1737543418, 10, 90, 6603, 6584, 1, 1.17%, 20, 5, 4, 12.56
1737543423, 10, 90, 6609, 6590, 1, 1.17%, 20, 5, 4, 11.91
1737543428, 10, 90, 6617, 6598, 1, 1.17%, 20, 5, 4, 13.07
1737543433, 10, 90, 6623, 6604, 1, 1.17%, 20, 5, 4, 12.79
1737543438, 10, 90, 6631, 6612, 1, 1.17%, 20, 5, 4, 13.47
1737543443, 10, 90, 6638, 6619, 1, 1.17%, 20, 5, 4, 12.64
1737543449, 10, 90, 6645, 6626, 1, 1.17%, 20, 5, 4, 12.52
1737543454, 10, 90, 6652, 6633, 1, 1.17%, 20, 5, 4, 13.04
1737543459, 10, 90, 6659, 6640, 1, 1.17%, 20, 5, 4, 12.45
1737543464, 10, 90, 6665, 6646, 1, 1.17%, 20, 5, 4, 11.63
1737543469, 10, 90, 6671, 6652, 1, 1.17%, 20, 5, 4, 10.83
1737543474, 10, 90, 6678, 6659, 1, 1.17%, 20, 5, 4, 11.18
1737543479, 10, 90, 6686, 6667, 1, 1.17%, 20, 5, 4, 13.86
1737543485, 10, 90, 6692, 6673, 1, 1.17%, 20, 5, 4, 12.05
1737543490, 10, 90, 6701, 6682, 1, 1.17%, 20, 5, 4, 13.86
1737543495, 10, 90, 6707, 6688, 1, 1.17%, 20, 5, 4, 12.75
1737543500, 10, 90, 6714, 6695, 1, 1.17%, 20, 5, 4, 12.59
1737543505, 10, 90, 6721, 6702, 1, 1.17%, 20, 5, 4, 12.67
1737543510, 10, 90, 6728, 6709, 1, 1.17%, 20, 5, 4, 12.35
1737543515, 10, 90, 6735, 6716, 1, 1.17%, 20, 5, 4, 12.46
1737543521, 10, 90, 6742, 6723, 1, 1.17%, 20, 5, 4, 12.28
1737543526, 10, 90, 6748, 6729, 1, 1.17%, 20, 5, 4, 11.49
1737543531, 10, 90, 6756, 6737, 1, 1.17%, 20, 5, 4, 13.77
1737543536, 10, 90, 6763, 6744, 1, 1.17%, 20, 5, 4, 13.64
1737543541, 10, 90, 6770, 6751, 1, 1.17%, 20, 5, 4, 12.67
1737543546, 10, 90, 6776, 6757, 1, 1.17%, 20, 5, 4, 11.23
1737543551, 10, 90, 6782, 6763, 1, 1.17%, 20, 5, 4, 11.11
1737543556, 10, 90, 6789, 6770, 1, 1.17%, 20, 5, 4, 12.67
1737543561, 10, 90, 6796, 6777, 1, 1.17%, 20, 5, 4, 12.18
1737543567, 10, 90, 6802, 6783, 1, 1.17%, 20, 5, 4, 10.69
1737543572, 10, 90, 6809, 6790, 1, 1.17%, 20, 5, 4, 11.20
1737543577, 10, 90, 6816, 6797, 1, 1.17%, 20, 5, 4, 12.66
1737543582, 10, 90, 6823, 6804, 1, 1.17%, 20, 5, 4, 12.29
1737543587, 10, 90, 6829, 6810, 1, 1.17%, 20, 5, 4, 11.13
1737543592, 10, 90, 6836, 6817, 1, 1.17%, 20, 5, 4, 11.95
1737543597, 10, 90, 6842, 6823, 1, 1.17%, 20, 5, 4, 11.35
1737543602, 10, 90, 6849, 6830, 1, 1.17%, 20, 5, 4, 12.93
1737543608, 10, 90, 6857, 6838, 1, 1.17%, 20, 5, 4, 13.60
1737543613, 10, 90, 6863, 6844, 1, 1.17%, 20, 5, 4, 11.23
1737543618, 10, 90, 6869, 6850, 1, 1.17%, 20, 5, 4, 11.41
1737543623, 10, 90, 6877, 6858, 1, 1.17%, 20, 5, 4, 12.64
1737543628, 10, 90, 6884, 6865, 1, 1.17%, 20, 5, 4, 11.75
1737543633, 10, 90, 6890, 6871, 1, 1.17%, 20, 5, 4, 12.17
1737543638, 10, 90, 6898, 6879, 1, 1.17%, 20, 5, 4, 13.98
1737543643, 10, 90, 6904, 6885, 1, 1.17%, 20, 5, 4, 12.10
1737543648, 10, 90, 6911, 6892, 1, 1.17%, 20, 5, 4, 11.25
1737543654, 10, 90, 6918, 6899, 1, 1.17%, 20, 5, 4, 12.51
1737543659, 10, 90, 6925, 6906, 1, 1.17%, 20, 5, 4, 11.87
1737543664, 10, 90, 6932, 6913, 1, 1.17%, 20, 5, 4, 13.32
1737543669, 10, 90, 6939, 6920, 1, 1.17%, 20, 5, 4, 13.27
1737543674, 10, 90, 6947, 6928, 1, 1.17%, 20, 5, 4, 13.47
1737543680, 10, 90, 6955, 6936, 1, 1.17%, 20, 5, 4, 13.60
1737543685, 10, 90, 6962, 6943, 1, 1.17%, 20, 5, 4, 12.71
1737543690, 10, 90, 6969, 6950, 1, 1.17%, 20, 5, 4, 12.39
1737543695, 10, 90, 6975, 6956, 1, 1.17%, 20, 5, 4, 11.71
1737543700, 10, 90, 6982, 6963, 1, 1.17%, 20, 5, 4, 11.79
1737543705, 10, 90, 6989, 6970, 1, 1.17%, 20, 5, 4, 13.43
1737543710, 10, 90, 6998, 6979, 1, 1.17%, 20, 5, 4, 14.60
1737543716, 10, 90, 7005, 6986, 1, 1.17%, 20, 5, 4, 13.79
1737543721, 10, 90, 7013, 6994, 1, 1.17%, 20, 5, 4, 13.82
1737543726, 10, 90, 7019, 7000, 1, 1.17%, 20, 5, 4, 11.22
1737543731, 10, 90, 7026, 7007, 1, 1.17%, 20, 5, 4, 13.02
1737543736, 10, 90, 7034, 7015, 1, 1.17%, 20, 5, 4, 13.15
1737543741, 10, 90, 7041, 7022, 1, 1.17%, 20, 5, 4, 13.19
1737543746, 10, 90, 7048, 7029, 1, 1.17%, 20, 5, 4, 12.85
1737543751, 10, 90, 7054, 7035, 1, 1.17%, 20, 5, 4, 12.56
1737543757, 10, 90, 7060, 7041, 1, 1.17%, 20, 5, 4, 11.00
1737543762, 10, 90, 7068, 7049, 1, 1.17%, 20, 5, 4, 11.99
1737543767, 10, 90, 7075, 7056, 1, 1.17%, 20, 5, 4, 12.23
1737543772, 10, 90, 7081, 7062, 1, 1.17%, 20, 5, 4, 11.75
1737543777, 10, 90, 7089, 7070, 1, 1.17%, 20, 5, 4, 13.33
1737543782, 10, 90, 7096, 7077, 1, 1.17%, 20, 5, 4, 12.74
1737543787, 10, 90, 7102, 7083, 1, 1.17%, 20, 5, 4, 11.99
1737543792, 10, 90, 7109, 7090, 1, 1.17%, 20, 5, 4, 12.71
1737543797, 10, 90, 7116, 7097, 1, 1.17%, 20, 5, 4, 12.74
1737543802, 10, 90, 7123, 7104, 1, 1.17%, 20, 5, 4, 11.69
1737543807, 10, 90, 7129, 7110, 1, 1.17%, 20, 5, 4, 11.26
1737543813, 10, 90, 7136, 7117, 1, 1.17%, 20, 5, 4, 12.20
1737543818, 10, 90, 7143, 7124, 1, 1.17%, 20, 5, 4, 13.12
1737543823, 10, 90, 7149, 7130, 1, 1.17%, 20, 5, 4, 11.60
1737543828, 10, 90, 7157, 7138, 1, 1.17%, 20, 5, 4, 13.06
1737543833, 10, 90, 7163, 7144, 1, 1.17%, 20, 5, 4, 11.29
1737543838, 10, 90, 7170, 7151, 1, 1.17%, 20, 5, 4, 12.67
1737543843, 10, 90, 7178, 7159, 1, 1.17%, 20, 5, 4, 14.41
1737543848, 10, 90, 7184, 7165, 1, 1.17%, 20, 5, 4, 12.51
1737543854, 10, 90, 7192, 7173, 1, 1.17%, 20, 5, 4, 13.01
1737543859, 10, 90, 7199, 7180, 1, 1.17%, 20, 5, 4, 13.37
1737543864, 10, 90, 7205, 7186, 1, 1.17%, 20, 5, 4, 12.03
1737543869, 10, 90, 7212, 7193, 1, 1.17%, 20, 5, 4, 12.02
1737543874, 10, 90, 7220, 7201, 1, 1.17%, 20, 5, 4, 13.06
1737543879, 10, 90, 7226, 7207, 1, 1.17%, 20, 5, 4, 11.79
1737543885, 10, 90, 7234, 7215, 1, 1.17%, 20, 5, 4, 13.40
1737543890, 10, 90, 7241, 7222, 1, 1.17%, 20, 5, 4, 12.98
1737543895, 10, 90, 7248, 7229, 1, 1.17%, 20, 5, 4, 14.15
1737543900, 10, 90, 7256, 7237, 1, 1.17%, 20, 5, 4, 13.89
1737543905, 10, 90, 7263, 7244, 1, 1.17%, 20, 5, 4, 12.73
1737543910, 10, 90, 7270, 7251, 1, 1.17%, 20, 5, 4, 12.48
1737543915, 10, 90, 7277, 7258, 1, 1.17%, 20, 5, 4, 12.88
1737543920, 10, 90, 7285, 7266, 1, 1.17%, 20, 5, 4, 13.95
1737543926, 10, 90, 7292, 7273, 1, 1.17%, 20, 5, 4, 12.19
1737543931, 10, 90, 7300, 7281, 1, 1.17%, 20, 5, 4, 13.22
1737543936, 10, 90, 7306, 7287, 1, 1.17%, 20, 5, 4, 12.03
1737543941, 10, 90, 7314, 7295, 1, 1.17%, 20, 5, 4, 13.90
1737543946, 10, 90, 7321, 7302, 1, 1.17%, 20, 5, 4, 12.99
1737543951, 10, 90, 7328, 7309, 1, 1.17%, 20, 5, 4, 12.71
1737543956, 10, 90, 7335, 7316, 1, 1.17%, 20, 5, 4, 12.13
1737543962, 10, 90, 7342, 7323, 1, 1.17%, 20, 5, 4, 12.12
1737543967, 10, 90, 7348, 7329, 1, 1.17%, 20, 5, 4, 11.47
1737543972, 10, 90, 7353, 7334, 1, 1.17%, 20, 5, 4, 11.05
1737543977, 10, 90, 7360, 7341, 1, 1.17%, 20, 5, 4, 11.40
1737543982, 10, 90, 7366, 7347, 1, 1.17%, 20, 5, 4, 11.59
1737543987, 10, 90, 7373, 7354, 1, 1.17%, 20, 5, 4, 12.03
1737543992, 10, 90, 7379, 7360, 1, 1.17%, 20, 5, 4, 12.52
1737543997, 10, 90, 7386, 7367, 1, 1.17%, 20, 5, 4, 11.95
1737544003, 10, 90, 7393, 7374, 1, 1.17%, 20, 5, 4, 12.19
1737544008, 10, 90, 7401, 7382, 1, 1.17%, 20, 5, 4, 13.40
1737544013, 10, 90, 7408, 7389, 1, 1.17%, 20, 5, 4, 11.69
1737544018, 10, 90, 7415, 7396, 1, 1.17%, 20, 5, 4, 11.88
1737544023, 10, 90, 7421, 7402, 1, 1.17%, 20, 5, 4, 10.52
1737544028, 10, 90, 7428, 7409, 1, 1.17%, 20, 5, 4, 12.95
1737544033, 10, 90, 7435, 7416, 1, 1.17%, 20, 5, 4, 13.14
1737544038, 10, 90, 7441, 7422, 1, 1.17%, 20, 5, 4, 11.36
1737544043, 10, 90, 7448, 7429, 1, 1.17%, 20, 5, 4, 11.85
1737544048, 10, 90, 7454, 7435, 1, 1.17%, 20, 5, 4, 11.24
1737544054, 10, 90, 7460, 7441, 1, 1.17%, 20, 5, 4, 10.87
1737544059, 10, 90, 7466, 7447, 1, 1.17%, 20, 5, 4, 10.31
1737544064, 10, 90, 7472, 7453, 1, 1.17%, 20, 5, 4, 11.00
1737544069, 10, 90, 7479, 7460, 1, 1.17%, 20, 5, 4, 12.17
1737544074, 10, 90, 7485, 7466, 1, 1.17%, 20, 5, 4, 11.25
1737544079, 10, 90, 7491, 7472, 1, 1.17%, 20, 5, 4, 11.31
1737544084, 10, 90, 7497, 7478, 1, 1.17%, 20, 5, 4, 10.91
1737544089, 10, 90, 7504, 7485, 1, 1.17%, 20, 5, 4, 12.70
1737544095, 10, 90, 7512, 7493, 1, 1.17%, 20, 5, 4, 13.12
1737544100, 10, 90, 7519, 7500, 1, 1.17%, 20, 5, 4, 13.39
1737544105, 10, 90, 7526, 7507, 1, 1.17%, 20, 5, 4, 13.67
1737544110, 10, 90, 7534, 7515, 1, 1.17%, 20, 5, 4, 13.16
1737544115, 10, 90, 7541, 7522, 1, 1.17%, 20, 5, 4, 13.25
1737544120, 10, 90, 7548, 7529, 1, 1.17%, 20, 5, 4, 13.06
1737544126, 10, 90, 7555, 7536, 1, 1.17%, 20, 5, 4, 12.84
1737544131, 10, 90, 7561, 7542, 1, 1.17%, 20, 5, 4, 11.95
1737544136, 10, 90, 7569, 7550, 1, 1.17%, 20, 5, 4, 12.34
1737544141, 10, 90, 7576, 7557, 1, 1.17%, 20, 5, 4, 12.64
1737544146, 10, 90, 7583, 7564, 1, 1.17%, 20, 5, 4, 13.48
1737544151, 10, 90, 7589, 7570, 1, 1.17%, 20, 5, 4, 11.58
1737544156, 10, 90, 7596, 7577, 1, 1.17%, 20, 5, 4, 11.37
1737544162, 10, 90, 7602, 7583, 1, 1.17%, 20, 5, 4, 10.69
1737544167, 10, 90, 7609, 7590, 1, 1.17%, 20, 5, 4, 12.26
1737544172, 10, 90, 7615, 7596, 1, 1.17%, 20, 5, 4, 11.31
1737544177, 10, 90, 7621, 7602, 1, 1.17%, 20, 5, 4, 11.14
1737544182, 10, 90, 7628, 7609, 1, 1.17%, 20, 5, 4, 12.56
1737544187, 10, 90, 7635, 7616, 1, 1.17%, 20, 5, 4, 12.45
1737544192, 10, 90, 7641, 7622, 1, 1.17%, 20, 5, 4, 10.74
1737544197, 10, 90, 7648, 7629, 1, 1.17%, 20, 5, 4, 12.80
1737544202, 10, 90, 7654, 7635, 1, 1.17%, 20, 5, 4, 10.97
1737544208, 10, 90, 7660, 7641, 1, 1.17%, 20, 5, 4, 10.42
1737544213, 10, 90, 7667, 7648, 1, 1.17%, 20, 5, 4, 11.93
1737544218, 10, 90, 7670, 7651, 1, 1.17%, 20, 5, 4, 10.62
1737544223, 10, 90, 7676, 7657, 1, 1.17%, 20, 5, 4, 10.54
1737544228, 10, 90, 7681, 7662, 1, 1.17%, 20, 5, 4, 10.31
1737544233, 10, 90, 7688, 7669, 1, 1.17%, 20, 5, 4, 10.90
1737544238, 10, 90, 7695, 7676, 1, 1.17%, 20, 5, 4, 11.02
1737544244, 10, 90, 7701, 7682, 1, 1.17%, 20, 5, 4, 11.02
1737544249, 10, 90, 7708, 7689, 1, 1.17%, 20, 5, 4, 11.51
1737544254, 10, 90, 7714, 7695, 1, 1.17%, 20, 5, 4, 12.27
1737544259, 10, 90, 7721, 7702, 1, 1.17%, 20, 5, 4, 11.54
1737544264, 10, 90, 7728, 7709, 1, 1.17%, 20, 5, 4, 11.79
1737544269, 10, 90, 7735, 7716, 1, 1.17%, 20, 5, 4, 12.43
1737544274, 10, 90, 7741, 7722, 1, 1.17%, 20, 5, 4, 10.79
1737544280, 10, 90, 7747, 7728, 1, 1.17%, 20, 5, 4, 10.47
1737544285, 10, 90, 7754, 7735, 1, 1.17%, 20, 5, 4, 12.14
1737544290, 10, 90, 7761, 7742, 1, 1.17%, 20, 5, 4, 11.81
1737544295, 10, 90, 7768, 7749, 1, 1.17%, 20, 5, 4, 12.38
1737544300, 10, 90, 7774, 7755, 1, 1.17%, 20, 5, 4, 12.63
1737544305, 10, 90, 7780, 7761, 1, 1.17%, 20, 5, 4, 11.33
1737544310, 10, 90, 7788, 7769, 1, 1.17%, 20, 5, 4, 13.82
1737544316, 10, 90, 7795, 7776, 1, 1.17%, 20, 5, 4, 13.27
1737544321, 10, 90, 7802, 7783, 1, 1.17%, 20, 5, 4, 12.52
1737544326, 10, 90, 7807, 7788, 1, 1.17%, 20, 5, 4, 10.32
1737544331, 10, 90, 7813, 7794, 1, 1.17%, 20, 5, 4, 11.29
1737544336, 10, 90, 7820, 7801, 1, 1.17%, 20, 5, 4, 12.74
1737544341, 10, 90, 7828, 7809, 1, 1.17%, 20, 5, 4, 14.04
1737544346, 10, 90, 7836, 7817, 1, 1.17%, 20, 5, 4, 14.56
1737544352, 10, 90, 7844, 7825, 1, 1.17%, 20, 5, 4, 12.86
1737544357, 10, 90, 7850, 7831, 1, 1.17%, 20, 5, 4, 11.89
1737544362, 10, 90, 7859, 7840, 1, 1.17%, 20, 5, 4, 13.93
1737544367, 10, 90, 7866, 7847, 1, 1.17%, 20, 5, 4, 14.37
1737544372, 10, 90, 7872, 7853, 1, 1.17%, 20, 5, 4, 11.61
1737544377, 10, 90, 7879, 7860, 1, 1.17%, 20, 5, 4, 11.92
1737544382, 10, 90, 7886, 7867, 1, 1.17%, 20, 5, 4, 12.17
1737544388, 10, 90, 7892, 7873, 1, 1.17%, 20, 5, 4, 11.98
1737544393, 10, 90, 7899, 7880, 1, 1.17%, 20, 5, 4, 11.78
1737544398, 10, 90, 7906, 7887, 1, 1.17%, 20, 5, 4, 13.54
1737544403, 10, 90, 7912, 7893, 1, 1.17%, 20, 5, 4, 12.74
1737544408, 10, 90, 7918, 7899, 1, 1.17%, 20, 5, 4, 10.94
1737544413, 10, 90, 7925, 7906, 1, 1.17%, 20, 5, 4, 12.70
1737544418, 10, 90, 7932, 7913, 1, 1.17%, 20, 5, 4, 11.96
1737544423, 10, 90, 7939, 7920, 1, 1.17%, 20, 5, 4, 13.01
1737544428, 10, 90, 7947, 7928, 1, 1.17%, 20, 5, 4, 13.47
1737544433, 10, 90, 7953, 7934, 1, 1.17%, 20, 5, 4, 12.97
1737544438, 10, 90, 7961, 7942, 1, 1.17%, 20, 5, 4, 12.97
1737544444, 10, 90, 7967, 7948, 1, 1.17%, 20, 5, 4, 11.61
1737544449, 10, 90, 7975, 7956, 1, 1.17%, 20, 5, 4, 12.16
1737544454, 10, 90, 7981, 7962, 1, 1.17%, 20, 5, 4, 11.83
1737544459, 10, 90, 7987, 7968, 1, 1.17%, 20, 5, 4, 11.06
1737544464, 10, 90, 7994, 7975, 1, 1.17%, 20, 5, 4, 12.43
1737544469, 10, 90, 8001, 7982, 1, 1.17%, 20, 5, 4, 12.75
1737544474, 10, 90, 8008, 7989, 1, 1.17%, 20, 5, 4, 12.83
1737544479, 10, 90, 8016, 7997, 1, 1.17%, 20, 5, 4, 13.68
1737544484, 10, 90, 8023, 8004, 1, 1.17%, 20, 5, 4, 13.43
1737544489, 10, 90, 8029, 8010, 1, 1.17%, 20, 5, 4, 11.18
1737544494, 10, 90, 8035, 8016, 1, 1.17%, 20, 5, 4, 11.52
1737544499, 10, 90, 8042, 8023, 1, 1.17%, 20, 5, 4, 13.13
1737544504, 10, 90, 8050, 8031, 1, 1.17%, 20, 5, 4, 13.99
1737544510, 10, 90, 8057, 8038, 1, 1.17%, 20, 5, 4, 13.67
1737544515, 10, 90, 8064, 8045, 1, 1.17%, 20, 5, 4, 12.53
1737544520, 10, 90, 8071, 8052, 1, 1.17%, 20, 5, 4, 12.35
1737544525, 10, 90, 8078, 8059, 1, 1.17%, 20, 5, 4, 12.20
1737544530, 10, 90, 8084, 8065, 1, 1.17%, 20, 5, 4, 11.40
1737544535, 10, 90, 8093, 8074, 1, 1.17%, 20, 5, 4, 15.21
1737544540, 10, 90, 8101, 8082, 1, 1.17%, 20, 5, 4, 13.32
1737544546, 10, 90, 8107, 8088, 1, 1.17%, 20, 5, 4, 11.79
1737544551, 10, 90, 8115, 8096, 1, 1.17%, 20, 5, 4, 13.49
1737544556, 10, 90, 8122, 8103, 1, 1.17%, 20, 5, 4, 12.27
1737544561, 10, 90, 8129, 8110, 1, 1.17%, 20, 5, 4, 11.91
1737544566, 10, 90, 8136, 8117, 1, 1.17%, 20, 5, 4, 13.65
1737544571, 10, 90, 8142, 8123, 1, 1.17%, 20, 5, 4, 12.06
1737544576, 10, 90, 8149, 8130, 1, 1.17%, 20, 5, 4, 12.21
1737544581, 10, 90, 8155, 8136, 1, 1.17%, 20, 5, 4, 12.15
1737544586, 10, 90, 8162, 8143, 1, 1.17%, 20, 5, 4, 13.16
1737544591, 10, 90, 8169, 8150, 1, 1.17%, 20, 5, 4, 12.29
1737544597, 10, 90, 8175, 8156, 1, 1.17%, 20, 5, 4, 10.95
1737544602, 10, 90, 8181, 8162, 1, 1.17%, 20, 5, 4, 11.25
1737544607, 10, 90, 8188, 8169, 1, 1.17%, 20, 5, 4, 11.25
1737544612, 10, 90, 8195, 8176, 1, 1.17%, 20, 5, 4, 12.07
1737544617, 10, 90, 8201, 8182, 1, 1.17%, 20, 5, 4, 11.63
1737544622, 10, 90, 8209, 8190, 1, 1.17%, 20, 5, 4, 12.92
1737544628, 10, 90, 8217, 8198, 1, 1.17%, 20, 5, 4, 14.93
1737544633, 10, 90, 8223, 8204, 1, 1.17%, 20, 5, 4, 11.35
1737544638, 10, 90, 8230, 8211, 1, 1.17%, 20, 5, 4, 12.67
1737544643, 10, 90, 8237, 8218, 1, 1.17%, 20, 5, 4, 12.08
1737544648, 10, 90, 8245, 8226, 1, 1.17%, 20, 5, 4, 13.70
1737544653, 10, 90, 8252, 8233, 1, 1.17%, 20, 5, 4, 13.94
1737544658, 10, 90, 8259, 8240, 1, 1.17%, 20, 5, 4, 12.42
1737544664, 10, 90, 8266, 8247, 1, 1.17%, 20, 5, 4, 12.61
1737544669, 10, 90, 8273, 8254, 1, 1.17%, 20, 5, 4, 12.46
1737544674, 10, 90, 8280, 8261, 1, 1.17%, 20, 5, 4, 14.07
1737544679, 10, 90, 8286, 8267, 1, 1.17%, 20, 5, 4, 13.22
1737544684, 10, 90, 8293, 8274, 1, 1.17%, 20, 5, 4, 13.58
1737544689, 10, 90, 8299, 8280, 1, 1.17%, 20, 5, 4, 11.31
1737544694, 10, 90, 8306, 8287, 1, 1.17%, 20, 5, 4, 11.28
1737544699, 10, 90, 8312, 8293, 1, 1.17%, 20, 5, 4, 10.96
1737544705, 10, 90, 8318, 8299, 1, 1.17%, 20, 5, 4, 10.76
1737544710, 10, 90, 8325, 8306, 1, 1.17%, 20, 5, 4, 13.62
1737544715, 10, 90, 8333, 8314, 1, 1.17%, 20, 5, 4, 13.62
1737544720, 10, 90, 8340, 8321, 1, 1.17%, 20, 5, 4, 13.18
1737544725, 10, 90, 8347, 8328, 1, 1.17%, 20, 5, 4, 13.41
1737544730, 10, 90, 8354, 8335, 1, 1.17%, 20, 5, 4, 12.07
1737544735, 10, 90, 8361, 8342, 1, 1.17%, 20, 5, 4, 13.05
1737544740, 10, 90, 8368, 8349, 1, 1.17%, 20, 5, 4, 12.16
1737544746, 10, 90, 8375, 8356, 1, 1.17%, 20, 5, 4, 12.83
1737544751, 10, 90, 8382, 8363, 1, 1.17%, 20, 5, 4, 13.28
1737544756, 10, 90, 8388, 8369, 1, 1.17%, 20, 5, 4, 12.74
1737544761, 10, 90, 8394, 8375, 1, 1.17%, 20, 5, 4, 11.72
1737544766, 10, 90, 8401, 8382, 1, 1.17%, 20, 5, 4, 12.10
1737544771, 10, 90, 8407, 8388, 1, 1.17%, 20, 5, 4, 11.32
1737544776, 10, 90, 8414, 8395, 1, 1.17%, 20, 5, 4, 13.36
1737544781, 10, 90, 8421, 8402, 1, 1.17%, 20, 5, 4, 13.79
1737544786, 10, 90, 8429, 8410, 1, 1.17%, 20, 5, 4, 13.97
1737544791, 10, 90, 8435, 8416, 1, 1.17%, 20, 5, 4, 11.87
1737544796, 10, 90, 8442, 8423, 1, 1.17%, 20, 5, 4, 12.58
1737544801, 10, 90, 8449, 8430, 1, 1.17%, 20, 5, 4, 12.50
1737544806, 10, 90, 8455, 8436, 1, 1.17%, 20, 5, 4, 11.70
1737544812, 10, 90, 8462, 8443, 1, 1.17%, 20, 5, 4, 11.47
1737544817, 10, 90, 8469, 8450, 1, 1.17%, 20, 5, 4, 13.41
1737544822, 10, 90, 8475, 8456, 1, 1.17%, 20, 5, 4, 12.94
1737544827, 10, 90, 8482, 8463, 1, 1.17%, 20, 5, 4, 13.04
1737544832, 10, 90, 8488, 8469, 1, 1.17%, 20, 5, 4, 12.21
1737544837, 10, 90, 8495, 8476, 1, 1.17%, 20, 5, 4, 14.01
1737544842, 10, 90, 8503, 8484, 1, 1.17%, 20, 5, 4, 13.49
1737544847, 10, 90, 8510, 8491, 1, 1.17%, 20, 5, 4, 14.29
1737544852, 10, 90, 8516, 8497, 1, 1.17%, 20, 5, 4, 11.26
1737544857, 10, 90, 8523, 8504, 1, 1.17%, 20, 5, 4, 12.31
1737544863, 10, 90, 8530, 8511, 1, 1.17%, 20, 5, 4, 12.63
1737544868, 10, 90, 8537, 8518, 1, 1.17%, 20, 5, 4, 11.44
1737544873, 10, 90, 8543, 8524, 1, 1.17%, 20, 5, 4, 11.47
1737544878, 10, 90, 8549, 8530, 1, 1.17%, 20, 5, 4, 12.30
1737544883, 10, 90, 8556, 8537, 1, 1.17%, 20, 5, 4, 13.65
1737544888, 10, 259, 8559, 8539, 1, 1.17%, 21, 5, 4, 12.17
1737544893, 10, 259, 8560, 8540, 1, 1.18%, 22, 5, 4, 11.38
1737544899, 10, 259, 8561, 8541, 1, 1.18%, 22, 5, 4, 10.93
1737544924, 11, 182, 8561, 8540, 0, 1.18%, 22, 5, 4, 10.68
1737544955, 12, 50, 8561, 8539, 4294967295, 1.18%, 22, 5, 4, 12.53
1737544975, 12, 265, 8562, 8540, 4294967295, 1.18%, 22, 5, 4, 12.19
1737545022, 12, 7019, 8562, 8539, 0, 1.18%, 22, 5, 4, 10.16
1737545073, 13, 185, 8562, 8538, 0, 1.18%, 22, 5, 4, 11.05
1737545078, 13, 185, 8563, 8539, 0, 1.20%, 22, 5, 4, 10.90
1737545114, 14, 172, 8563, 8538, 1, 1.20%, 22, 5, 4, 10.22
1737545124, 14, 172, 8564, 8539, 1, 1.21%, 22, 5, 4, 10.72
1737545149, 14, 253, 8565, 8539, 1, 1.21%, 22, 5, 4, 10.42
1737545154, 14, 253, 8570, 8544, 1, 1.21%, 22, 5, 4, 10.39
1737545160, 14, 253, 8576, 8550, 1, 1.21%, 22, 5, 4, 10.07
1737545165, 14, 253, 8581, 8555, 1, 1.21%, 22, 5, 4, 9.96
1737545170, 14, 253, 8587, 8561, 1, 1.21%, 22, 5, 4, 9.97
1737545175, 14, 253, 8592, 8566, 1, 1.21%, 22, 5, 4, 9.99
1737545180, 14, 253, 8598, 8572, 1, 1.21%, 22, 5, 4, 9.99
1737545185, 14, 253, 8603, 8577, 1, 1.21%, 22, 5, 4, 9.98
1737545190, 14, 253, 8608, 8582, 1, 1.21%, 22, 5, 4, 9.98
1737545195, 14, 253, 8614, 8588, 1, 1.21%, 22, 5, 4, 9.99
1737545201, 14, 253, 8619, 8593, 1, 1.21%, 22, 5, 4, 9.98
1737545206, 14, 253, 8625, 8599, 1, 1.21%, 22, 5, 4, 9.99
1737545211, 14, 253, 8630, 8604, 1, 1.21%, 22, 5, 4, 9.98
1737545216, 14, 253, 8635, 8609, 1, 1.21%, 22, 5, 4, 9.99
1737545221, 14, 253, 8641, 8615, 1, 1.21%, 22, 5, 4, 10.19
1737545226, 14, 253, 8646, 8620, 1, 1.21%, 22, 5, 4, 10.07
1737545231, 14, 253, 8651, 8625, 1, 1.21%, 22, 5, 4, 10.00
1737545236, 14, 253, 8657, 8631, 1, 1.21%, 22, 5, 4, 9.97
1737545241, 14, 253, 8662, 8636, 1, 1.21%, 22, 5, 4, 9.98
1737545246, 14, 253, 8668, 8642, 1, 1.21%, 22, 5, 4, 10.13
1737545252, 14, 253, 8673, 8647, 1, 1.21%, 22, 5, 4, 10.00
1737545257, 14, 253, 8678, 8652, 1, 1.21%, 22, 5, 4, 9.99
1737545262, 14, 253, 8683, 8657, 1, 1.21%, 22, 5, 4, 10.07
1737545267, 14, 253, 8689, 8663, 1, 1.21%, 22, 5, 4, 10.23
1737545272, 14, 253, 8694, 8668, 1, 1.21%, 22, 5, 4, 10.04
1737545277, 14, 253, 8696, 8670, 1, 1.21%, 22, 5, 4, 10.03
1737545282, 14, 253, 8702, 8676, 1, 1.21%, 22, 5, 4, 10.00
1737545287, 14, 253, 8706, 8680, 1, 1.21%, 22, 5, 4, 9.97
1737545292, 14, 253, 8712, 8686, 1, 1.21%, 22, 5, 4, 9.99
1737545298, 14, 253, 8717, 8691, 1, 1.21%, 22, 5, 4, 9.99
1737545303, 14, 253, 8723, 8697, 1, 1.21%, 22, 5, 4, 10.00
1737545308, 14, 253, 8728, 8702, 1, 1.21%, 22, 5, 4, 9.99
1737545313, 14, 253, 8733, 8707, 1, 1.21%, 22, 5, 4, 9.98
1737545318, 14, 253, 8739, 8713, 1, 1.21%, 22, 5, 4, 9.98
1737545323, 14, 253, 8744, 8718, 1, 1.21%, 22, 5, 4, 10.40
1737545328, 14, 253, 8749, 8723, 1, 1.21%, 22, 5, 4, 10.08
1737545334, 14, 253, 8755, 8729, 1, 1.21%, 22, 5, 4, 10.02
1737545339, 14, 253, 8761, 8735, 1, 1.21%, 22, 5, 4, 10.32
1737545344, 14, 253, 8767, 8741, 1, 1.21%, 22, 5, 4, 10.25
1737545349, 14, 253, 8773, 8747, 1, 1.21%, 22, 5, 4, 10.05
1737545354, 14, 253, 8778, 8752, 1, 1.21%, 22, 5, 4, 10.00
1737545359, 14, 253, 8783, 8757, 1, 1.21%, 22, 5, 4, 9.99
1737545364, 14, 253, 8788, 8762, 1, 1.21%, 22, 5, 4, 9.98
1737545369, 14, 253, 8794, 8768, 1, 1.21%, 22, 5, 4, 10.23
1737545375, 14, 253, 8800, 8774, 1, 1.21%, 22, 5, 4, 10.05
1737545380, 14, 253, 8805, 8779, 1, 1.21%, 22, 5, 4, 10.04
1737545385, 14, 253, 8811, 8785, 1, 1.21%, 22, 5, 4, 10.00
1737545390, 14, 253, 8816, 8790, 1, 1.21%, 22, 5, 4, 9.97
1737545395, 14, 253, 8822, 8796, 1, 1.21%, 22, 5, 4, 10.10
1737545400, 14, 253, 8827, 8801, 1, 1.21%, 22, 5, 4, 10.05
1737545405, 14, 253, 8832, 8806, 1, 1.21%, 22, 5, 4, 9.99
1737545410, 14, 253, 8838, 8812, 1, 1.21%, 22, 5, 4, 10.20
1737545415, 14, 253, 8843, 8817, 1, 1.21%, 22, 5, 4, 10.09
1737545421, 14, 253, 8849, 8823, 1, 1.21%, 22, 5, 4, 10.09
1737545426, 14, 253, 8854, 8828, 1, 1.21%, 22, 5, 4, 10.13
1737545431, 14, 253, 8860, 8834, 1, 1.21%, 22, 5, 4, 10.03
1737545436, 14, 253, 8865, 8839, 1, 1.21%, 22, 5, 4, 10.01
1737545441, 14, 253, 8871, 8845, 1, 1.21%, 22, 5, 4, 9.99
1737545446, 14, 253, 8876, 8850, 1, 1.21%, 22, 5, 4, 9.98
1737545451, 14, 253, 8882, 8856, 1, 1.21%, 22, 5, 4, 9.99
1737545456, 14, 253, 8887, 8861, 1, 1.21%, 22, 5, 4, 9.98
1737545462, 14, 253, 8893, 8867, 1, 1.21%, 22, 5, 4, 9.98
1737545467, 14, 253, 8898, 8872, 1, 1.21%, 22, 5, 4, 10.01
1737545472, 14, 253, 8904, 8878, 1, 1.21%, 22, 5, 4, 9.98
1737545477, 14, 253, 8909, 8883, 1, 1.21%, 22, 5, 4, 9.97
1737545482, 14, 253, 8914, 8888, 1, 1.21%, 22, 5, 4, 9.99
1737545487, 14, 253, 8920, 8894, 1, 1.21%, 22, 5, 4, 9.99
1737545492, 14, 253, 8925, 8899, 1, 1.21%, 22, 5, 4, 9.98
1737545497, 14, 253, 8930, 8904, 1, 1.21%, 22, 5, 4, 9.97
1737545502, 14, 253, 8936, 8910, 1, 1.21%, 22, 5, 4, 9.99
1737545507, 14, 253, 8940, 8914, 1, 1.21%, 22, 5, 4, 9.94
1737545512, 14, 253, 8946, 8920, 1, 1.21%, 22, 5, 4, 9.98
1737545518, 14, 253, 8952, 8926, 1, 1.21%, 22, 5, 4, 10.17
1737545523, 14, 253, 8958, 8932, 1, 1.21%, 22, 5, 4, 10.03
1737545528, 14, 253, 8963, 8937, 1, 1.21%, 22, 5, 4, 10.19
1737545533, 14, 253, 8968, 8942, 1, 1.21%, 22, 5, 4, 10.04
1737545538, 14, 253, 8973, 8947, 1, 1.21%, 22, 5, 4, 9.99
1737545543, 14, 253, 8979, 8953, 1, 1.21%, 22, 5, 4, 9.99
1737545548, 14, 253, 8984, 8958, 1, 1.21%, 22, 5, 4, 9.97
1737545553, 14, 253, 8989, 8963, 1, 1.21%, 22, 5, 4, 9.98
1737545558, 14, 253, 8995, 8969, 1, 1.21%, 22, 5, 4, 10.13
1737545563, 14, 253, 9000, 8974, 1, 1.21%, 22, 5, 4, 10.02
1737545568, 14, 253, 9006, 8980, 1, 1.21%, 22, 5, 4, 10.18
1737545574, 14, 253, 9011, 8985, 1, 1.21%, 22, 5, 4, 10.03
1737545579, 14, 253, 9017, 8991, 1, 1.21%, 22, 5, 4, 10.20
1737545584, 14, 253, 9022, 8996, 1, 1.21%, 22, 5, 4, 10.00
1737545589, 14, 253, 9027, 9001, 1, 1.21%, 22, 5, 4, 9.97
1737545594, 14, 253, 9032, 9006, 1, 1.21%, 22, 5, 4, 10.07
1737545599, 14, 253, 9038, 9012, 1, 1.21%, 22, 5, 4, 10.16
1737545604, 14, 253, 9044, 9018, 1, 1.21%, 22, 5, 4, 10.37
1737545609, 14, 253, 9049, 9023, 1, 1.21%, 22, 5, 4, 10.07
1737545614, 14, 253, 9055, 9029, 1, 1.21%, 22, 5, 4, 10.00
1737545619, 14, 253, 9060, 9034, 1, 1.21%, 22, 5, 4, 9.98
1737545625, 14, 253, 9065, 9039, 1, 1.21%, 22, 5, 4, 9.98
1737545630, 14, 253, 9070, 9044, 1, 1.21%, 22, 5, 4, 9.96
1737545635, 14, 253, 9075, 9049, 1, 1.21%, 22, 5, 4, 9.97
1737545640, 14, 253, 9080, 9054, 1, 1.21%, 22, 5, 4, 9.97
1737545645, 14, 253, 9086, 9060, 1, 1.21%, 22, 5, 4, 10.01
1737545650, 14, 253, 9091, 9065, 1, 1.21%, 22, 5, 4, 9.98
1737545655, 14, 253, 9097, 9071, 1, 1.21%, 22, 5, 4, 10.21
1737545660, 14, 253, 9102, 9076, 1, 1.21%, 22, 5, 4, 10.35
1737545665, 14, 253, 9108, 9082, 1, 1.21%, 22, 5, 4, 10.12
1737545671, 14, 253, 9114, 9088, 1, 1.21%, 22, 5, 4, 11.51
1737545676, 14, 253, 9118, 9092, 1, 1.21%, 22, 5, 4, 10.42
1737545681, 14, 253, 9123, 9097, 1, 1.21%, 22, 5, 4, 10.07
1737545686, 14, 253, 9128, 9102, 1, 1.21%, 22, 5, 4, 9.99
1737545691, 14, 253, 9133, 9107, 1, 1.21%, 22, 5, 4, 10.04
1737545696, 14, 253, 9137, 9111, 1, 1.21%, 22, 5, 4, 9.97
1737545701, 14, 253, 9142, 9116, 1, 1.21%, 22, 5, 4, 10.21
1737545706, 14, 253, 9147, 9121, 1, 1.21%, 22, 5, 4, 9.99
1737545711, 14, 253, 9152, 9126, 1, 1.21%, 22, 5, 4, 10.21
1737545717, 14, 253, 9158, 9132, 1, 1.21%, 22, 5, 4, 10.22
1737545722, 14, 253, 9163, 9137, 1, 1.21%, 22, 5, 4, 10.31
1737545727, 14, 253, 9168, 9142, 1, 1.21%, 22, 5, 4, 10.26
1737545732, 14, 253, 9173, 9147, 1, 1.21%, 22, 5, 4, 10.27
1737545737, 14, 253, 9178, 9152, 1, 1.21%, 22, 5, 4, 10.22
1737545742, 14, 253, 9183, 9157, 1, 1.21%, 22, 5, 4, 10.20
1737545747, 14, 253, 9188, 9162, 1, 1.21%, 22, 5, 4, 10.03
1737545752, 14, 253, 9193, 9167, 1, 1.21%, 22, 5, 4, 9.99
1737545757, 14, 253, 9197, 9171, 1, 1.21%, 22, 5, 4, 10.22
1737545762, 14, 253, 9202, 9176, 1, 1.21%, 22, 5, 4, 10.05
1737545768, 14, 253, 9207, 9181, 1, 1.21%, 22, 5, 4, 9.98
1737545773, 14, 253, 9212, 9186, 1, 1.21%, 22, 5, 4, 9.99
1737545778, 14, 253, 9218, 9192, 1, 1.21%, 22, 5, 4, 11.06
1737545783, 14, 253, 9223, 9197, 1, 1.21%, 22, 5, 4, 10.23
1737545788, 14, 253, 9227, 9201, 1, 1.21%, 22, 5, 4, 10.02
1737545793, 14, 253, 9232, 9206, 1, 1.21%, 22, 5, 4, 9.99
1737545798, 14, 253, 9237, 9211, 1, 1.21%, 22, 5, 4, 9.98
1737545803, 14, 253, 9242, 9216, 1, 1.21%, 22, 5, 4, 10.05
1737545808, 14, 253, 9247, 9221, 1, 1.21%, 22, 5, 4, 10.15
1737545813, 14, 253, 9252, 9226, 1, 1.21%, 22, 5, 4, 10.06
1737545818, 14, 253, 9257, 9231, 1, 1.21%, 22, 5, 4, 10.28
1737545823, 14, 253, 9261, 9235, 1, 1.21%, 22, 5, 4, 10.01
1737545828, 14, 253, 9266, 9240, 1, 1.21%, 22, 5, 4, 9.98
1737545834, 14, 253, 9272, 9246, 1, 1.21%, 22, 5, 4, 9.99
1737545839, 14, 253, 9278, 9252, 1, 1.21%, 22, 5, 4, 10.17
1737545844, 14, 253, 9283, 9257, 1, 1.21%, 22, 5, 4, 10.02
1737545849, 14, 253, 9287, 9261, 1, 1.21%, 22, 5, 4, 9.95
1737545854, 14, 253, 9293, 9267, 1, 1.21%, 22, 5, 4, 10.12
1737545859, 14, 253, 9298, 9272, 1, 1.21%, 22, 5, 4, 10.15
1737545864, 14, 253, 9303, 9277, 1, 1.21%, 22, 5, 4, 10.03
1737545869, 14, 253, 9308, 9282, 1, 1.21%, 22, 5, 4, 9.98
1737545874, 14, 253, 9313, 9287, 1, 1.21%, 22, 5, 4, 10.34
1737545879, 14, 253, 9319, 9293, 1, 1.21%, 22, 5, 4, 10.24
1737545884, 14, 253, 9324, 9298, 1, 1.21%, 22, 5, 4, 10.26
1737545890, 14, 253, 9328, 9302, 1, 1.21%, 22, 5, 4, 10.15
1737545895, 14, 253, 9333, 9307, 1, 1.21%, 22, 5, 4, 10.62
1737545900, 14, 253, 9338, 9312, 1, 1.21%, 22, 5, 4, 10.12
1737545905, 14, 253, 9343, 9317, 1, 1.21%, 22, 5, 4, 10.01
1737545910, 14, 253, 9348, 9322, 1, 1.21%, 22, 5, 4, 9.97
1737545915, 14, 253, 9354, 9328, 1, 1.21%, 22, 5, 4, 10.22
1737545920, 14, 253, 9358, 9332, 1, 1.21%, 22, 5, 4, 10.03
1737545925, 14, 253, 9363, 9337, 1, 1.21%, 22, 5, 4, 10.05
1737545930, 14, 253, 9369, 9343, 1, 1.21%, 22, 5, 4, 10.01
1737545935, 14, 253, 9374, 9348, 1, 1.21%, 22, 5, 4, 10.35
1737545941, 14, 253, 9380, 9354, 1, 1.21%, 22, 5, 4, 10.37
1737545946, 14, 253, 9384, 9358, 1, 1.21%, 22, 5, 4, 10.06
1737545951, 14, 253, 9390, 9364, 1, 1.21%, 22, 5, 4, 10.05
1737545956, 14, 253, 9395, 9369, 1, 1.21%, 22, 5, 4, 9.94
1737545961, 14, 253, 9400, 9374, 1, 1.21%, 22, 5, 4, 10.14
1737545966, 14, 253, 9404, 9378, 1, 1.21%, 22, 5, 4, 10.01
1737545971, 14, 253, 9409, 9383, 1, 1.21%, 22, 5, 4, 9.97
1737545976, 14, 253, 9414, 9388, 1, 1.21%, 22, 5, 4, 10.22
1737545982, 14, 253, 9420, 9394, 1, 1.21%, 22, 5, 4, 10.21
1737545987, 14, 253, 9425, 9399, 1, 1.21%, 22, 5, 4, 10.04
1737545992, 14, 253, 9430, 9404, 1, 1.21%, 22, 5, 4, 9.99
1737545997, 14, 253, 9435, 9409, 1, 1.21%, 22, 5, 4, 9.99
1737546002, 14, 253, 9440, 9414, 1, 1.21%, 22, 5, 4, 10.28
1737546007, 14, 253, 9445, 9419, 1, 1.21%, 22, 5, 4, 10.03
1737546012, 14, 253, 9451, 9425, 1, 1.21%, 22, 5, 4, 11.55
1737546017, 14, 253, 9457, 9431, 1, 1.21%, 22, 5, 4, 10.32
1737546027, 14, 253, 9462, 9436, 1, 1.21%, 22, 5, 4, 9.72
1737546032, 14, 253, 9468, 9442, 1, 1.21%, 22, 5, 4, 9.91
1737546038, 14, 253, 9472, 9446, 1, 1.21%, 22, 5, 4, 9.95
1737546043, 14, 253, 9478, 9452, 1, 1.21%, 22, 5, 4, 9.97
1737546048, 14, 253, 9482, 9456, 1, 1.21%, 22, 5, 4, 10.08
1737546053, 14, 253, 9487, 9461, 1, 1.21%, 22, 5, 4, 9.98
1737546058, 14, 253, 9493, 9467, 1, 1.21%, 22, 5, 4, 10.37
1737546063, 14, 253, 9498, 9472, 1, 1.21%, 22, 5, 4, 10.08
1737546068, 14, 253, 9501, 9475, 1, 1.21%, 22, 5, 4, 10.04
1737546073, 14, 253, 9504, 9478, 1, 1.21%, 22, 5, 4, 9.97
1737546078, 14, 253, 9509, 9483, 1, 1.21%, 22, 5, 4, 9.97
1737546084, 14, 253, 9514, 9488, 1, 1.21%, 22, 5, 4, 9.97
1737546089, 14, 253, 9519, 9493, 1, 1.21%, 22, 5, 4, 9.97
1737546094, 14, 253, 9525, 9499, 1, 1.21%, 22, 5, 4, 10.11
1737546099, 14, 253, 9529, 9503, 1, 1.21%, 22, 5, 4, 10.00
1737546104, 14, 253, 9534, 9508, 1, 1.21%, 22, 5, 4, 10.02
1737546109, 14, 253, 9538, 9512, 1, 1.21%, 22, 5, 4, 9.94
1737546114, 14, 253, 9543, 9517, 1, 1.21%, 22, 5, 4, 10.31
1737546119, 14, 253, 9549, 9523, 1, 1.21%, 22, 5, 4, 10.23
1737546124, 14, 253, 9554, 9528, 1, 1.21%, 22, 5, 4, 10.03
1737546129, 14, 253, 9559, 9533, 1, 1.21%, 22, 5, 4, 10.00
1737546134, 14, 253, 9564, 9538, 1, 1.21%, 22, 5, 4, 10.53
1737546139, 14, 253, 9569, 9543, 1, 1.21%, 22, 5, 4, 10.28
1737546145, 14, 253, 9574, 9548, 1, 1.21%, 22, 5, 4, 10.32
1737546150, 14, 253, 9579, 9553, 1, 1.21%, 22, 5, 4, 10.18
1737546155, 14, 253, 9584, 9558, 1, 1.21%, 22, 5, 4, 10.03
1737546160, 14, 253, 9590, 9564, 1, 1.21%, 22, 5, 4, 9.99
1737546165, 14, 253, 9595, 9569, 1, 1.21%, 22, 5, 4, 9.99
1737546170, 14, 253, 9600, 9574, 1, 1.21%, 22, 5, 4, 10.19
1737546175, 14, 253, 9605, 9579, 1, 1.21%, 22, 5, 4, 10.01
1737546180, 14, 253, 9610, 9584, 1, 1.21%, 22, 5, 4, 10.01
1737546185, 14, 253, 9616, 9590, 1, 1.21%, 22, 5, 4, 9.99
1737546191, 14, 253, 9621, 9595, 1, 1.21%, 22, 5, 4, 9.98
1737546196, 14, 253, 9625, 9599, 1, 1.21%, 22, 5, 4, 9.96
1737546201, 14, 253, 9630, 9604, 1, 1.21%, 22, 5, 4, 9.97
1737546206, 14, 253, 9634, 9608, 1, 1.21%, 22, 5, 4, 9.95
1737546211, 14, 253, 9640, 9614, 1, 1.21%, 22, 5, 4, 10.07
1737546216, 14, 253, 9646, 9620, 1, 1.21%, 22, 5, 4, 10.31
1737546221, 14, 253, 9650, 9624, 1, 1.21%, 22, 5, 4, 10.03
1737546227, 14, 253, 9655, 9629, 1, 1.21%, 22, 5, 4, 9.98
1737546232, 14, 253, 9660, 9634, 1, 1.21%, 22, 5, 4, 9.99
1737546237, 14, 253, 9665, 9639, 1, 1.21%, 22, 5, 4, 9.99
1737546242, 14, 253, 9670, 9644, 1, 1.21%, 22, 5, 4, 9.98
1737546247, 14, 253, 9676, 9650, 1, 1.21%, 22, 5, 4, 10.19
1737546252, 14, 253, 9682, 9656, 1, 1.21%, 22, 5, 4, 10.03
1737546258, 14, 253, 9687, 9661, 1, 1.21%, 22, 5, 4, 9.96
1737546263, 14, 253, 9692, 9666, 1, 1.21%, 22, 5, 4, 10.64
1737546268, 14, 253, 9698, 9672, 1, 1.21%, 22, 5, 4, 10.13
1737546273, 14, 253, 9703, 9677, 1, 1.21%, 22, 5, 4, 10.13
1737546278, 14, 253, 9708, 9682, 1, 1.21%, 22, 5, 4, 10.04
1737546283, 14, 253, 9713, 9687, 1, 1.21%, 22, 5, 4, 10.18
1737546288, 14, 253, 9718, 9692, 1, 1.21%, 22, 5, 4, 10.00
1737546293, 14, 253, 9724, 9698, 1, 1.21%, 22, 5, 4, 10.11
1737546298, 14, 253, 9729, 9703, 1, 1.21%, 22, 5, 4, 10.08
1737546304, 14, 253, 9735, 9709, 1, 1.21%, 22, 5, 4, 10.07
1737546309, 14, 253, 9740, 9714, 1, 1.21%, 22, 5, 4, 10.13
1737546314, 14, 253, 9745, 9719, 1, 1.21%, 22, 5, 4, 10.00
1737546319, 14, 253, 9750, 9724, 1, 1.21%, 22, 5, 4, 9.99
1737546324, 14, 253, 9755, 9729, 1, 1.21%, 22, 5, 4, 9.98
1737546329, 14, 253, 9759, 9733, 1, 1.21%, 22, 5, 4, 10.02
1737546335, 14, 253, 9765, 9739, 1, 1.21%, 22, 5, 4, 10.19
1737546340, 14, 253, 9770, 9744, 1, 1.21%, 22, 5, 4, 10.09
1737546345, 14, 253, 9775, 9749, 1, 1.21%, 22, 5, 4, 10.05
1737546350, 14, 253, 9779, 9753, 1, 1.21%, 22, 5, 4, 9.96
1737546355, 14, 253, 9784, 9758, 1, 1.21%, 22, 5, 4, 9.97
1737546360, 14, 253, 9789, 9763, 1, 1.21%, 22, 5, 4, 9.94
1737546365, 14, 253, 9794, 9768, 1, 1.21%, 22, 5, 4, 9.96
1737546370, 14, 253, 9799, 9773, 1, 1.21%, 22, 5, 4, 9.98
1737546375, 14, 253, 9804, 9778, 1, 1.21%, 22, 5, 4, 10.11
1737546381, 14, 253, 9810, 9784, 1, 1.21%, 22, 5, 4, 11.00
1737546386, 14, 253, 9816, 9790, 1, 1.21%, 22, 5, 4, 10.32
1737546391, 14, 253, 9821, 9795, 1, 1.21%, 22, 5, 4, 10.34
1737546396, 14, 253, 9827, 9801, 1, 1.21%, 22, 5, 4, 10.07
1737546401, 14, 253, 9832, 9806, 1, 1.21%, 22, 5, 4, 10.57
1737546406, 14, 253, 9838, 9812, 1, 1.21%, 22, 5, 4, 10.45
1737546411, 14, 253, 9844, 9818, 1, 1.21%, 22, 5, 4, 10.24
1737546416, 14, 253, 9849, 9823, 1, 1.21%, 22, 5, 4, 10.15
1737546421, 14, 253, 9855, 9829, 1, 1.21%, 22, 5, 4, 10.50
1737546427, 14, 253, 9861, 9835, 1, 1.21%, 22, 5, 4, 10.09
1737546432, 14, 253, 9866, 9840, 1, 1.21%, 22, 5, 4, 10.26
1737546437, 14, 253, 9872, 9846, 1, 1.21%, 22, 5, 4, 10.25
1737546442, 14, 253, 9878, 9852, 1, 1.21%, 22, 5, 4, 10.25
1737546447, 14, 253, 9883, 9857, 1, 1.21%, 22, 5, 4, 10.23
1737546452, 14, 253, 9889, 9863, 1, 1.21%, 22, 5, 4, 10.30
1737546457, 14, 253, 9894, 9868, 1, 1.21%, 22, 5, 4, 10.14
1737546462, 14, 253, 9900, 9874, 1, 1.21%, 22, 5, 4, 10.01
1737546468, 14, 253, 9905, 9879, 1, 1.21%, 22, 5, 4, 10.34
1737546473, 14, 253, 9911, 9885, 1, 1.21%, 22, 5, 4, 10.17
1737546478, 14, 253, 9916, 9890, 1, 1.21%, 22, 5, 4, 10.36
1737546483, 14, 253, 9922, 9896, 1, 1.21%, 22, 5, 4, 10.56
1737546488, 14, 253, 9928, 9902, 1, 1.21%, 22, 5, 4, 10.30
1737546493, 14, 253, 9933, 9907, 1, 1.21%, 22, 5, 4, 10.15
1737546498, 14, 253, 9939, 9913, 1, 1.21%, 22, 5, 4, 10.20
1737546503, 14, 253, 9945, 9919, 1, 1.21%, 22, 5, 4, 10.48
1737546508, 14, 253, 9950, 9924, 1, 1.21%, 22, 5, 4, 10.23
1737546514, 14, 253, 9956, 9930, 1, 1.21%, 22, 5, 4, 10.34
1737546519, 14, 253, 9961, 9935, 1, 1.21%, 22, 5, 4, 10.26
1737546524, 14, 253, 9967, 9941, 1, 1.21%, 22, 5, 4, 10.16
1737546529, 14, 253, 9972, 9946, 1, 1.21%, 22, 5, 4, 10.28
1737546534, 14, 253, 9977, 9951, 1, 1.21%, 22, 5, 4, 10.18
1737546539, 14, 253, 9983, 9957, 1, 1.21%, 22, 5, 4, 10.87
1737546544, 14, 253, 9988, 9962, 1, 1.21%, 22, 5, 4, 10.50
1737546550, 14, 253, 9992, 9966, 1, 1.21%, 22, 5, 4, 10.05
1737546555, 14, 253, 9997, 9971, 1, 1.21%, 22, 5, 4, 10.09
1737546560, 14, 253, 10003, 9977, 1, 1.21%, 22, 5, 4, 10.11
1737546565, 14, 253, 10008, 9982, 1, 1.21%, 22, 5, 4, 10.06
1737546570, 14, 253, 10013, 9987, 1, 1.21%, 22, 5, 4, 10.22
1737546575, 14, 253, 10018, 9992, 1, 1.21%, 22, 5, 4, 10.06
1737546580, 14, 253, 10023, 9997, 1, 1.21%, 22, 5, 4, 10.00
1737546585, 14, 253, 10027, 10001, 1, 1.21%, 22, 5, 4, 9.96
1737546590, 14, 253, 10033, 10007, 1, 1.21%, 22, 5, 4, 10.05
1737546595, 14, 253, 10037, 10011, 1, 1.21%, 22, 5, 4, 9.97
1737546600, 14, 253, 10042, 10016, 1, 1.21%, 22, 5, 4, 9.97
1737546606, 14, 253, 10046, 10020, 1, 1.21%, 22, 5, 4, 10.03
1737546611, 14, 253, 10051, 10025, 1, 1.21%, 22, 5, 4, 10.28
1737546616, 14, 253, 10057, 10031, 1, 1.21%, 22, 5, 4, 10.07
1737546621, 14, 253, 10062, 10036, 1, 1.21%, 22, 5, 4, 10.04
1737546626, 14, 253, 10067, 10041, 1, 1.21%, 22, 5, 4, 10.00
1737546631, 14, 253, 10073, 10047, 1, 1.21%, 22, 5, 4, 10.23
1737546636, 14, 253, 10077, 10051, 1, 1.21%, 22, 5, 4, 9.98
1737546641, 14, 253, 10082, 10056, 1, 1.21%, 22, 5, 4, 9.99
1737546646, 14, 253, 10087, 10061, 1, 1.21%, 22, 5, 4, 9.98
1737546651, 14, 253, 10093, 10067, 1, 1.21%, 22, 5, 4, 11.07
1737546657, 14, 253, 10098, 10072, 1, 1.21%, 22, 5, 4, 10.28
1737546662, 14, 253, 10103, 10077, 1, 1.21%, 22, 5, 4, 10.23
1737546667, 14, 253, 10109, 10083, 1, 1.21%, 22, 5, 4, 10.05
1737546672, 14, 253, 10114, 10088, 1, 1.21%, 22, 5, 4, 10.15
1737546677, 14, 253, 10119, 10093, 1, 1.21%, 22, 5, 4, 10.33
1737546682, 14, 253, 10124, 10098, 1, 1.21%, 22, 5, 4, 10.15
1737546687, 14, 253, 10129, 10103, 1, 1.21%, 22, 5, 4, 10.00
1737546692, 14, 253, 10135, 10109, 1, 1.21%, 22, 5, 4, 9.98
1737546698, 14, 253, 10140, 10114, 1, 1.21%, 22, 5, 4, 10.09
1737546703, 14, 253, 10145, 10119, 1, 1.21%, 22, 5, 4, 9.99
1737546708, 14, 253, 10150, 10124, 1, 1.21%, 22, 5, 4, 9.99
1737546713, 14, 253, 10155, 10129, 1, 1.21%, 22, 5, 4, 9.98
1737546718, 14, 253, 10159, 10133, 1, 1.21%, 22, 5, 4, 9.95
1737546723, 14, 253, 10163, 10137, 1, 1.21%, 22, 5, 4, 9.95
1737546728, 14, 253, 10169, 10143, 1, 1.21%, 22, 5, 4, 10.01
1737546733, 14, 253, 10173, 10147, 1, 1.21%, 22, 5, 4, 10.00
1737546738, 14, 253, 10178, 10152, 1, 1.21%, 22, 5, 4, 9.97
1737546743, 14, 253, 10183, 10157, 1, 1.21%, 22, 5, 4, 10.18
1737546749, 14, 253, 10188, 10162, 1, 1.21%, 22, 5, 4, 10.02
1737546754, 14, 253, 10194, 10168, 1, 1.21%, 22, 5, 4, 10.00
1737546759, 14, 253, 10198, 10172, 1, 1.21%, 22, 5, 4, 9.96
1737546764, 14, 253, 10203, 10177, 1, 1.21%, 22, 5, 4, 9.99
1737546769, 14, 253, 10209, 10183, 1, 1.21%, 22, 5, 4, 10.70
1737546774, 14, 253, 10215, 10189, 1, 1.21%, 22, 5, 4, 10.40
1737546779, 14, 253, 10220, 10194, 1, 1.21%, 22, 5, 4, 10.20
1737546784, 14, 253, 10226, 10200, 1, 1.21%, 22, 5, 4, 10.50
1737546790, 14, 253, 10231, 10205, 1, 1.21%, 22, 5, 4, 10.23
1737546795, 14, 253, 10236, 10210, 1, 1.21%, 22, 5, 4, 10.11
1737546800, 14, 253, 10242, 10216, 1, 1.21%, 22, 5, 4, 10.45
1737546805, 14, 253, 10247, 10221, 1, 1.21%, 22, 5, 4, 10.32
1737546810, 14, 253, 10252, 10226, 1, 1.21%, 22, 5, 4, 10.06
1737546815, 14, 253, 10258, 10232, 1, 1.21%, 22, 5, 4, 10.00
1737546820, 14, 253, 10263, 10237, 1, 1.21%, 22, 5, 4, 10.22
1737546826, 14, 253, 10269, 10243, 1, 1.21%, 22, 5, 4, 10.24
1737546831, 14, 253, 10274, 10248, 1, 1.21%, 22, 5, 4, 10.11
1737546836, 14, 253, 10280, 10254, 1, 1.21%, 22, 5, 4, 10.17
1737546841, 14, 253, 10285, 10259, 1, 1.21%, 22, 5, 4, 10.03
1737546846, 14, 253, 10291, 10265, 1, 1.21%, 22, 5, 4, 10.19
1737546851, 14, 253, 10297, 10271, 1, 1.21%, 22, 5, 4, 10.04
1737546856, 14, 253, 10302, 10276, 1, 1.21%, 22, 5, 4, 10.55
1737546861, 14, 253, 10308, 10282, 1, 1.21%, 22, 5, 4, 10.54
1737546867, 14, 253, 10314, 10288, 1, 1.21%, 22, 5, 4, 10.21
1737546872, 14, 253, 10319, 10293, 1, 1.21%, 22, 5, 4, 10.19
1737546877, 14, 253, 10325, 10299, 1, 1.21%, 22, 5, 4, 10.14
1737546882, 14, 253, 10331, 10305, 1, 1.21%, 22, 5, 4, 10.18
1737546887, 14, 253, 10336, 10310, 1, 1.21%, 22, 5, 4, 10.22
1737546892, 14, 253, 10342, 10316, 1, 1.21%, 22, 5, 4, 10.20
1737546898, 14, 253, 10348, 10322, 1, 1.21%, 22, 5, 4, 10.49
1737546903, 14, 253, 10353, 10327, 1, 1.21%, 22, 5, 4, 10.12
1737546908, 14, 253, 10359, 10333, 1, 1.21%, 22, 5, 4, 10.21
1737546913, 14, 253, 10364, 10338, 1, 1.21%, 22, 5, 4, 10.05
1737546918, 14, 253, 10369, 10343, 1, 1.21%, 22, 5, 4, 10.00
1737546923, 14, 253, 10374, 10348, 1, 1.21%, 22, 5, 4, 10.11
1737546928, 14, 253, 10380, 10354, 1, 1.21%, 22, 5, 4, 10.75
1737546933, 14, 253, 10385, 10359, 1, 1.21%, 22, 5, 4, 10.17
1737546938, 14, 253, 10390, 10364, 1, 1.21%, 22, 5, 4, 10.02
1737546943, 14, 253, 10396, 10370, 1, 1.21%, 22, 5, 4, 10.01
1737546949, 14, 253, 10401, 10375, 1, 1.21%, 22, 5, 4, 10.09
1737546954, 14, 253, 10406, 10380, 1, 1.21%, 22, 5, 4, 10.31
1737546959, 14, 253, 10411, 10385, 1, 1.21%, 22, 5, 4, 10.22
1737546964, 14, 253, 10416, 10390, 1, 1.21%, 22, 5, 4, 10.30
1737546969, 14, 253, 10421, 10395, 1, 1.21%, 22, 5, 4, 10.06
1737546974, 14, 253, 10426, 10400, 1, 1.21%, 22, 5, 4, 10.19
1737546979, 14, 253, 10432, 10406, 1, 1.21%, 22, 5, 4, 10.04
1737546984, 14, 253, 10437, 10411, 1, 1.21%, 22, 5, 4, 10.00
1737546989, 14, 253, 10442, 10416, 1, 1.21%, 22, 5, 4, 10.40
1737546995, 14, 253, 10447, 10421, 1, 1.21%, 22, 5, 4, 10.07
1737547000, 14, 253, 10452, 10426, 1, 1.21%, 22, 5, 4, 9.95
1737547005, 14, 253, 10457, 10431, 1, 1.21%, 22, 5, 4, 9.95
1737547010, 14, 253, 10462, 10436, 1, 1.21%, 22, 5, 4, 10.52
1737547015, 14, 253, 10468, 10442, 1, 1.21%, 22, 5, 4, 10.33
1737547020, 14, 253, 10473, 10447, 1, 1.21%, 22, 5, 4, 10.06
1737547025, 14, 253, 10478, 10452, 1, 1.21%, 22, 5, 4, 10.10
1737547030, 14, 253, 10484, 10458, 1, 1.21%, 22, 5, 4, 10.01
1737547035, 14, 253, 10489, 10463, 1, 1.21%, 22, 5, 4, 10.08
1737547040, 14, 253, 10494, 10468, 1, 1.21%, 22, 5, 4, 10.16
1737547045, 14, 253, 10500, 10474, 1, 1.21%, 22, 5, 4, 10.02
1737547050, 14, 253, 10505, 10479, 1, 1.21%, 22, 5, 4, 10.00
1737547056, 14, 253, 10511, 10485, 1, 1.21%, 22, 5, 4, 10.63
1737547061, 14, 253, 10517, 10491, 1, 1.21%, 22, 5, 4, 10.57
1737547066, 14, 253, 10522, 10496, 1, 1.21%, 22, 5, 4, 10.12
1737547071, 14, 253, 10528, 10502, 1, 1.21%, 22, 5, 4, 10.03
1737547076, 14, 253, 10533, 10507, 1, 1.21%, 22, 5, 4, 10.18
1737547081, 14, 253, 10539, 10513, 1, 1.21%, 22, 5, 4, 10.16
1737547086, 14, 253, 10544, 10518, 1, 1.21%, 22, 5, 4, 10.15
1737547091, 14, 253, 10546, 10520, 1, 1.21%, 22, 5, 4, 10.17
1737547096, 14, 253, 10551, 10525, 1, 1.21%, 22, 5, 4, 10.09
1737547102, 14, 253, 10557, 10531, 1, 1.21%, 22, 5, 4, 10.07
1737547107, 14, 253, 10563, 10537, 1, 1.21%, 22, 5, 4, 10.01
1737547112, 14, 253, 10568, 10542, 1, 1.21%, 22, 5, 4, 10.00
1737547117, 14, 253, 10574, 10548, 1, 1.21%, 22, 5, 4, 10.08
1737547122, 14, 253, 10580, 10554, 1, 1.21%, 22, 5, 4, 10.06
1737547127, 14, 253, 10585, 10559, 1, 1.21%, 22, 5, 4, 9.99
1737547132, 14, 253, 10590, 10564, 1, 1.21%, 22, 5, 4, 10.16
